,pid,Title,Brand,Price,Description,category,mfpartnumber,whatisincluded,Image,Attachment 1,Attachment 2,Attachment 3,Attachment 4,Attachment 5,Attachment 6
0,P670255,"Lawton Tube straight copper tube (18SWG) 1.1/8"" x 3mtr",Lawton Tube,36.76,"Designed for refrigeration and air conditioning use, this Lawton Tube 1 1/8"" 18SWG straight tube, supplied in a 3M length, has been cleaned, nitrogen-purged and capped. The tube is covered with a seamless plastic coating for reliable protection from abrasion and aggressive materials.","Pipe, Valves and Fittings/Refrigeration Pipe and Fittings/Refrigeration Metal Pipes/Refrigeration Metal Pipes.csv -> Lawton Tube straight copper tube (18SWG) 1.1/8"" x 3mtr",,,https://www.wolseley.co.uk/wcsstore/ExtendedSitesCatalogAssetStore/images/products/AssetPush/wol-web-proof-medium-w/std.lang.all/02/58/NW-670250_670258_wm.jpg,https://www.wolseley.co.uk/wcsstore/ExtendedSitesCatalogAssetStore/images/products/AssetPush/DTP_AssetPushHighRes/std.lang.all/20/17/Lawton_Tube_Technical_Guide_2017.pdf,https://www.wolseley.co.uk/wcsstore/ExtendedSitesCatalogAssetStore/images/products/AssetPush/DTP_AssetPushHighRes/std.lang.all/io/ns/Lawton_Tube_ACR_Instructions.pdf,https://www.wolseley.co.uk/wcsstore/ExtendedSitesCatalogAssetStore/images/products/AssetPush/DTP_AssetPushHighRes/std.lang.all/20/20/Lawton_Tube_Brochure_2020.pdf,,,
1,P670254,"Lawton Tube straight copper tube (18SWG) 7/8"" x 3m",Lawton Tube,28.38,"Designed for refrigeration and air conditioning use, this Lawton Tube 7/8"" 18SWG straight tube, supplied in a 3M length, has been cleaned, nitrogen-purged and capped. The tube is covered with a seamless plastic coating for reliable protection from abrasion and aggressive materials.","Pipe, Valves and Fittings/Refrigeration Pipe and Fittings/Refrigeration Metal Pipes/Refrigeration Metal Pipes.csv -> Lawton Tube straight copper tube (18SWG) 7/8"" x 3m",,,https://www.wolseley.co.uk/wcsstore/ExtendedSitesCatalogAssetStore/images/products/AssetPush/wol-web-proof-medium-w/std.lang.all/02/58/NW-670250_670258_wm.jpg,https://www.wolseley.co.uk/wcsstore/ExtendedSitesCatalogAssetStore/images/products/AssetPush/DTP_AssetPushHighRes/std.lang.all/20/17/Lawton_Tube_Technical_Guide_2017.pdf,https://www.wolseley.co.uk/wcsstore/ExtendedSitesCatalogAssetStore/images/products/AssetPush/DTP_AssetPushHighRes/std.lang.all/io/ns/Lawton_Tube_ACR_Instructions.pdf,https://www.wolseley.co.uk/wcsstore/ExtendedSitesCatalogAssetStore/images/products/AssetPush/DTP_AssetPushHighRes/std.lang.all/20/20/Lawton_Tube_Brochure_2020.pdf,,,
2,P670238,"Lawton Tube copper tube coil (21SWG) 1/2"" x 15m",Lawton Tube,54.59,"Designed for refrigeration and air conditioning use, this Lawton Tube 1/2"" 21SWG coiled tube, supplied in a 15M length, has been cleaned, nitrogen-purged and capped. The tube is covered with a seamless plastic coating for reliable protection from abrasion and aggressive materials.","Pipe, Valves and Fittings/Refrigeration Pipe and Fittings/Refrigeration Metal Pipes/Refrigeration Metal Pipes.csv -> Lawton Tube copper tube coil (21SWG) 1/2"" x 15m",,,https://www.wolseley.co.uk/wcsstore/ExtendedSitesCatalogAssetStore/images/products/AssetPush/wol-web-proof-medium-w/std.lang.all/02/44/NW-670234_670244_wm.jpg,https://www.wolseley.co.uk/wcsstore/ExtendedSitesCatalogAssetStore/images/products/AssetPush/DTP_AssetPushHighRes/std.lang.all/20/17/Lawton_Tube_Technical_Guide_2017.pdf,https://www.wolseley.co.uk/wcsstore/ExtendedSitesCatalogAssetStore/images/products/AssetPush/DTP_AssetPushHighRes/std.lang.all/he/et/Lawton_Tube_ACR_WP_Datasheet.pdf,https://www.wolseley.co.uk/wcsstore/ExtendedSitesCatalogAssetStore/images/products/AssetPush/DTP_AssetPushHighRes/std.lang.all/20/20/Lawton_Tube_Brochure_2020.pdf,https://www.wolseley.co.uk/wcsstore/ExtendedSitesCatalogAssetStore/images/products/AssetPush/DTP_AssetPushHighRes/std.lang.all/io/ns/Lawton_Tube_ACR_Instructions.pdf,https://www.wolseley.co.uk/wcsstore/ExtendedSitesCatalogAssetStore/images/products/AssetPush/DTP_AssetPushHighRes/std.lang.all/he/et/Lawton_Tube_ACR_RT_Datasheet.pdf,
3,P670235,"Lawton Tube copper tube coil (22SWG) 1/4"" x 30m",Lawton Tube,45.32,"Designed for refrigeration and air conditioning use, this Lawton Tube 1/4"" 22SWG coiled tube, supplied in a 30M length, has been cleaned, nitrogen-purged and capped. The tube is covered with a seamless plastic coating for reliable protection from abrasion and aggressive materials.","Pipe, Valves and Fittings/Refrigeration Pipe and Fittings/Refrigeration Metal Pipes/Refrigeration Metal Pipes.csv -> Lawton Tube copper tube coil (22SWG) 1/4"" x 30m",,,https://www.wolseley.co.uk/wcsstore/ExtendedSitesCatalogAssetStore/images/products/AssetPush/wol-web-proof-medium-w/std.lang.all/02/44/NW-670234_670244_wm.jpg,https://www.wolseley.co.uk/wcsstore/ExtendedSitesCatalogAssetStore/images/products/AssetPush/DTP_AssetPushHighRes/std.lang.all/20/17/Lawton_Tube_Technical_Guide_2017.pdf,https://www.wolseley.co.uk/wcsstore/ExtendedSitesCatalogAssetStore/images/products/AssetPush/DTP_AssetPushHighRes/std.lang.all/he/et/Lawton_Tube_ACR_WP_Datasheet.pdf,https://www.wolseley.co.uk/wcsstore/ExtendedSitesCatalogAssetStore/images/products/AssetPush/DTP_AssetPushHighRes/std.lang.all/io/ns/Lawton_Tube_ACR_Instructions.pdf,https://www.wolseley.co.uk/wcsstore/ExtendedSitesCatalogAssetStore/images/products/AssetPush/DTP_AssetPushHighRes/std.lang.all/20/20/Lawton_Tube_Brochure_2020.pdf,https://www.wolseley.co.uk/wcsstore/ExtendedSitesCatalogAssetStore/images/products/AssetPush/DTP_AssetPushHighRes/std.lang.all/he/et/Lawton_Tube_ACR_RT_Datasheet.pdf,
4,P670257,"Lawton Tube straight copper tube (18SWG) 1.5/8"" x 3mtr",Lawton Tube,55.96,"Designed for refrigeration and air conditioning use, this Lawton Tube 1 5/8"" 18SWG straight tube, supplied in a 3M length, has been cleaned, nitrogen-purged and capped. The tube is covered with a seamless plastic coating for reliable protection from abrasion and aggressive materials.","Pipe, Valves and Fittings/Refrigeration Pipe and Fittings/Refrigeration Metal Pipes/Refrigeration Metal Pipes.csv -> Lawton Tube straight copper tube (18SWG) 1.5/8"" x 3mtr",,,https://www.wolseley.co.uk/wcsstore/ExtendedSitesCatalogAssetStore/images/products/AssetPush/wol-web-proof-medium-w/std.lang.all/02/58/NW-670250_670258_wm.jpg,https://www.wolseley.co.uk/wcsstore/ExtendedSitesCatalogAssetStore/images/products/AssetPush/DTP_AssetPushHighRes/std.lang.all/20/17/Lawton_Tube_Technical_Guide_2017.pdf,https://www.wolseley.co.uk/wcsstore/ExtendedSitesCatalogAssetStore/images/products/AssetPush/DTP_AssetPushHighRes/std.lang.all/20/20/Lawton_Tube_Brochure_2020.pdf,https://www.wolseley.co.uk/wcsstore/ExtendedSitesCatalogAssetStore/images/products/AssetPush/DTP_AssetPushHighRes/std.lang.all/io/ns/Lawton_Tube_ACR_Instructions.pdf,,,
5,P670256,"Lawton Tube straight copper tube (18SWG) 1.3/8"" x 3mtr",Lawton Tube,45.09,"Designed for refrigeration and air conditioning use, this Lawton Tube 1 3/8"" 18SWG straight tube, supplied in a 3M length, has been cleaned, nitrogen-purged and capped. The tube is covered with a seamless plastic coating for reliable protection from abrasion and aggressive materials.","Pipe, Valves and Fittings/Refrigeration Pipe and Fittings/Refrigeration Metal Pipes/Refrigeration Metal Pipes.csv -> Lawton Tube straight copper tube (18SWG) 1.3/8"" x 3mtr",,,https://www.wolseley.co.uk/wcsstore/ExtendedSitesCatalogAssetStore/images/products/AssetPush/wol-web-proof-medium-w/std.lang.all/02/58/NW-670250_670258_wm.jpg,https://www.wolseley.co.uk/wcsstore/ExtendedSitesCatalogAssetStore/images/products/AssetPush/DTP_AssetPushHighRes/std.lang.all/20/17/Lawton_Tube_Technical_Guide_2017.pdf,https://www.wolseley.co.uk/wcsstore/ExtendedSitesCatalogAssetStore/images/products/AssetPush/DTP_AssetPushHighRes/std.lang.all/io/ns/Lawton_Tube_ACR_Instructions.pdf,https://www.wolseley.co.uk/wcsstore/ExtendedSitesCatalogAssetStore/images/products/AssetPush/DTP_AssetPushHighRes/std.lang.all/20/20/Lawton_Tube_Brochure_2020.pdf,,,
6,P670236,"Lawton Tube copper tube coil (21SWG) 3/8"" x 15m",Lawton Tube,39.97,"Designed for refrigeration and air conditioning use, this Lawton Tube 3/8"" 21SWG coiled tube, supplied in a 15M length, has been cleaned, nitrogen-purged and capped. The tube is covered with a seamless plastic coating for reliable protection from abrasion and aggressive materials.","Pipe, Valves and Fittings/Refrigeration Pipe and Fittings/Refrigeration Metal Pipes/Refrigeration Metal Pipes.csv -> Lawton Tube copper tube coil (21SWG) 3/8"" x 15m",,,https://www.wolseley.co.uk/wcsstore/ExtendedSitesCatalogAssetStore/images/products/AssetPush/wol-web-proof-medium-w/std.lang.all/02/44/NW-670234_670244_wm.jpg,https://www.wolseley.co.uk/wcsstore/ExtendedSitesCatalogAssetStore/images/products/AssetPush/DTP_AssetPushHighRes/std.lang.all/20/17/Lawton_Tube_Technical_Guide_2017.pdf,https://www.wolseley.co.uk/wcsstore/ExtendedSitesCatalogAssetStore/images/products/AssetPush/DTP_AssetPushHighRes/std.lang.all/he/et/Lawton_Tube_ACR_WP_Datasheet.pdf,https://www.wolseley.co.uk/wcsstore/ExtendedSitesCatalogAssetStore/images/products/AssetPush/DTP_AssetPushHighRes/std.lang.all/io/ns/Lawton_Tube_ACR_Instructions.pdf,https://www.wolseley.co.uk/wcsstore/ExtendedSitesCatalogAssetStore/images/products/AssetPush/DTP_AssetPushHighRes/std.lang.all/20/20/Lawton_Tube_Brochure_2020.pdf,https://www.wolseley.co.uk/wcsstore/ExtendedSitesCatalogAssetStore/images/products/AssetPush/DTP_AssetPushHighRes/std.lang.all/he/et/Lawton_Tube_ACR_RT_Datasheet.pdf,
7,P670252,"Lawton Tube straight copper tube (20SWG) 5/8"" x 3m",Lawton Tube,15.62,"Designed for refrigeration and air conditioning use, this Lawton Tube 5/8"" 20SWG straight tube, supplied in a 3M length, has been cleaned, nitrogen-purged and capped. The tube is covered with a seamless plastic coating for reliable protection from abrasion and aggressive materials.","Pipe, Valves and Fittings/Refrigeration Pipe and Fittings/Refrigeration Metal Pipes/Refrigeration Metal Pipes.csv -> Lawton Tube straight copper tube (20SWG) 5/8"" x 3m",,,https://www.wolseley.co.uk/wcsstore/ExtendedSitesCatalogAssetStore/images/products/AssetPush/wol-web-proof-medium-w/std.lang.all/02/58/NW-670250_670258_wm.jpg,https://www.wolseley.co.uk/wcsstore/ExtendedSitesCatalogAssetStore/images/products/AssetPush/DTP_AssetPushHighRes/std.lang.all/20/17/Lawton_Tube_Technical_Guide_2017.pdf,https://www.wolseley.co.uk/wcsstore/ExtendedSitesCatalogAssetStore/images/products/AssetPush/DTP_AssetPushHighRes/std.lang.all/20/20/Lawton_Tube_Brochure_2020.pdf,https://www.wolseley.co.uk/wcsstore/ExtendedSitesCatalogAssetStore/images/products/AssetPush/DTP_AssetPushHighRes/std.lang.all/io/ns/Lawton_Tube_ACR_Instructions.pdf,,,
8,P670251,"Lawton Tube straight copper tube (20SWG) 1/2"" x 3m",Lawton Tube,12.33,"Designed for refrigeration and air conditioning use, this Lawton Tube 1/2"" 20SWG straight tube, supplied in a 3M length, has been cleaned, nitrogen-purged and capped. The tube is covered with a seamless plastic coating for reliable protection from abrasion and aggressive materials.","Pipe, Valves and Fittings/Refrigeration Pipe and Fittings/Refrigeration Metal Pipes/Refrigeration Metal Pipes.csv -> Lawton Tube straight copper tube (20SWG) 1/2"" x 3m",,,https://www.wolseley.co.uk/wcsstore/ExtendedSitesCatalogAssetStore/images/products/AssetPush/wol-web-proof-medium-w/std.lang.all/02/58/NW-670250_670258_wm.jpg,https://www.wolseley.co.uk/wcsstore/ExtendedSitesCatalogAssetStore/images/products/AssetPush/DTP_AssetPushHighRes/std.lang.all/20/17/Lawton_Tube_Technical_Guide_2017.pdf,https://www.wolseley.co.uk/wcsstore/ExtendedSitesCatalogAssetStore/images/products/AssetPush/DTP_AssetPushHighRes/std.lang.all/io/ns/Lawton_Tube_ACR_Instructions.pdf,https://www.wolseley.co.uk/wcsstore/ExtendedSitesCatalogAssetStore/images/products/AssetPush/DTP_AssetPushHighRes/std.lang.all/20/20/Lawton_Tube_Brochure_2020.pdf,,,
9,P670186,"Lawton Tube copper tube coil (21SWG) 1/2"" x 6mtr",Lawton Tube,23.92,"Designed for refrigeration and air conditioning use, this Lawton Tube 1/2"" 21SWG coiled tube, supplied in a 6M length, has been cleaned, nitrogen-purged and capped. The tube is covered with a seamless plastic coating for reliable protection from abrasion and aggressive materials.","Pipe, Valves and Fittings/Refrigeration Pipe and Fittings/Refrigeration Metal Pipes/Refrigeration Metal Pipes.csv -> Lawton Tube copper tube coil (21SWG) 1/2"" x 6mtr",,,https://www.wolseley.co.uk/wcsstore/ExtendedSitesCatalogAssetStore/images/products/AssetPush/wol-web-proof-medium-w/std.lang.all/01/87/NW-670184_670187_wm.jpg,https://www.wolseley.co.uk/wcsstore/ExtendedSitesCatalogAssetStore/images/products/AssetPush/DTP_AssetPushHighRes/std.lang.all/20/17/Lawton_Tube_Technical_Guide_2017.pdf,https://www.wolseley.co.uk/wcsstore/ExtendedSitesCatalogAssetStore/images/products/AssetPush/DTP_AssetPushHighRes/std.lang.all/he/et/Lawton_Tube_ACR_WP_Datasheet.pdf,https://www.wolseley.co.uk/wcsstore/ExtendedSitesCatalogAssetStore/images/products/AssetPush/DTP_AssetPushHighRes/std.lang.all/20/20/Lawton_Tube_Brochure_2020.pdf,https://www.wolseley.co.uk/wcsstore/ExtendedSitesCatalogAssetStore/images/products/AssetPush/DTP_AssetPushHighRes/std.lang.all/io/ns/Lawton_Tube_ACR_Instructions.pdf,https://www.wolseley.co.uk/wcsstore/ExtendedSitesCatalogAssetStore/images/products/AssetPush/DTP_AssetPushHighRes/std.lang.all/he/et/Lawton_Tube_ACR_RT_Datasheet.pdf,
10,P670237,"Lawton Tube copper tube coil (21SWG) 3/8"" x 30m",Lawton Tube,79.97,"Designed for refrigeration and air conditioning use, this Lawton Tube 3/8"" 21SWG coiled tube, supplied in a 30M length, has been cleaned, nitrogen-purged and capped. The tube is covered with a seamless plastic coating for reliable protection from abrasion and aggressive materials.","Pipe, Valves and Fittings/Refrigeration Pipe and Fittings/Refrigeration Metal Pipes/Refrigeration Metal Pipes.csv -> Lawton Tube copper tube coil (21SWG) 3/8"" x 30m",,,https://www.wolseley.co.uk/wcsstore/ExtendedSitesCatalogAssetStore/images/products/AssetPush/wol-web-proof-medium-w/std.lang.all/02/44/NW-670234_670244_wm.jpg,https://www.wolseley.co.uk/wcsstore/ExtendedSitesCatalogAssetStore/images/products/AssetPush/DTP_AssetPushHighRes/std.lang.all/20/17/Lawton_Tube_Technical_Guide_2017.pdf,https://www.wolseley.co.uk/wcsstore/ExtendedSitesCatalogAssetStore/images/products/AssetPush/DTP_AssetPushHighRes/std.lang.all/he/et/Lawton_Tube_ACR_WP_Datasheet.pdf,https://www.wolseley.co.uk/wcsstore/ExtendedSitesCatalogAssetStore/images/products/AssetPush/DTP_AssetPushHighRes/std.lang.all/io/ns/Lawton_Tube_ACR_Instructions.pdf,https://www.wolseley.co.uk/wcsstore/ExtendedSitesCatalogAssetStore/images/products/AssetPush/DTP_AssetPushHighRes/std.lang.all/20/20/Lawton_Tube_Brochure_2020.pdf,https://www.wolseley.co.uk/wcsstore/ExtendedSitesCatalogAssetStore/images/products/AssetPush/DTP_AssetPushHighRes/std.lang.all/he/et/Lawton_Tube_ACR_RT_Datasheet.pdf,
11,P670241,"Lawton Tube copper tube coil (20SWG) 5/8"" x 30m",Lawton Tube,154.55,"Designed for refrigeration and air conditioning use, this Lawton Tube 5/8"" 20SWG coiled tube, supplied in a 30M length, has been cleaned, nitrogen-purged and capped. The tube is covered with a seamless plastic coating for reliable protection from abrasion and aggressive materials.","Pipe, Valves and Fittings/Refrigeration Pipe and Fittings/Refrigeration Metal Pipes/Refrigeration Metal Pipes.csv -> Lawton Tube copper tube coil (20SWG) 5/8"" x 30m",,,https://www.wolseley.co.uk/wcsstore/ExtendedSitesCatalogAssetStore/images/products/AssetPush/wol-web-proof-medium-w/std.lang.all/02/44/NW-670234_670244_wm.jpg,https://www.wolseley.co.uk/wcsstore/ExtendedSitesCatalogAssetStore/images/products/AssetPush/DTP_AssetPushHighRes/std.lang.all/20/17/Lawton_Tube_Technical_Guide_2017.pdf,https://www.wolseley.co.uk/wcsstore/ExtendedSitesCatalogAssetStore/images/products/AssetPush/DTP_AssetPushHighRes/std.lang.all/he/et/Lawton_Tube_ACR_WP_Datasheet.pdf,https://www.wolseley.co.uk/wcsstore/ExtendedSitesCatalogAssetStore/images/products/AssetPush/DTP_AssetPushHighRes/std.lang.all/20/20/Lawton_Tube_Brochure_2020.pdf,https://www.wolseley.co.uk/wcsstore/ExtendedSitesCatalogAssetStore/images/products/AssetPush/DTP_AssetPushHighRes/std.lang.all/io/ns/Lawton_Tube_ACR_Instructions.pdf,https://www.wolseley.co.uk/wcsstore/ExtendedSitesCatalogAssetStore/images/products/AssetPush/DTP_AssetPushHighRes/std.lang.all/he/et/Lawton_Tube_ACR_RT_Datasheet.pdf,
12,P670234,"Lawton Tube copper tube coil (22SWG) 1/4"" x 15m",Lawton Tube,22.67,"Designed for refrigeration and air conditioning use, this Lawton Tube 1/4"" 22SWG coiled tube, supplied in a 15M length, has been cleaned, nitrogen-purged and capped. The tube is covered with a seamless plastic coating for reliable protection from abrasion and aggressive materials.","Pipe, Valves and Fittings/Refrigeration Pipe and Fittings/Refrigeration Metal Pipes/Refrigeration Metal Pipes.csv -> Lawton Tube copper tube coil (22SWG) 1/4"" x 15m",,,https://www.wolseley.co.uk/wcsstore/ExtendedSitesCatalogAssetStore/images/products/AssetPush/wol-web-proof-medium-w/std.lang.all/02/44/NW-670234_670244_wm.jpg,https://www.wolseley.co.uk/wcsstore/ExtendedSitesCatalogAssetStore/images/products/AssetPush/DTP_AssetPushHighRes/std.lang.all/20/17/Lawton_Tube_Technical_Guide_2017.pdf,https://www.wolseley.co.uk/wcsstore/ExtendedSitesCatalogAssetStore/images/products/AssetPush/DTP_AssetPushHighRes/std.lang.all/he/et/Lawton_Tube_ACR_WP_Datasheet.pdf,https://www.wolseley.co.uk/wcsstore/ExtendedSitesCatalogAssetStore/images/products/AssetPush/DTP_AssetPushHighRes/std.lang.all/20/20/Lawton_Tube_Brochure_2020.pdf,https://www.wolseley.co.uk/wcsstore/ExtendedSitesCatalogAssetStore/images/products/AssetPush/DTP_AssetPushHighRes/std.lang.all/io/ns/Lawton_Tube_ACR_Instructions.pdf,https://www.wolseley.co.uk/wcsstore/ExtendedSitesCatalogAssetStore/images/products/AssetPush/DTP_AssetPushHighRes/std.lang.all/he/et/Lawton_Tube_ACR_RT_Datasheet.pdf,
13,P670185,"Lawton Tube copper tube coil (21SWG) 3/8"" x 6mtr",Lawton Tube,17.52,"Designed for refrigeration and air conditioning use, this Lawton Tube 3/8"" 21SWG coiled tube, supplied in a 6M length, has been cleaned, nitrogen-purged and capped. The tube is covered with a seamless plastic coating for reliable protection from abrasion and aggressive materials.","Pipe, Valves and Fittings/Refrigeration Pipe and Fittings/Refrigeration Metal Pipes/Refrigeration Metal Pipes.csv -> Lawton Tube copper tube coil (21SWG) 3/8"" x 6mtr",,,https://www.wolseley.co.uk/wcsstore/ExtendedSitesCatalogAssetStore/images/products/AssetPush/wol-web-proof-medium-w/std.lang.all/01/87/NW-670184_670187_wm.jpg,https://www.wolseley.co.uk/wcsstore/ExtendedSitesCatalogAssetStore/images/products/AssetPush/DTP_AssetPushHighRes/std.lang.all/20/17/Lawton_Tube_Technical_Guide_2017.pdf,https://www.wolseley.co.uk/wcsstore/ExtendedSitesCatalogAssetStore/images/products/AssetPush/DTP_AssetPushHighRes/std.lang.all/he/et/Lawton_Tube_ACR_WP_Datasheet.pdf,https://www.wolseley.co.uk/wcsstore/ExtendedSitesCatalogAssetStore/images/products/AssetPush/DTP_AssetPushHighRes/std.lang.all/20/20/Lawton_Tube_Brochure_2020.pdf,https://www.wolseley.co.uk/wcsstore/ExtendedSitesCatalogAssetStore/images/products/AssetPush/DTP_AssetPushHighRes/std.lang.all/io/ns/Lawton_Tube_ACR_Instructions.pdf,https://www.wolseley.co.uk/wcsstore/ExtendedSitesCatalogAssetStore/images/products/AssetPush/DTP_AssetPushHighRes/std.lang.all/he/et/Lawton_Tube_ACR_RT_Datasheet.pdf,
14,P670184,"Lawton Tube copper tube coil (22SWG) 1/4"" x 6mtr",Lawton Tube,9.94,"Designed for refrigeration and air conditioning use, this Lawton Tube 1/4"" 22SWG coiled tube, supplied in a 6M length, has been cleaned, nitrogen-purged and capped. The tube is covered with a seamless plastic coating for reliable protection from abrasion and aggressive materials.","Pipe, Valves and Fittings/Refrigeration Pipe and Fittings/Refrigeration Metal Pipes/Refrigeration Metal Pipes.csv -> Lawton Tube copper tube coil (22SWG) 1/4"" x 6mtr",,,https://www.wolseley.co.uk/wcsstore/ExtendedSitesCatalogAssetStore/images/products/AssetPush/wol-web-proof-medium-w/std.lang.all/01/87/NW-670184_670187_wm.jpg,https://www.wolseley.co.uk/wcsstore/ExtendedSitesCatalogAssetStore/images/products/AssetPush/DTP_AssetPushHighRes/std.lang.all/20/17/Lawton_Tube_Technical_Guide_2017.pdf,https://www.wolseley.co.uk/wcsstore/ExtendedSitesCatalogAssetStore/images/products/AssetPush/DTP_AssetPushHighRes/std.lang.all/he/et/Lawton_Tube_ACR_WP_Datasheet.pdf,https://www.wolseley.co.uk/wcsstore/ExtendedSitesCatalogAssetStore/images/products/AssetPush/DTP_AssetPushHighRes/std.lang.all/20/20/Lawton_Tube_Brochure_2020.pdf,https://www.wolseley.co.uk/wcsstore/ExtendedSitesCatalogAssetStore/images/products/AssetPush/DTP_AssetPushHighRes/std.lang.all/io/ns/Lawton_Tube_ACR_Instructions.pdf,https://www.wolseley.co.uk/wcsstore/ExtendedSitesCatalogAssetStore/images/products/AssetPush/DTP_AssetPushHighRes/std.lang.all/he/et/Lawton_Tube_ACR_RT_Datasheet.pdf,
15,P670250,"Lawton Tube straight copper tube (21SWG) 3/8"" x 3m",Lawton Tube,8.16,"Designed for refrigeration and air conditioning use, this Lawton Tube 3/8"" 21SWG straight tube, supplied in a 3M length, has been cleaned, nitrogen-purged and capped. The tube is covered with a seamless plastic coating for reliable protection from abrasion and aggressive materials.","Pipe, Valves and Fittings/Refrigeration Pipe and Fittings/Refrigeration Metal Pipes/Refrigeration Metal Pipes.csv -> Lawton Tube straight copper tube (21SWG) 3/8"" x 3m",,,https://www.wolseley.co.uk/wcsstore/ExtendedSitesCatalogAssetStore/images/products/AssetPush/wol-web-proof-medium-w/std.lang.all/02/58/NW-670250_670258_wm.jpg,https://www.wolseley.co.uk/wcsstore/ExtendedSitesCatalogAssetStore/images/products/AssetPush/DTP_AssetPushHighRes/std.lang.all/20/17/Lawton_Tube_Technical_Guide_2017.pdf,https://www.wolseley.co.uk/wcsstore/ExtendedSitesCatalogAssetStore/images/products/AssetPush/DTP_AssetPushHighRes/std.lang.all/io/ns/Lawton_Tube_ACR_Instructions.pdf,https://www.wolseley.co.uk/wcsstore/ExtendedSitesCatalogAssetStore/images/products/AssetPush/DTP_AssetPushHighRes/std.lang.all/20/20/Lawton_Tube_Brochure_2020.pdf,,,
16,P670244,"Lawton Tube copper tube coil (19SWG) 7/8"" x 15m",Lawton Tube,122.35,"Designed for refrigeration and air conditioning use, this Lawton Tube 7/8"" 19SWG coiled tube, supplied in a 15M length, has been cleaned, nitrogen-purged and capped. The tube is covered with a seamless plastic coating for reliable protection from abrasion and aggressive materials.","Pipe, Valves and Fittings/Refrigeration Pipe and Fittings/Refrigeration Metal Pipes/Refrigeration Metal Pipes.csv -> Lawton Tube copper tube coil (19SWG) 7/8"" x 15m",,,https://www.wolseley.co.uk/wcsstore/ExtendedSitesCatalogAssetStore/images/products/AssetPush/wol-web-proof-medium-w/std.lang.all/02/44/NW-670234_670244_wm.jpg,https://www.wolseley.co.uk/wcsstore/ExtendedSitesCatalogAssetStore/images/products/AssetPush/DTP_AssetPushHighRes/std.lang.all/20/17/Lawton_Tube_Technical_Guide_2017.pdf,https://www.wolseley.co.uk/wcsstore/ExtendedSitesCatalogAssetStore/images/products/AssetPush/DTP_AssetPushHighRes/std.lang.all/he/et/Lawton_Tube_ACR_WP_Datasheet.pdf,https://www.wolseley.co.uk/wcsstore/ExtendedSitesCatalogAssetStore/images/products/AssetPush/DTP_AssetPushHighRes/std.lang.all/io/ns/Lawton_Tube_ACR_Instructions.pdf,https://www.wolseley.co.uk/wcsstore/ExtendedSitesCatalogAssetStore/images/products/AssetPush/DTP_AssetPushHighRes/std.lang.all/20/20/Lawton_Tube_Brochure_2020.pdf,https://www.wolseley.co.uk/wcsstore/ExtendedSitesCatalogAssetStore/images/products/AssetPush/DTP_AssetPushHighRes/std.lang.all/he/et/Lawton_Tube_ACR_RT_Datasheet.pdf,
17,P670242,"Lawton Tube copper tube coil (19SWG) 3/4"" x 15m",Lawton Tube,104.14,"Designed for refrigeration and air conditioning use, this Lawton Tube 3/4"" 19SWG coiled tube, supplied in a 15M length, has been cleaned, nitrogen-purged and capped. The tube is covered with a seamless plastic coating for reliable protection from abrasion and aggressive materials.","Pipe, Valves and Fittings/Refrigeration Pipe and Fittings/Refrigeration Metal Pipes/Refrigeration Metal Pipes.csv -> Lawton Tube copper tube coil (19SWG) 3/4"" x 15m",,,https://www.wolseley.co.uk/wcsstore/ExtendedSitesCatalogAssetStore/images/products/AssetPush/wol-web-proof-medium-w/std.lang.all/02/44/NW-670234_670244_wm.jpg,https://www.wolseley.co.uk/wcsstore/ExtendedSitesCatalogAssetStore/images/products/AssetPush/DTP_AssetPushHighRes/std.lang.all/20/17/Lawton_Tube_Technical_Guide_2017.pdf,https://www.wolseley.co.uk/wcsstore/ExtendedSitesCatalogAssetStore/images/products/AssetPush/DTP_AssetPushHighRes/std.lang.all/he/et/Lawton_Tube_ACR_WP_Datasheet.pdf,https://www.wolseley.co.uk/wcsstore/ExtendedSitesCatalogAssetStore/images/products/AssetPush/DTP_AssetPushHighRes/std.lang.all/io/ns/Lawton_Tube_ACR_Instructions.pdf,https://www.wolseley.co.uk/wcsstore/ExtendedSitesCatalogAssetStore/images/products/AssetPush/DTP_AssetPushHighRes/std.lang.all/20/20/Lawton_Tube_Brochure_2020.pdf,https://www.wolseley.co.uk/wcsstore/ExtendedSitesCatalogAssetStore/images/products/AssetPush/DTP_AssetPushHighRes/std.lang.all/he/et/Lawton_Tube_ACR_RT_Datasheet.pdf,
18,P670359,"Lawton Tube straight copper tube (19SWG) 3/4"" x 3m",Lawton Tube,20.38,"Designed for refrigeration and air conditioning use, this Lawton Tube 3/4"" 19SWG straight tube, supplied in a 3M length, has been cleaned, nitrogen-purged and capped. The tube is covered with a seamless plastic coating for reliable protection from abrasion and aggressive materials.","Pipe, Valves and Fittings/Refrigeration Pipe and Fittings/Refrigeration Metal Pipes/Refrigeration Metal Pipes.csv -> Lawton Tube straight copper tube (19SWG) 3/4"" x 3m",,,https://www.wolseley.co.uk/wcsstore/ExtendedSitesCatalogAssetStore/images/products/AssetPush/wol-web-proof-medium-w/std.lang.all/03/60/NW-670359_670360_wm.jpg,https://www.wolseley.co.uk/wcsstore/ExtendedSitesCatalogAssetStore/images/products/AssetPush/DTP_AssetPushHighRes/std.lang.all/20/17/Lawton_Tube_Technical_Guide_2017.pdf,https://www.wolseley.co.uk/wcsstore/ExtendedSitesCatalogAssetStore/images/products/AssetPush/DTP_AssetPushHighRes/std.lang.all/20/20/Lawton_Tube_Brochure_2020.pdf,https://www.wolseley.co.uk/wcsstore/ExtendedSitesCatalogAssetStore/images/products/AssetPush/DTP_AssetPushHighRes/std.lang.all/io/ns/Lawton_Tube_ACR_Instructions.pdf,,,
19,P670240,"Lawton Tube copper tube coil (20SWG) 5/8"" x 15m",Lawton Tube,77.28,"Designed for refrigeration and air conditioning use, this Lawton Tube 5/8"" 20SWG coiled tube, supplied in a 15M length, has been cleaned, nitrogen-purged and capped. The tube is covered with a seamless plastic coating for reliable protection from abrasion and aggressive materials.","Pipe, Valves and Fittings/Refrigeration Pipe and Fittings/Refrigeration Metal Pipes/Refrigeration Metal Pipes.csv -> Lawton Tube copper tube coil (20SWG) 5/8"" x 15m",,,https://www.wolseley.co.uk/wcsstore/ExtendedSitesCatalogAssetStore/images/products/AssetPush/wol-web-proof-medium-w/std.lang.all/02/44/NW-670234_670244_wm.jpg,https://www.wolseley.co.uk/wcsstore/ExtendedSitesCatalogAssetStore/images/products/AssetPush/DTP_AssetPushHighRes/std.lang.all/20/17/Lawton_Tube_Technical_Guide_2017.pdf,https://www.wolseley.co.uk/wcsstore/ExtendedSitesCatalogAssetStore/images/products/AssetPush/DTP_AssetPushHighRes/std.lang.all/he/et/Lawton_Tube_ACR_WP_Datasheet.pdf,https://www.wolseley.co.uk/wcsstore/ExtendedSitesCatalogAssetStore/images/products/AssetPush/DTP_AssetPushHighRes/std.lang.all/io/ns/Lawton_Tube_ACR_Instructions.pdf,https://www.wolseley.co.uk/wcsstore/ExtendedSitesCatalogAssetStore/images/products/AssetPush/DTP_AssetPushHighRes/std.lang.all/20/20/Lawton_Tube_Brochure_2020.pdf,https://www.wolseley.co.uk/wcsstore/ExtendedSitesCatalogAssetStore/images/products/AssetPush/DTP_AssetPushHighRes/std.lang.all/he/et/Lawton_Tube_ACR_RT_Datasheet.pdf,
20,P670239,"Lawton Tube copper tube coil (21SWG) 1/2"" x 30m",Lawton Tube,109.11,"Designed for refrigeration and air conditioning use, this Lawton Tube 1/2"" 21SWG coiled tube, supplied in a 30M length, has been cleaned, nitrogen-purged and capped. The tube is covered with a seamless plastic coating for reliable protection from abrasion and aggressive materials.","Pipe, Valves and Fittings/Refrigeration Pipe and Fittings/Refrigeration Metal Pipes/Refrigeration Metal Pipes.csv -> Lawton Tube copper tube coil (21SWG) 1/2"" x 30m",,,https://www.wolseley.co.uk/wcsstore/ExtendedSitesCatalogAssetStore/images/products/AssetPush/wol-web-proof-medium-w/std.lang.all/02/44/NW-670234_670244_wm.jpg,https://www.wolseley.co.uk/wcsstore/ExtendedSitesCatalogAssetStore/images/products/AssetPush/DTP_AssetPushHighRes/std.lang.all/20/17/Lawton_Tube_Technical_Guide_2017.pdf,https://www.wolseley.co.uk/wcsstore/ExtendedSitesCatalogAssetStore/images/products/AssetPush/DTP_AssetPushHighRes/std.lang.all/he/et/Lawton_Tube_ACR_WP_Datasheet.pdf,https://www.wolseley.co.uk/wcsstore/ExtendedSitesCatalogAssetStore/images/products/AssetPush/DTP_AssetPushHighRes/std.lang.all/20/20/Lawton_Tube_Brochure_2020.pdf,https://www.wolseley.co.uk/wcsstore/ExtendedSitesCatalogAssetStore/images/products/AssetPush/DTP_AssetPushHighRes/std.lang.all/io/ns/Lawton_Tube_ACR_Instructions.pdf,https://www.wolseley.co.uk/wcsstore/ExtendedSitesCatalogAssetStore/images/products/AssetPush/DTP_AssetPushHighRes/std.lang.all/he/et/Lawton_Tube_ACR_RT_Datasheet.pdf,
21,P670187,"Lawton Tube copper tube coil (20SWG) 5/8"" x 6mtr",Lawton Tube,33.87,"Designed for refrigeration and air conditioning use, this Lawton Tube 5/8"" 20SWG coiled tube, supplied in a 6M length, has been cleaned, nitrogen-purged and capped. The tube is covered with a seamless plastic coating for reliable protection from abrasion and aggressive materials.","Pipe, Valves and Fittings/Refrigeration Pipe and Fittings/Refrigeration Metal Pipes/Refrigeration Metal Pipes.csv -> Lawton Tube copper tube coil (20SWG) 5/8"" x 6mtr",,,https://www.wolseley.co.uk/wcsstore/ExtendedSitesCatalogAssetStore/images/products/AssetPush/wol-web-proof-medium-w/std.lang.all/01/87/NW-670184_670187_wm.jpg,https://www.wolseley.co.uk/wcsstore/ExtendedSitesCatalogAssetStore/images/products/AssetPush/DTP_AssetPushHighRes/std.lang.all/20/17/Lawton_Tube_Technical_Guide_2017.pdf,https://www.wolseley.co.uk/wcsstore/ExtendedSitesCatalogAssetStore/images/products/AssetPush/DTP_AssetPushHighRes/std.lang.all/he/et/Lawton_Tube_ACR_WP_Datasheet.pdf,https://www.wolseley.co.uk/wcsstore/ExtendedSitesCatalogAssetStore/images/products/AssetPush/DTP_AssetPushHighRes/std.lang.all/io/ns/Lawton_Tube_ACR_Instructions.pdf,https://www.wolseley.co.uk/wcsstore/ExtendedSitesCatalogAssetStore/images/products/AssetPush/DTP_AssetPushHighRes/std.lang.all/20/20/Lawton_Tube_Brochure_2020.pdf,https://www.wolseley.co.uk/wcsstore/ExtendedSitesCatalogAssetStore/images/products/AssetPush/DTP_AssetPushHighRes/std.lang.all/he/et/Lawton_Tube_ACR_RT_Datasheet.pdf,
22,P670302,"Lawton Tube straight copper tube (18SWG) 1.5/8"" x 6mtr",Lawton Tube,111.74,"Designed for refrigeration and air conditioning use, this Lawton Tube 1 5/8"" 18SWG straight tube, supplied in a 6M length, has been cleaned, nitrogen-purged and capped. The tube is covered with a seamless plastic coating for reliable protection from abrasion and aggressive materials.","Pipe, Valves and Fittings/Refrigeration Pipe and Fittings/Refrigeration Metal Pipes/Refrigeration Metal Pipes.csv -> Lawton Tube straight copper tube (18SWG) 1.5/8"" x 6mtr",,,https://www.wolseley.co.uk/wcsstore/ExtendedSitesCatalogAssetStore/images/products/AssetPush/wol-web-proof-medium-w/std.lang.all/03/04/NW-670298_670304_wm.jpg,https://www.wolseley.co.uk/wcsstore/ExtendedSitesCatalogAssetStore/images/products/AssetPush/DTP_AssetPushHighRes/std.lang.all/20/17/Lawton_Tube_Technical_Guide_2017.pdf,https://www.wolseley.co.uk/wcsstore/ExtendedSitesCatalogAssetStore/images/products/AssetPush/DTP_AssetPushHighRes/std.lang.all/io/ns/Lawton_Tube_ACR_Instructions.pdf,https://www.wolseley.co.uk/wcsstore/ExtendedSitesCatalogAssetStore/images/products/AssetPush/DTP_AssetPushHighRes/std.lang.all/20/20/Lawton_Tube_Brochure_2020.pdf,,,
23,P670301,"Lawton Tube straight copper tube (18SWG) 1.3/8"" x 6mtr",Lawton Tube,90.17,"Designed for refrigeration and air conditioning use, this Lawton Tube 1 3/8"" 18SWG straight tube, supplied in a 6M length, has been cleaned, nitrogen-purged and capped. The tube is covered with a seamless plastic coating for reliable protection from abrasion and aggressive materials.","Pipe, Valves and Fittings/Refrigeration Pipe and Fittings/Refrigeration Metal Pipes/Refrigeration Metal Pipes.csv -> Lawton Tube straight copper tube (18SWG) 1.3/8"" x 6mtr",,,https://www.wolseley.co.uk/wcsstore/ExtendedSitesCatalogAssetStore/images/products/AssetPush/wol-web-proof-medium-w/std.lang.all/03/04/NW-670298_670304_wm.jpg,https://www.wolseley.co.uk/wcsstore/ExtendedSitesCatalogAssetStore/images/products/AssetPush/DTP_AssetPushHighRes/std.lang.all/20/17/Lawton_Tube_Technical_Guide_2017.pdf,https://www.wolseley.co.uk/wcsstore/ExtendedSitesCatalogAssetStore/images/products/AssetPush/DTP_AssetPushHighRes/std.lang.all/20/20/Lawton_Tube_Brochure_2020.pdf,https://www.wolseley.co.uk/wcsstore/ExtendedSitesCatalogAssetStore/images/products/AssetPush/DTP_AssetPushHighRes/std.lang.all/io/ns/Lawton_Tube_ACR_Instructions.pdf,,,
24,P508844,Lawton Tube TX copper tube (Table-X) (EN1057) 42mm x 6mtr,Lawton Tube,20.57,"This Lawton TX 42mm tube is a reliable alternative to traditional 1.2mm thick EN 1057 tube. Supplied in a 6M length, this copper pipe saves on costs without compromising on performance.","Pipe, Valves and Fittings/Refrigeration Pipe and Fittings/Refrigeration Metal Pipes/Refrigeration Metal Pipes.csv -> Lawton Tube TX copper tube (Table-X) (EN1057) 42mm x 6mtr",,,https://www.wolseley.co.uk/wcsstore/ExtendedSitesCatalogAssetStore/images/products/AssetPush/wol-web-proof-medium-w/std.lang.all/88/48/NW-508843_508848_wm.jpg,https://www.wolseley.co.uk/wcsstore/ExtendedSitesCatalogAssetStore/images/products/AssetPush/DTP_AssetPushHighRes/std.lang.all/te/ch/Lawton_Tube_Copper_Tube_Mech_Tech.pdf,https://www.wolseley.co.uk/wcsstore/ExtendedSitesCatalogAssetStore/images/products/AssetPush/DTP_AssetPushHighRes/std.lang.all/ta/ll/Lawton_Tube_CopperTube_Install.pdf,https://www.wolseley.co.uk/wcsstore/ExtendedSitesCatalogAssetStore/images/products/AssetPush/DTP_AssetPushHighRes/std.lang.all/hu/re/Lawton_Brochure.pdf,https://www.wolseley.co.uk/wcsstore/ExtendedSitesCatalogAssetStore/images/products/AssetPush/DTP_AssetPushHighRes/std.lang.all/ic/al/Lawton_Tube_Copper_Tube_Technical.pdf,https://www.wolseley.co.uk/wcsstore/ExtendedSitesCatalogAssetStore/images/products/AssetPush/DTP_AssetPushHighRes/std.lang.all/te/ch/Lawton_Tube_Water_Capacity_Tech.pdf,https://www.wolseley.co.uk/wcsstore/ExtendedSitesCatalogAssetStore/images/products/AssetPush/DTP_AssetPushHighRes/std.lang.all/ui/de/Lawton_Technical_Guide.pdf
25,P670268,"Lawton Tube straight copper tube (16SWG) 1.3/8"" x 3mtr",Lawton Tube,61.48,"Designed for refrigeration and air conditioning use, this Lawton Tube 1 3/8"" 16SWG straight tube, supplied in a 3M length, has been cleaned, nitrogen-purged and capped. The tube is covered with a seamless plastic coating for reliable protection from abrasion and aggressive materials.","Pipe, Valves and Fittings/Refrigeration Pipe and Fittings/Refrigeration Metal Pipes/Refrigeration Metal Pipes.csv -> Lawton Tube straight copper tube (16SWG) 1.3/8"" x 3mtr",,,https://www.wolseley.co.uk/wcsstore/ExtendedSitesCatalogAssetStore/images/products/AssetPush/wol-web-proof-medium-w/std.lang.all/02/68/NW-670268_wm.jpg,https://www.wolseley.co.uk/wcsstore/ExtendedSitesCatalogAssetStore/images/products/AssetPush/DTP_AssetPushHighRes/std.lang.all/20/17/Lawton_Tube_Technical_Guide_2017.pdf,https://www.wolseley.co.uk/wcsstore/ExtendedSitesCatalogAssetStore/images/products/AssetPush/DTP_AssetPushHighRes/std.lang.all/io/ns/Lawton_Tube_ACR_Instructions.pdf,https://www.wolseley.co.uk/wcsstore/ExtendedSitesCatalogAssetStore/images/products/AssetPush/DTP_AssetPushHighRes/std.lang.all/20/20/Lawton_Tube_Brochure_2020.pdf,,,
26,P670303,"Lawton Tube straight copper tube (18SWG) 2.1/8"" x 6mtr",Lawton Tube,154.46,"Designed for refrigeration and air conditioning use, this Lawton Tube 2 1/8"" 18SWG straight tube, supplied in a 6M length, has been cleaned, nitrogen-purged and capped. The tube is covered with a seamless plastic coating for reliable protection from abrasion and aggressive materials.","Pipe, Valves and Fittings/Refrigeration Pipe and Fittings/Refrigeration Metal Pipes/Refrigeration Metal Pipes.csv -> Lawton Tube straight copper tube (18SWG) 2.1/8"" x 6mtr",,,https://www.wolseley.co.uk/wcsstore/ExtendedSitesCatalogAssetStore/images/products/AssetPush/wol-web-proof-medium-w/std.lang.all/03/04/NW-670298_670304_wm.jpg,https://www.wolseley.co.uk/wcsstore/ExtendedSitesCatalogAssetStore/images/products/AssetPush/DTP_AssetPushHighRes/std.lang.all/20/17/Lawton_Tube_Technical_Guide_2017.pdf,https://www.wolseley.co.uk/wcsstore/ExtendedSitesCatalogAssetStore/images/products/AssetPush/DTP_AssetPushHighRes/std.lang.all/io/ns/Lawton_Tube_ACR_Instructions.pdf,https://www.wolseley.co.uk/wcsstore/ExtendedSitesCatalogAssetStore/images/products/AssetPush/DTP_AssetPushHighRes/std.lang.all/20/20/Lawton_Tube_Brochure_2020.pdf,,,
27,P508845,Lawton Tube TX copper tube (Table-X) (EN1057) 54mm x 6mtr,Lawton Tube,26.95,"This Lawton TX 54mm tube is a reliable alternative to traditional 1.2mm thick EN 1057 tube. Supplied in a 6M length, this copper pipe saves on costs without compromising on performance.","Pipe, Valves and Fittings/Refrigeration Pipe and Fittings/Refrigeration Metal Pipes/Refrigeration Metal Pipes.csv -> Lawton Tube TX copper tube (Table-X) (EN1057) 54mm x 6mtr",,,https://www.wolseley.co.uk/wcsstore/ExtendedSitesCatalogAssetStore/images/products/AssetPush/wol-web-proof-medium-w/std.lang.all/88/48/NW-508843_508848_wm.jpg,https://www.wolseley.co.uk/wcsstore/ExtendedSitesCatalogAssetStore/images/products/AssetPush/DTP_AssetPushHighRes/std.lang.all/te/ch/Lawton_Tube_Copper_Tube_Mech_Tech.pdf,https://www.wolseley.co.uk/wcsstore/ExtendedSitesCatalogAssetStore/images/products/AssetPush/DTP_AssetPushHighRes/std.lang.all/ta/ll/Lawton_Tube_CopperTube_Install.pdf,https://www.wolseley.co.uk/wcsstore/ExtendedSitesCatalogAssetStore/images/products/AssetPush/DTP_AssetPushHighRes/std.lang.all/hu/re/Lawton_Brochure.pdf,https://www.wolseley.co.uk/wcsstore/ExtendedSitesCatalogAssetStore/images/products/AssetPush/DTP_AssetPushHighRes/std.lang.all/ic/al/Lawton_Tube_Copper_Tube_Technical.pdf,https://www.wolseley.co.uk/wcsstore/ExtendedSitesCatalogAssetStore/images/products/AssetPush/DTP_AssetPushHighRes/std.lang.all/te/ch/Lawton_Tube_Water_Capacity_Tech.pdf,https://www.wolseley.co.uk/wcsstore/ExtendedSitesCatalogAssetStore/images/products/AssetPush/DTP_AssetPushHighRes/std.lang.all/ui/de/Lawton_Technical_Guide.pdf
28,P508869,Lawton Tube TX copper tube (Table-X) (EN1057) 133mm x 3mtr,Lawton Tube,95.26,"This Lawton TX 133mm tube is a reliable alternative to traditional 1.2mm thick EN 1057 tube. Supplied in a 3M length, this 1.5mm thick copper pipe saves on costs without compromising on performance.","Pipe, Valves and Fittings/Refrigeration Pipe and Fittings/Refrigeration Metal Pipes/Refrigeration Metal Pipes.csv -> Lawton Tube TX copper tube (Table-X) (EN1057) 133mm x 3mtr",,,https://www.wolseley.co.uk/wcsstore/ExtendedSitesCatalogAssetStore/images/products/AssetPush/wol-web-proof-medium-w/std.lang.all/88/70/NW-508863_508870_wm.jpg,https://www.wolseley.co.uk/wcsstore/ExtendedSitesCatalogAssetStore/images/products/AssetPush/DTP_AssetPushHighRes/std.lang.all/te/ch/Lawton_Tube_Copper_Tube_Mech_Tech.pdf,https://www.wolseley.co.uk/wcsstore/ExtendedSitesCatalogAssetStore/images/products/AssetPush/DTP_AssetPushHighRes/std.lang.all/ta/ll/Lawton_Tube_CopperTube_Install.pdf,https://www.wolseley.co.uk/wcsstore/ExtendedSitesCatalogAssetStore/images/products/AssetPush/DTP_AssetPushHighRes/std.lang.all/hu/re/Lawton_Brochure.pdf,https://www.wolseley.co.uk/wcsstore/ExtendedSitesCatalogAssetStore/images/products/AssetPush/DTP_AssetPushHighRes/std.lang.all/ic/al/Lawton_Tube_Copper_Tube_Technical.pdf,https://www.wolseley.co.uk/wcsstore/ExtendedSitesCatalogAssetStore/images/products/AssetPush/DTP_AssetPushHighRes/std.lang.all/te/ch/Lawton_Tube_Water_Capacity_Tech.pdf,https://www.wolseley.co.uk/wcsstore/ExtendedSitesCatalogAssetStore/images/products/AssetPush/DTP_AssetPushHighRes/std.lang.all/ui/de/Lawton_Technical_Guide.pdf
29,P508856,Lawton Tube LiteX copper tube 42mm x 6mtr,Lawton Tube,23.76,"This Lawton LiteX 42mm tube is a reliable alternative to traditional 1.2mm thick EN 1057 tube. Supplied in a 6M length, this 1mm thick copper pipe saves on costs with no compromise on performance.","Pipe, Valves and Fittings/Refrigeration Pipe and Fittings/Refrigeration Metal Pipes/Refrigeration Metal Pipes.csv -> Lawton Tube LiteX copper tube 42mm x 6mtr",,,https://www.wolseley.co.uk/wcsstore/ExtendedSitesCatalogAssetStore/images/products/AssetPush/wol-web-proof-medium-w/std.lang.all/88/57/NW-508855_508857_wm.jpg,https://www.wolseley.co.uk/wcsstore/ExtendedSitesCatalogAssetStore/images/products/AssetPush/DTP_AssetPushHighRes/std.lang.all/hu/re/Lawton_Brochure.pdf,https://www.wolseley.co.uk/wcsstore/ExtendedSitesCatalogAssetStore/images/products/AssetPush/DTP_AssetPushHighRes/std.lang.all/ui/de/Lawton_Technical_Guide.pdf,,,,
30,P670300,"Lawton Tube straight copper tube (18SWG) 1.1/8"" x 6mtr",Lawton Tube,73.52,"Designed for refrigeration and air conditioning use, this Lawton Tube 1 1/8"" 18SWG straight tube, supplied in a 6M length, has been cleaned, nitrogen-purged and capped. The tube is covered with a seamless plastic coating for reliable protection from abrasion and aggressive materials.","Pipe, Valves and Fittings/Refrigeration Pipe and Fittings/Refrigeration Metal Pipes/Refrigeration Metal Pipes.csv -> Lawton Tube straight copper tube (18SWG) 1.1/8"" x 6mtr",,,https://www.wolseley.co.uk/wcsstore/ExtendedSitesCatalogAssetStore/images/products/AssetPush/wol-web-proof-medium-w/std.lang.all/03/04/NW-670298_670304_wm.jpg,https://www.wolseley.co.uk/wcsstore/ExtendedSitesCatalogAssetStore/images/products/AssetPush/DTP_AssetPushHighRes/std.lang.all/20/17/Lawton_Tube_Technical_Guide_2017.pdf,https://www.wolseley.co.uk/wcsstore/ExtendedSitesCatalogAssetStore/images/products/AssetPush/DTP_AssetPushHighRes/std.lang.all/20/20/Lawton_Tube_Brochure_2020.pdf,https://www.wolseley.co.uk/wcsstore/ExtendedSitesCatalogAssetStore/images/products/AssetPush/DTP_AssetPushHighRes/std.lang.all/io/ns/Lawton_Tube_ACR_Instructions.pdf,,,
31,P508855,Lawton Tube LiteX copper tube 35mm x 6mtr,Lawton Tube,19.53,"This Lawton LiteX 35mm tube is a reliable alternative to traditional 1.2mm thick EN 1057 tube. Supplied in a 6M length, this 1mm thick copper pipe saves on costs with no compromise on performance.","Pipe, Valves and Fittings/Refrigeration Pipe and Fittings/Refrigeration Metal Pipes/Refrigeration Metal Pipes.csv -> Lawton Tube LiteX copper tube 35mm x 6mtr",,,https://www.wolseley.co.uk/wcsstore/ExtendedSitesCatalogAssetStore/images/products/AssetPush/wol-web-proof-medium-w/std.lang.all/88/57/NW-508855_508857_wm.jpg,https://www.wolseley.co.uk/wcsstore/ExtendedSitesCatalogAssetStore/images/products/AssetPush/DTP_AssetPushHighRes/std.lang.all/hu/re/Lawton_Brochure.pdf,https://www.wolseley.co.uk/wcsstore/ExtendedSitesCatalogAssetStore/images/products/AssetPush/DTP_AssetPushHighRes/std.lang.all/ui/de/Lawton_Technical_Guide.pdf,,,,
32,P670298,"Lawton Tube straight copper tube (18SWG) 3/4"" x 6m",Lawton Tube,50.42,"Designed for refrigeration and air conditioning use, this Lawton Tube 3/4"" 18SWG straight tube, supplied in a 6M length, has been cleaned, nitrogen-purged and capped. The tube is covered with a seamless plastic coating for reliable protection from abrasion and aggressive materials.","Pipe, Valves and Fittings/Refrigeration Pipe and Fittings/Refrigeration Metal Pipes/Refrigeration Metal Pipes.csv -> Lawton Tube straight copper tube (18SWG) 3/4"" x 6m",,,https://www.wolseley.co.uk/wcsstore/ExtendedSitesCatalogAssetStore/images/products/AssetPush/wol-web-proof-medium-w/std.lang.all/03/04/NW-670298_670304_wm.jpg,https://www.wolseley.co.uk/wcsstore/ExtendedSitesCatalogAssetStore/images/products/AssetPush/DTP_AssetPushHighRes/std.lang.all/20/17/Lawton_Tube_Technical_Guide_2017.pdf,https://www.wolseley.co.uk/wcsstore/ExtendedSitesCatalogAssetStore/images/products/AssetPush/DTP_AssetPushHighRes/std.lang.all/20/20/Lawton_Tube_Brochure_2020.pdf,https://www.wolseley.co.uk/wcsstore/ExtendedSitesCatalogAssetStore/images/products/AssetPush/DTP_AssetPushHighRes/std.lang.all/io/ns/Lawton_Tube_ACR_Instructions.pdf,,,
33,P670286,"Lawton Tube straight copper tube (20SWG) 1/2"" x 6m",Lawton Tube,24.66,"Designed for refrigeration and air conditioning use, this Lawton Tube 1/2"" 20SWG straight tube, supplied in a 6M length, has been cleaned, nitrogen-purged and capped. The tube is covered with a seamless plastic coating for reliable protection from abrasion and aggressive materials.","Pipe, Valves and Fittings/Refrigeration Pipe and Fittings/Refrigeration Metal Pipes/Refrigeration Metal Pipes.csv -> Lawton Tube straight copper tube (20SWG) 1/2"" x 6m",,,https://www.wolseley.co.uk/wcsstore/ExtendedSitesCatalogAssetStore/images/products/AssetPush/wol-web-proof-medium-w/std.lang.all/02/87/NW-670285_670287_wm.jpg,https://www.wolseley.co.uk/wcsstore/ExtendedSitesCatalogAssetStore/images/products/AssetPush/DTP_AssetPushHighRes/std.lang.all/20/17/Lawton_Tube_Technical_Guide_2017.pdf,https://www.wolseley.co.uk/wcsstore/ExtendedSitesCatalogAssetStore/images/products/AssetPush/DTP_AssetPushHighRes/std.lang.all/io/ns/Lawton_Tube_ACR_Instructions.pdf,https://www.wolseley.co.uk/wcsstore/ExtendedSitesCatalogAssetStore/images/products/AssetPush/DTP_AssetPushHighRes/std.lang.all/20/20/Lawton_Tube_Brochure_2020.pdf,,,
34,P508847,Lawton Tube TX copper tube (Table-X) (EN1057) 76mm x 6mtr,Lawton Tube,49.37,"This Lawton TX 76mm tube is a reliable alternative to traditional 1.2mm thick EN 1057 tube. Supplied in a 6M length, this 1.5mm thick copper pipe saves on costs without compromising on performance.","Pipe, Valves and Fittings/Refrigeration Pipe and Fittings/Refrigeration Metal Pipes/Refrigeration Metal Pipes.csv -> Lawton Tube TX copper tube (Table-X) (EN1057) 76mm x 6mtr",,,https://www.wolseley.co.uk/wcsstore/ExtendedSitesCatalogAssetStore/images/products/AssetPush/wol-web-proof-medium-w/std.lang.all/88/48/NW-508843_508848_wm.jpg,https://www.wolseley.co.uk/wcsstore/ExtendedSitesCatalogAssetStore/images/products/AssetPush/DTP_AssetPushHighRes/std.lang.all/te/ch/Lawton_Tube_Copper_Tube_Mech_Tech.pdf,https://www.wolseley.co.uk/wcsstore/ExtendedSitesCatalogAssetStore/images/products/AssetPush/DTP_AssetPushHighRes/std.lang.all/ta/ll/Lawton_Tube_CopperTube_Install.pdf,https://www.wolseley.co.uk/wcsstore/ExtendedSitesCatalogAssetStore/images/products/AssetPush/DTP_AssetPushHighRes/std.lang.all/hu/re/Lawton_Brochure.pdf,https://www.wolseley.co.uk/wcsstore/ExtendedSitesCatalogAssetStore/images/products/AssetPush/DTP_AssetPushHighRes/std.lang.all/te/ch/Lawton_Tube_Water_Capacity_Tech.pdf,https://www.wolseley.co.uk/wcsstore/ExtendedSitesCatalogAssetStore/images/products/AssetPush/DTP_AssetPushHighRes/std.lang.all/ic/al/Lawton_Tube_Copper_Tube_Technical.pdf,https://www.wolseley.co.uk/wcsstore/ExtendedSitesCatalogAssetStore/images/products/AssetPush/DTP_AssetPushHighRes/std.lang.all/ui/de/Lawton_Technical_Guide.pdf
35,P600065,"Lawton Tube copper tube (K65) 7/8"" x 6m 80bar",Lawton Tube,94.31,"Made of a robust copper alloy, this Lawton Tube K65 7/8"" 80 bar copper tube, supplied in a length of 6M, is suitable for CO2 subcritical or transcritical applications.","Pipe, Valves and Fittings/Refrigeration Pipe and Fittings/Refrigeration Metal Pipes/Refrigeration Metal Pipes.csv -> Lawton Tube copper tube (K65) 7/8"" x 6m 80bar",,Copper Tube,https://www.wolseley.co.uk/wcsstore/ExtendedSitesCatalogAssetStore/images/products/AssetPush/wol-web-proof-medium-w/std.lang.all/00/62/600062_wm.jpg,https://www.wolseley.co.uk/wcsstore/ExtendedSitesCatalogAssetStore/images/products/AssetPush/DTP_AssetPushHighRes/std.lang.all/ui/de/Lawton_Technical Guide.pdf,https://www.wolseley.co.uk/wcsstore/ExtendedSitesCatalogAssetStore/images/products/AssetPush/DTP_AssetPushHighRes/std.lang.all/hu/re/Lawton_Brochure.pdf,,,,
36,P670253,"Lawton Tube straight copper tube (18SWG) 3/4"" x 3m",Lawton Tube,25.21,"Designed for refrigeration and air conditioning use, this Lawton Tube 3/4"" 18SWG straight tube, supplied in a 3M length, has been cleaned, nitrogen-purged and capped. The tube is covered with a seamless plastic coating for reliable protection from abrasion and aggressive materials.","Pipe, Valves and Fittings/Refrigeration Pipe and Fittings/Refrigeration Metal Pipes/Refrigeration Metal Pipes.csv -> Lawton Tube straight copper tube (18SWG) 3/4"" x 3m",,,https://www.wolseley.co.uk/wcsstore/ExtendedSitesCatalogAssetStore/images/products/AssetPush/wol-web-proof-medium-w/std.lang.all/02/58/NW-670250_670258_wm.jpg,https://www.wolseley.co.uk/wcsstore/ExtendedSitesCatalogAssetStore/images/products/AssetPush/DTP_AssetPushHighRes/std.lang.all/20/17/Lawton_Tube_Technical_Guide_2017.pdf,https://www.wolseley.co.uk/wcsstore/ExtendedSitesCatalogAssetStore/images/products/AssetPush/DTP_AssetPushHighRes/std.lang.all/20/20/Lawton_Tube_Brochure_2020.pdf,https://www.wolseley.co.uk/wcsstore/ExtendedSitesCatalogAssetStore/images/products/AssetPush/DTP_AssetPushHighRes/std.lang.all/io/ns/Lawton_Tube_ACR_Instructions.pdf,,,
37,P670299,"Lawton Tube straight copper tube (18SWG) 7/8"" x 6m",Lawton Tube,56.75,"Designed for refrigeration and air conditioning use, this Lawton Tube 7/8"" 18SWG straight tube, supplied in a 6M length, has been cleaned, nitrogen-purged and capped. The tube is covered with a seamless plastic coating for reliable protection from abrasion and aggressive materials.","Pipe, Valves and Fittings/Refrigeration Pipe and Fittings/Refrigeration Metal Pipes/Refrigeration Metal Pipes.csv -> Lawton Tube straight copper tube (18SWG) 7/8"" x 6m",,,https://www.wolseley.co.uk/wcsstore/ExtendedSitesCatalogAssetStore/images/products/AssetPush/wol-web-proof-medium-w/std.lang.all/03/04/NW-670298_670304_wm.jpg,https://www.wolseley.co.uk/wcsstore/ExtendedSitesCatalogAssetStore/images/products/AssetPush/DTP_AssetPushHighRes/std.lang.all/20/17/Lawton_Tube_Technical_Guide_2017.pdf,https://www.wolseley.co.uk/wcsstore/ExtendedSitesCatalogAssetStore/images/products/AssetPush/DTP_AssetPushHighRes/std.lang.all/20/20/Lawton_Tube_Brochure_2020.pdf,https://www.wolseley.co.uk/wcsstore/ExtendedSitesCatalogAssetStore/images/products/AssetPush/DTP_AssetPushHighRes/std.lang.all/io/ns/Lawton_Tube_ACR_Instructions.pdf,,,
38,P670259,"Lawton Tube straight copper tube (18SWG) 2.5/8"" x 3mtr",Lawton Tube,98.85,"Cleaned, nitrogen-purged and capped, this Lawton Tube 2 5/8"" diameter straight copper tube is suitable for use in refrigeration and air conditioning applications. The tube is covered with a seamless plastic coating, protecting against abrasion and aggressive materials.","Pipe, Valves and Fittings/Refrigeration Pipe and Fittings/Refrigeration Metal Pipes/Refrigeration Metal Pipes.csv -> Lawton Tube straight copper tube (18SWG) 2.5/8"" x 3mtr",,,https://www.wolseley.co.uk/wcsstore/ExtendedSitesCatalogAssetStore/images/products/AssetPush/wol-web-proof-medium-w/std.lang.all/02/59/NW-670259_wm.jpg,https://www.wolseley.co.uk/wcsstore/ExtendedSitesCatalogAssetStore/images/products/AssetPush/DTP_AssetPushHighRes/std.lang.all/n_/ii/LawtonTube_Prdt_Catalogue_Version_II.pdf,https://www.wolseley.co.uk/wcsstore/ExtendedSitesCatalogAssetStore/images/products/AssetPush/DTP_AssetPushHighRes/std.lang.all/ui/de/Lawton_Tube_Technical_Guide.pdf,https://www.wolseley.co.uk/wcsstore/ExtendedSitesCatalogAssetStore/images/products/AssetPush/DTP_AssetPushHighRes/std.lang.all/io/ns/Lawton_Tube_ACR_Instructions.pdf,,,
39,P508821,Lawton Tube TX degreased copper tube (Table-X) 22mm x 6mtr,Lawton Tube,13.46,"Made of copper, this Lawton 22mm tube offers proven performance as a cost-effective solution for a wide range of uses. Supplied in a 6M length, this degreased tube is 0.9mm thick.","Pipe, Valves and Fittings/Refrigeration Pipe and Fittings/Refrigeration Metal Pipes/Refrigeration Metal Pipes.csv -> Lawton Tube TX degreased copper tube (Table-X) 22mm x 6mtr",,,https://www.wolseley.co.uk/wcsstore/ExtendedSitesCatalogAssetStore/images/products/AssetPush/wol-web-proof-medium-w/std.lang.all/88/24/NW-508820_508824_wm.jpg,https://www.wolseley.co.uk/wcsstore/ExtendedSitesCatalogAssetStore/images/products/AssetPush/DTP_AssetPushHighRes/std.lang.all/hu/re/Lawton_Brochure.pdf,https://www.wolseley.co.uk/wcsstore/ExtendedSitesCatalogAssetStore/images/products/AssetPush/DTP_AssetPushHighRes/std.lang.all/ui/de/Lawton_Technical_Guide.pdf,,,,
40,P670287,"Lawton Tube straight copper tube (20SWG) 5/8"" x 6m",Lawton Tube,31.24,"Designed for refrigeration and air conditioning use, this Lawton Tube 5/8"" 20SWG straight tube, supplied in a 6M length, has been cleaned, nitrogen-purged and capped. The tube is covered with a seamless plastic coating for reliable protection from abrasion and aggressive materials.","Pipe, Valves and Fittings/Refrigeration Pipe and Fittings/Refrigeration Metal Pipes/Refrigeration Metal Pipes.csv -> Lawton Tube straight copper tube (20SWG) 5/8"" x 6m",,,https://www.wolseley.co.uk/wcsstore/ExtendedSitesCatalogAssetStore/images/products/AssetPush/wol-web-proof-medium-w/std.lang.all/02/87/NW-670285_670287_wm.jpg,https://www.wolseley.co.uk/wcsstore/ExtendedSitesCatalogAssetStore/images/products/AssetPush/DTP_AssetPushHighRes/std.lang.all/20/17/Lawton_Tube_Technical_Guide_2017.pdf,https://www.wolseley.co.uk/wcsstore/ExtendedSitesCatalogAssetStore/images/products/AssetPush/DTP_AssetPushHighRes/std.lang.all/io/ns/Lawton_Tube_ACR_Instructions.pdf,https://www.wolseley.co.uk/wcsstore/ExtendedSitesCatalogAssetStore/images/products/AssetPush/DTP_AssetPushHighRes/std.lang.all/20/20/Lawton_Tube_Brochure_2020.pdf,,,
41,P508820,Lawton Tube TX degreased copper tube (Table-X) 15mm x 6mtr,Lawton Tube,7.01,"Made of copper, this Lawton 15mm tube offers proven performance as a cost-effective solution for a wide range of uses. Supplied in a 6M length, this degreased tube is 0.7mm thick.","Pipe, Valves and Fittings/Refrigeration Pipe and Fittings/Refrigeration Metal Pipes/Refrigeration Metal Pipes.csv -> Lawton Tube TX degreased copper tube (Table-X) 15mm x 6mtr",,,https://www.wolseley.co.uk/wcsstore/ExtendedSitesCatalogAssetStore/images/products/AssetPush/wol-web-proof-medium-w/std.lang.all/88/24/NW-508820_508824_wm.jpg,https://www.wolseley.co.uk/wcsstore/ExtendedSitesCatalogAssetStore/images/products/AssetPush/DTP_AssetPushHighRes/std.lang.all/hu/re/Lawton_Brochure.pdf,https://www.wolseley.co.uk/wcsstore/ExtendedSitesCatalogAssetStore/images/products/AssetPush/DTP_AssetPushHighRes/std.lang.all/ui/de/Lawton_Technical_Guide.pdf,,,,
42,P670360,"Lawton Tube straight copper tube (19SWG) 3/4"" x 6m",Lawton Tube,40.75,"Designed for refrigeration and air conditioning use, this Lawton Tube 3/4"" 19SWG straight tube, supplied in a 6M length, has been cleaned, nitrogen-purged and capped. The tube is covered with a seamless plastic coating for reliable protection from abrasion and aggressive materials.","Pipe, Valves and Fittings/Refrigeration Pipe and Fittings/Refrigeration Metal Pipes/Refrigeration Metal Pipes.csv -> Lawton Tube straight copper tube (19SWG) 3/4"" x 6m",,,https://www.wolseley.co.uk/wcsstore/ExtendedSitesCatalogAssetStore/images/products/AssetPush/wol-web-proof-medium-w/std.lang.all/03/60/NW-670359_670360_wm.jpg,https://www.wolseley.co.uk/wcsstore/ExtendedSitesCatalogAssetStore/images/products/AssetPush/DTP_AssetPushHighRes/std.lang.all/20/17/Lawton_Tube_Technical_Guide_2017.pdf,https://www.wolseley.co.uk/wcsstore/ExtendedSitesCatalogAssetStore/images/products/AssetPush/DTP_AssetPushHighRes/std.lang.all/20/20/Lawton_Tube_Brochure_2020.pdf,https://www.wolseley.co.uk/wcsstore/ExtendedSitesCatalogAssetStore/images/products/AssetPush/DTP_AssetPushHighRes/std.lang.all/io/ns/Lawton_Tube_ACR_Instructions.pdf,,,
43,P508870,Lawton Tube TX copper tube (Table-X) (EN1057) 159mm x 6mtr,Lawton Tube,157.38,"This Lawton TX 159mm tube is a reliable alternative to traditional 1.2mm thick EN 1057 tube. Supplied in a 6M length, this 2mm thick copper pipe saves on costs without compromising on performance.","Pipe, Valves and Fittings/Refrigeration Pipe and Fittings/Refrigeration Metal Pipes/Refrigeration Metal Pipes.csv -> Lawton Tube TX copper tube (Table-X) (EN1057) 159mm x 6mtr",,,https://www.wolseley.co.uk/wcsstore/ExtendedSitesCatalogAssetStore/images/products/AssetPush/wol-web-proof-medium-w/std.lang.all/88/70/NW-508863_508870_wm.jpg,https://www.wolseley.co.uk/wcsstore/ExtendedSitesCatalogAssetStore/images/products/AssetPush/DTP_AssetPushHighRes/std.lang.all/te/ch/Lawton_Tube_Copper_Tube_Mech_Tech.pdf,https://www.wolseley.co.uk/wcsstore/ExtendedSitesCatalogAssetStore/images/products/AssetPush/DTP_AssetPushHighRes/std.lang.all/ta/ll/Lawton_Tube_CopperTube_Install.pdf,https://www.wolseley.co.uk/wcsstore/ExtendedSitesCatalogAssetStore/images/products/AssetPush/DTP_AssetPushHighRes/std.lang.all/hu/re/Lawton_Brochure.pdf,https://www.wolseley.co.uk/wcsstore/ExtendedSitesCatalogAssetStore/images/products/AssetPush/DTP_AssetPushHighRes/std.lang.all/ic/al/Lawton_Tube_Copper_Tube_Technical.pdf,https://www.wolseley.co.uk/wcsstore/ExtendedSitesCatalogAssetStore/images/products/AssetPush/DTP_AssetPushHighRes/std.lang.all/te/ch/Lawton_Tube_Water_Capacity_Tech.pdf,https://www.wolseley.co.uk/wcsstore/ExtendedSitesCatalogAssetStore/images/products/AssetPush/DTP_AssetPushHighRes/std.lang.all/ui/de/Lawton_Technical_Guide.pdf
44,P508822,Lawton Tube TX degreased copper tube (Table-X) 28mm x 6mm x 30mtr,Lawton Tube,17.28,"Made of copper, this Lawton 28mm tube offers proven performance as a cost-effective solution for a wide range of uses. Supplied in a 6M length, this degreased tube is 0.9mm thick.","Pipe, Valves and Fittings/Refrigeration Pipe and Fittings/Refrigeration Metal Pipes/Refrigeration Metal Pipes.csv -> Lawton Tube TX degreased copper tube (Table-X) 28mm x 6mm x 30mtr",,,https://www.wolseley.co.uk/wcsstore/ExtendedSitesCatalogAssetStore/images/products/AssetPush/wol-web-proof-medium-w/std.lang.all/88/24/NW-508820_508824_wm.jpg,https://www.wolseley.co.uk/wcsstore/ExtendedSitesCatalogAssetStore/images/products/AssetPush/DTP_AssetPushHighRes/std.lang.all/hu/re/Lawton_Brochure.pdf,https://www.wolseley.co.uk/wcsstore/ExtendedSitesCatalogAssetStore/images/products/AssetPush/DTP_AssetPushHighRes/std.lang.all/ui/de/Lawton_Technical_Guide.pdf,,,,
45,P670243,"Lawton Tube copper tube coil (19SWG) 3/4"" x 30m",Lawton Tube,214.49,"Designed for refrigeration and air conditioning use, this Lawton Tube 3/4"" 19SWG coiled tube, supplied in a 30M length, has been cleaned, nitrogen-purged and capped. The tube is covered with a seamless plastic coating for reliable protection from abrasion and aggressive materials.","Pipe, Valves and Fittings/Refrigeration Pipe and Fittings/Refrigeration Metal Pipes/Refrigeration Metal Pipes.csv -> Lawton Tube copper tube coil (19SWG) 3/4"" x 30m",,,https://www.wolseley.co.uk/wcsstore/ExtendedSitesCatalogAssetStore/images/products/AssetPush/wol-web-proof-medium-w/std.lang.all/02/44/NW-670234_670244_wm.jpg,https://www.wolseley.co.uk/wcsstore/ExtendedSitesCatalogAssetStore/images/products/AssetPush/DTP_AssetPushHighRes/std.lang.all/20/17/Lawton_Tube_Technical_Guide_2017.pdf,https://www.wolseley.co.uk/wcsstore/ExtendedSitesCatalogAssetStore/images/products/AssetPush/DTP_AssetPushHighRes/std.lang.all/he/et/Lawton_Tube_ACR_WP_Datasheet.pdf,https://www.wolseley.co.uk/wcsstore/ExtendedSitesCatalogAssetStore/images/products/AssetPush/DTP_AssetPushHighRes/std.lang.all/io/ns/Lawton_Tube_ACR_Instructions.pdf,https://www.wolseley.co.uk/wcsstore/ExtendedSitesCatalogAssetStore/images/products/AssetPush/DTP_AssetPushHighRes/std.lang.all/20/20/Lawton_Tube_Brochure_2020.pdf,https://www.wolseley.co.uk/wcsstore/ExtendedSitesCatalogAssetStore/images/products/AssetPush/DTP_AssetPushHighRes/std.lang.all/he/et/Lawton_Tube_ACR_RT_Datasheet.pdf,
46,PV18301,Lawton Tube TX copper tube (Table-X) (EN1057) 22mm x 3m,Lawton Tube,7.16,"This Lawton TX 22mm tube is a reliable alternative to traditional 1.2mm thick EN 1057 tube. Supplied in a 3M length, this 0.9mm thick copper pipe saves on costs without compromising on performance.","Pipe, Valves and Fittings/Refrigeration Pipe and Fittings/Refrigeration Metal Pipes/Refrigeration Metal Pipes.csv -> Lawton Tube TX copper tube (Table-X) (EN1057) 22mm x 3m",,,https://www.wolseley.co.uk/wcsstore/ExtendedSitesCatalogAssetStore/images/products/AssetPush/wol-web-proof-medium-w/std.lang.all/83/02/NW-V18300_V18302_wm.jpg,https://www.wolseley.co.uk/wcsstore/ExtendedSitesCatalogAssetStore/images/products/AssetPush/DTP_AssetPushHighRes/std.lang.all/te/ch/Lawton_Tube_Copper_Tube_Mech_Tech.pdf,https://www.wolseley.co.uk/wcsstore/ExtendedSitesCatalogAssetStore/images/products/AssetPush/DTP_AssetPushHighRes/std.lang.all/ta/ll/Lawton_Tube_CopperTube_Install.pdf,https://www.wolseley.co.uk/wcsstore/ExtendedSitesCatalogAssetStore/images/products/AssetPush/DTP_AssetPushHighRes/std.lang.all/hu/re/Lawton_Brochure.pdf,https://www.wolseley.co.uk/wcsstore/ExtendedSitesCatalogAssetStore/images/products/AssetPush/DTP_AssetPushHighRes/std.lang.all/ic/al/Lawton_Tube_Copper_Tube_Technical.pdf,https://www.wolseley.co.uk/wcsstore/ExtendedSitesCatalogAssetStore/images/products/AssetPush/DTP_AssetPushHighRes/std.lang.all/te/ch/Lawton_Tube_Water_Capacity_Tech.pdf,https://www.wolseley.co.uk/wcsstore/ExtendedSitesCatalogAssetStore/images/products/AssetPush/DTP_AssetPushHighRes/std.lang.all/ui/de/Lawton_Technical_Guide.pdf
47,PV18300,Lawton Tube TX copper tube (Table-X) (EN1057) 15mm x 3m,Lawton Tube,2.89,"This Lawton TX 15mm tube is a reliable alternative to traditional 1.2mm thick EN 1057 tube. Supplied in a 3M length, this 0.7mm thick copper pipe saves on costs without compromising on performance.","Pipe, Valves and Fittings/Refrigeration Pipe and Fittings/Refrigeration Metal Pipes/Refrigeration Metal Pipes.csv -> Lawton Tube TX copper tube (Table-X) (EN1057) 15mm x 3m",,,https://www.wolseley.co.uk/wcsstore/ExtendedSitesCatalogAssetStore/images/products/AssetPush/wol-web-proof-medium-w/std.lang.all/83/02/NW-V18300_V18302_wm.jpg,https://www.wolseley.co.uk/wcsstore/ExtendedSitesCatalogAssetStore/images/products/AssetPush/DTP_AssetPushHighRes/std.lang.all/te/ch/Lawton_Tube_Copper_Tube_Mech_Tech.pdf,https://www.wolseley.co.uk/wcsstore/ExtendedSitesCatalogAssetStore/images/products/AssetPush/DTP_AssetPushHighRes/std.lang.all/ta/ll/Lawton_Tube_CopperTube_Install.pdf,https://www.wolseley.co.uk/wcsstore/ExtendedSitesCatalogAssetStore/images/products/AssetPush/DTP_AssetPushHighRes/std.lang.all/hu/re/Lawton_Brochure.pdf,https://www.wolseley.co.uk/wcsstore/ExtendedSitesCatalogAssetStore/images/products/AssetPush/DTP_AssetPushHighRes/std.lang.all/te/ch/Lawton_Tube_Water_Capacity_Tech.pdf,https://www.wolseley.co.uk/wcsstore/ExtendedSitesCatalogAssetStore/images/products/AssetPush/DTP_AssetPushHighRes/std.lang.all/ic/al/Lawton_Tube_Copper_Tube_Technical.pdf,https://www.wolseley.co.uk/wcsstore/ExtendedSitesCatalogAssetStore/images/products/AssetPush/DTP_AssetPushHighRes/std.lang.all/ui/de/Lawton_Technical_Guide.pdf
48,PV18302,Lawton Tube TX copper tube (Table-X) (EN1057) 28mm x 3m,Lawton Tube,9.12,"This Lawton TX 28mm tube is a reliable alternative to traditional 1.2mm thick EN 1057 tube. Supplied in a 3M length, this 0.9mm thick copper pipe saves on costs without compromising on performance.","Pipe, Valves and Fittings/Refrigeration Pipe and Fittings/Refrigeration Metal Pipes/Refrigeration Metal Pipes.csv -> Lawton Tube TX copper tube (Table-X) (EN1057) 28mm x 3m",,,https://www.wolseley.co.uk/wcsstore/ExtendedSitesCatalogAssetStore/images/products/AssetPush/wol-web-proof-medium-w/std.lang.all/83/02/NW-V18300_V18302_wm.jpg,https://www.wolseley.co.uk/wcsstore/ExtendedSitesCatalogAssetStore/images/products/AssetPush/DTP_AssetPushHighRes/std.lang.all/te/ch/Lawton_Tube_Copper_Tube_Mech_Tech.pdf,https://www.wolseley.co.uk/wcsstore/ExtendedSitesCatalogAssetStore/images/products/AssetPush/DTP_AssetPushHighRes/std.lang.all/ta/ll/Lawton_Tube_CopperTube_Install.pdf,https://www.wolseley.co.uk/wcsstore/ExtendedSitesCatalogAssetStore/images/products/AssetPush/DTP_AssetPushHighRes/std.lang.all/hu/re/Lawton_Brochure.pdf,https://www.wolseley.co.uk/wcsstore/ExtendedSitesCatalogAssetStore/images/products/AssetPush/DTP_AssetPushHighRes/std.lang.all/te/ch/Lawton_Tube_Water_Capacity_Tech.pdf,https://www.wolseley.co.uk/wcsstore/ExtendedSitesCatalogAssetStore/images/products/AssetPush/DTP_AssetPushHighRes/std.lang.all/ic/al/Lawton_Tube_Copper_Tube_Technical.pdf,https://www.wolseley.co.uk/wcsstore/ExtendedSitesCatalogAssetStore/images/products/AssetPush/DTP_AssetPushHighRes/std.lang.all/ui/de/Lawton_Technical_Guide.pdf
49,P508851,Lawton Tube LiteX copper tube 35mm x 3mtr,Lawton Tube,18.1,"This Lawton LiteX 35mm tube is a reliable alternative to traditional 1.2mm thick EN 1057 tube. Supplied in a 3M length, this 1mm thick copper pipe saves on costs with no compromise on performance.","Pipe, Valves and Fittings/Refrigeration Pipe and Fittings/Refrigeration Metal Pipes/Refrigeration Metal Pipes.csv -> Lawton Tube LiteX copper tube 35mm x 3mtr",,,https://www.wolseley.co.uk/wcsstore/ExtendedSitesCatalogAssetStore/images/products/AssetPush/wol-web-proof-medium-w/std.lang.all/88/53/NW-508850_508853_wm.jpg,https://www.wolseley.co.uk/wcsstore/ExtendedSitesCatalogAssetStore/images/products/AssetPush/DTP_AssetPushHighRes/std.lang.all/hu/re/Lawton_Brochure.pdf,https://www.wolseley.co.uk/wcsstore/ExtendedSitesCatalogAssetStore/images/products/AssetPush/DTP_AssetPushHighRes/std.lang.all/ui/de/Lawton_Technical_Guide.pdf,,,,
50,P508865,Lawton Tube TX copper tube (Table-X) (EN1057) 54mm x 3mtr,Lawton Tube,26.95,"This Lawton TX 54mm tube is a reliable alternative to traditional 1.2mm thick EN 1057 tube. Supplied in a 3M length, this copper pipe saves on costs without compromising on performance.","Pipe, Valves and Fittings/Refrigeration Pipe and Fittings/Refrigeration Metal Pipes/Refrigeration Metal Pipes.csv -> Lawton Tube TX copper tube (Table-X) (EN1057) 54mm x 3mtr",,,https://www.wolseley.co.uk/wcsstore/ExtendedSitesCatalogAssetStore/images/products/AssetPush/wol-web-proof-medium-w/std.lang.all/88/70/NW-508863_508870_wm.jpg,https://www.wolseley.co.uk/wcsstore/ExtendedSitesCatalogAssetStore/images/products/AssetPush/DTP_AssetPushHighRes/std.lang.all/te/ch/Lawton_Tube_Copper_Tube_Mech_Tech.pdf,https://www.wolseley.co.uk/wcsstore/ExtendedSitesCatalogAssetStore/images/products/AssetPush/DTP_AssetPushHighRes/std.lang.all/ta/ll/Lawton_Tube_CopperTube_Install.pdf,https://www.wolseley.co.uk/wcsstore/ExtendedSitesCatalogAssetStore/images/products/AssetPush/DTP_AssetPushHighRes/std.lang.all/hu/re/Lawton_Brochure.pdf,https://www.wolseley.co.uk/wcsstore/ExtendedSitesCatalogAssetStore/images/products/AssetPush/DTP_AssetPushHighRes/std.lang.all/te/ch/Lawton_Tube_Water_Capacity_Tech.pdf,https://www.wolseley.co.uk/wcsstore/ExtendedSitesCatalogAssetStore/images/products/AssetPush/DTP_AssetPushHighRes/std.lang.all/ic/al/Lawton_Tube_Copper_Tube_Technical.pdf,https://www.wolseley.co.uk/wcsstore/ExtendedSitesCatalogAssetStore/images/products/AssetPush/DTP_AssetPushHighRes/std.lang.all/ui/de/Lawton_Technical_Guide.pdf
51,P508863,Lawton Tube TX copper tube (Table-X) (EN1057) 35mm x 3mtr,Lawton Tube,16.86,"Made of copper, this Lawton 35mm tube offers proven performance as a cost-effective solution for a wide range of uses. Supplied in a 3M length, this tube is 1.2mm thick.","Pipe, Valves and Fittings/Refrigeration Pipe and Fittings/Refrigeration Metal Pipes/Refrigeration Metal Pipes.csv -> Lawton Tube TX copper tube (Table-X) (EN1057) 35mm x 3mtr",,,https://www.wolseley.co.uk/wcsstore/ExtendedSitesCatalogAssetStore/images/products/AssetPush/wol-web-proof-medium-w/std.lang.all/88/70/NW-508863_508870_wm.jpg,https://www.wolseley.co.uk/wcsstore/ExtendedSitesCatalogAssetStore/images/products/AssetPush/DTP_AssetPushHighRes/std.lang.all/hu/re/Lawton_Brochure.pdf,https://www.wolseley.co.uk/wcsstore/ExtendedSitesCatalogAssetStore/images/products/AssetPush/DTP_AssetPushHighRes/std.lang.all/ui/de/Lawton_Technical_Guide.pdf,,,,
52,PV18307,Lawton Tube TX copper tube (Table-X) (EN1057) 28mm x 6m,Lawton Tube,9.12,"This Lawton TX 28mm tube is a reliable alternative to traditional 1.2mm thick EN 1057 tube. Supplied in a 6M length, this 0.9mm thick copper pipe saves on costs without compromising on performance.","Pipe, Valves and Fittings/Refrigeration Pipe and Fittings/Refrigeration Metal Pipes/Refrigeration Metal Pipes.csv -> Lawton Tube TX copper tube (Table-X) (EN1057) 28mm x 6m",,,https://www.wolseley.co.uk/wcsstore/ExtendedSitesCatalogAssetStore/images/products/AssetPush/wol-web-proof-medium-w/std.lang.all/83/07/NW-V18305_V18307_wm.jpg,https://www.wolseley.co.uk/wcsstore/ExtendedSitesCatalogAssetStore/images/products/AssetPush/DTP_AssetPushHighRes/std.lang.all/te/ch/Lawton_Tube_Copper_Tube_Mech_Tech.pdf,https://www.wolseley.co.uk/wcsstore/ExtendedSitesCatalogAssetStore/images/products/AssetPush/DTP_AssetPushHighRes/std.lang.all/ta/ll/Lawton_Tube_CopperTube_Install.pdf,https://www.wolseley.co.uk/wcsstore/ExtendedSitesCatalogAssetStore/images/products/AssetPush/DTP_AssetPushHighRes/std.lang.all/hu/re/Lawton_Brochure.pdf,https://www.wolseley.co.uk/wcsstore/ExtendedSitesCatalogAssetStore/images/products/AssetPush/DTP_AssetPushHighRes/std.lang.all/ic/al/Lawton_Tube_Copper_Tube_Technical.pdf,https://www.wolseley.co.uk/wcsstore/ExtendedSitesCatalogAssetStore/images/products/AssetPush/DTP_AssetPushHighRes/std.lang.all/te/ch/Lawton_Tube_Water_Capacity_Tech.pdf,https://www.wolseley.co.uk/wcsstore/ExtendedSitesCatalogAssetStore/images/products/AssetPush/DTP_AssetPushHighRes/std.lang.all/ui/de/Lawton_Technical_Guide.pdf
53,P508864,Lawton Tube TX copper tube (Table-X) (EN1057) 42mm x 3mtr,Lawton Tube,20.57,"This Lawton TX 42mm tube is a reliable alternative to traditional 1.2mm thick EN 1057 tube. Supplied in a 3M length, this copper pipe saves on costs without compromising on performance.","Pipe, Valves and Fittings/Refrigeration Pipe and Fittings/Refrigeration Metal Pipes/Refrigeration Metal Pipes.csv -> Lawton Tube TX copper tube (Table-X) (EN1057) 42mm x 3mtr",,,https://www.wolseley.co.uk/wcsstore/ExtendedSitesCatalogAssetStore/images/products/AssetPush/wol-web-proof-medium-w/std.lang.all/88/70/NW-508863_508870_wm.jpg,https://www.wolseley.co.uk/wcsstore/ExtendedSitesCatalogAssetStore/images/products/AssetPush/DTP_AssetPushHighRes/std.lang.all/te/ch/Lawton_Tube_Copper_Tube_Mech_Tech.pdf,https://www.wolseley.co.uk/wcsstore/ExtendedSitesCatalogAssetStore/images/products/AssetPush/DTP_AssetPushHighRes/std.lang.all/ta/ll/Lawton_Tube_CopperTube_Install.pdf,https://www.wolseley.co.uk/wcsstore/ExtendedSitesCatalogAssetStore/images/products/AssetPush/DTP_AssetPushHighRes/std.lang.all/hu/re/Lawton_Brochure.pdf,https://www.wolseley.co.uk/wcsstore/ExtendedSitesCatalogAssetStore/images/products/AssetPush/DTP_AssetPushHighRes/std.lang.all/te/ch/Lawton_Tube_Water_Capacity_Tech.pdf,https://www.wolseley.co.uk/wcsstore/ExtendedSitesCatalogAssetStore/images/products/AssetPush/DTP_AssetPushHighRes/std.lang.all/ic/al/Lawton_Tube_Copper_Tube_Technical.pdf,https://www.wolseley.co.uk/wcsstore/ExtendedSitesCatalogAssetStore/images/products/AssetPush/DTP_AssetPushHighRes/std.lang.all/ui/de/Lawton_Technical_Guide.pdf
54,P508868,Lawton Tube TX copper tube (Table-X) (EN1057) 108mm x 3mtr,Lawton Tube,76.82,"This Lawton TX 108mm tube is a reliable alternative to traditional 1.2mm thick EN 1057 tube. Supplied in a 3M length, this 1.5mm thick copper pipe saves on costs without compromising on performance.","Pipe, Valves and Fittings/Refrigeration Pipe and Fittings/Refrigeration Metal Pipes/Refrigeration Metal Pipes.csv -> Lawton Tube TX copper tube (Table-X) (EN1057) 108mm x 3mtr",,,https://www.wolseley.co.uk/wcsstore/ExtendedSitesCatalogAssetStore/images/products/AssetPush/wol-web-proof-medium-w/std.lang.all/88/70/NW-508863_508870_wm.jpg,https://www.wolseley.co.uk/wcsstore/ExtendedSitesCatalogAssetStore/images/products/AssetPush/DTP_AssetPushHighRes/std.lang.all/te/ch/Lawton_Tube_Copper_Tube_Mech_Tech.pdf,https://www.wolseley.co.uk/wcsstore/ExtendedSitesCatalogAssetStore/images/products/AssetPush/DTP_AssetPushHighRes/std.lang.all/ta/ll/Lawton_Tube_CopperTube_Install.pdf,https://www.wolseley.co.uk/wcsstore/ExtendedSitesCatalogAssetStore/images/products/AssetPush/DTP_AssetPushHighRes/std.lang.all/hu/re/Lawton_Brochure.pdf,https://www.wolseley.co.uk/wcsstore/ExtendedSitesCatalogAssetStore/images/products/AssetPush/DTP_AssetPushHighRes/std.lang.all/ic/al/Lawton_Tube_Copper_Tube_Technical.pdf,https://www.wolseley.co.uk/wcsstore/ExtendedSitesCatalogAssetStore/images/products/AssetPush/DTP_AssetPushHighRes/std.lang.all/te/ch/Lawton_Tube_Water_Capacity_Tech.pdf,https://www.wolseley.co.uk/wcsstore/ExtendedSitesCatalogAssetStore/images/products/AssetPush/DTP_AssetPushHighRes/std.lang.all/ui/de/Lawton_Technical_Guide.pdf
55,PV18306,Lawton Tube TX copper tube (Table-X) (EN1057) 22mm x 6m,Lawton Tube,7.16,"This Lawton TX 22mm tube is a reliable alternative to traditional 1.2mm thick EN 1057 tube. Supplied in a 6M length, this 0.9mm thick copper pipe saves on costs without compromising on performance.","Pipe, Valves and Fittings/Refrigeration Pipe and Fittings/Refrigeration Metal Pipes/Refrigeration Metal Pipes.csv -> Lawton Tube TX copper tube (Table-X) (EN1057) 22mm x 6m",,,https://www.wolseley.co.uk/wcsstore/ExtendedSitesCatalogAssetStore/images/products/AssetPush/wol-web-proof-medium-w/std.lang.all/83/07/NW-V18305_V18307_wm.jpg,https://www.wolseley.co.uk/wcsstore/ExtendedSitesCatalogAssetStore/images/products/AssetPush/DTP_AssetPushHighRes/std.lang.all/te/ch/Lawton_Tube_Copper_Tube_Mech_Tech.pdf,https://www.wolseley.co.uk/wcsstore/ExtendedSitesCatalogAssetStore/images/products/AssetPush/DTP_AssetPushHighRes/std.lang.all/ta/ll/Lawton_Tube_CopperTube_Install.pdf,https://www.wolseley.co.uk/wcsstore/ExtendedSitesCatalogAssetStore/images/products/AssetPush/DTP_AssetPushHighRes/std.lang.all/hu/re/Lawton_Brochure.pdf,https://www.wolseley.co.uk/wcsstore/ExtendedSitesCatalogAssetStore/images/products/AssetPush/DTP_AssetPushHighRes/std.lang.all/te/ch/Lawton_Tube_Water_Capacity_Tech.pdf,https://www.wolseley.co.uk/wcsstore/ExtendedSitesCatalogAssetStore/images/products/AssetPush/DTP_AssetPushHighRes/std.lang.all/ic/al/Lawton_Tube_Copper_Tube_Technical.pdf,https://www.wolseley.co.uk/wcsstore/ExtendedSitesCatalogAssetStore/images/products/AssetPush/DTP_AssetPushHighRes/std.lang.all/ui/de/Lawton_Technical_Guide.pdf
56,P508866,Lawton Tube TX copper tube (Table-X) (EN1057) 67mm x 3mtr,Lawton Tube,35.0,"This Lawton TX 67mm tube is a reliable alternative to traditional 1.2mm thick EN 1057 tube. Supplied in a 3M length, this copper pipe saves on costs without compromising on performance.","Pipe, Valves and Fittings/Refrigeration Pipe and Fittings/Refrigeration Metal Pipes/Refrigeration Metal Pipes.csv -> Lawton Tube TX copper tube (Table-X) (EN1057) 67mm x 3mtr",,,https://www.wolseley.co.uk/wcsstore/ExtendedSitesCatalogAssetStore/images/products/AssetPush/wol-web-proof-medium-w/std.lang.all/88/70/NW-508863_508870_wm.jpg,https://www.wolseley.co.uk/wcsstore/ExtendedSitesCatalogAssetStore/images/products/AssetPush/DTP_AssetPushHighRes/std.lang.all/te/ch/Lawton_Tube_Copper_Tube_Mech_Tech.pdf,https://www.wolseley.co.uk/wcsstore/ExtendedSitesCatalogAssetStore/images/products/AssetPush/DTP_AssetPushHighRes/std.lang.all/ta/ll/Lawton_Tube_CopperTube_Install.pdf,https://www.wolseley.co.uk/wcsstore/ExtendedSitesCatalogAssetStore/images/products/AssetPush/DTP_AssetPushHighRes/std.lang.all/hu/re/Lawton_Brochure.pdf,https://www.wolseley.co.uk/wcsstore/ExtendedSitesCatalogAssetStore/images/products/AssetPush/DTP_AssetPushHighRes/std.lang.all/te/ch/Lawton_Tube_Water_Capacity_Tech.pdf,https://www.wolseley.co.uk/wcsstore/ExtendedSitesCatalogAssetStore/images/products/AssetPush/DTP_AssetPushHighRes/std.lang.all/ic/al/Lawton_Tube_Copper_Tube_Technical.pdf,https://www.wolseley.co.uk/wcsstore/ExtendedSitesCatalogAssetStore/images/products/AssetPush/DTP_AssetPushHighRes/std.lang.all/ui/de/Lawton_Technical_Guide.pdf
57,P508852,Lawton Tube LiteX copper tube 42mm x 3mtr,Lawton Tube,22.01,"This Lawton LiteX 42mm tube is a reliable alternative to traditional 1.2mm thick EN 1057 tube. Supplied in a 3M length, this 1mm thick copper pipe saves on costs with no compromise on performance.","Pipe, Valves and Fittings/Refrigeration Pipe and Fittings/Refrigeration Metal Pipes/Refrigeration Metal Pipes.csv -> Lawton Tube LiteX copper tube 42mm x 3mtr",,,https://www.wolseley.co.uk/wcsstore/ExtendedSitesCatalogAssetStore/images/products/AssetPush/wol-web-proof-medium-w/std.lang.all/88/53/NW-508850_508853_wm.jpg,https://www.wolseley.co.uk/wcsstore/ExtendedSitesCatalogAssetStore/images/products/AssetPush/DTP_AssetPushHighRes/std.lang.all/hu/re/Lawton_Brochure.pdf,https://www.wolseley.co.uk/wcsstore/ExtendedSitesCatalogAssetStore/images/products/AssetPush/DTP_AssetPushHighRes/std.lang.all/ui/de/Lawton_Technical_Guide.pdf,,,,
58,P508848,Lawton Tube TX copper tube (Table-X) (EN1057) 108mm x 6mtr,Lawton Tube,76.82,"This Lawton TX 108mm tube is a reliable alternative to traditional 1.2mm thick EN 1057 tube. Supplied in a 6M length, this 1.5mm thick copper pipe saves on costs without compromising on performance.","Pipe, Valves and Fittings/Refrigeration Pipe and Fittings/Refrigeration Metal Pipes/Refrigeration Metal Pipes.csv -> Lawton Tube TX copper tube (Table-X) (EN1057) 108mm x 6mtr",,,https://www.wolseley.co.uk/wcsstore/ExtendedSitesCatalogAssetStore/images/products/AssetPush/wol-web-proof-medium-w/std.lang.all/88/48/NW-508843_508848_wm.jpg,https://www.wolseley.co.uk/wcsstore/ExtendedSitesCatalogAssetStore/images/products/AssetPush/DTP_AssetPushHighRes/std.lang.all/te/ch/Lawton_Tube_Copper_Tube_Mech_Tech.pdf,https://www.wolseley.co.uk/wcsstore/ExtendedSitesCatalogAssetStore/images/products/AssetPush/DTP_AssetPushHighRes/std.lang.all/ta/ll/Lawton_Tube_CopperTube_Install.pdf,https://www.wolseley.co.uk/wcsstore/ExtendedSitesCatalogAssetStore/images/products/AssetPush/DTP_AssetPushHighRes/std.lang.all/hu/re/Lawton_Brochure.pdf,https://www.wolseley.co.uk/wcsstore/ExtendedSitesCatalogAssetStore/images/products/AssetPush/DTP_AssetPushHighRes/std.lang.all/te/ch/Lawton_Tube_Water_Capacity_Tech.pdf,https://www.wolseley.co.uk/wcsstore/ExtendedSitesCatalogAssetStore/images/products/AssetPush/DTP_AssetPushHighRes/std.lang.all/ic/al/Lawton_Tube_Copper_Tube_Technical.pdf,https://www.wolseley.co.uk/wcsstore/ExtendedSitesCatalogAssetStore/images/products/AssetPush/DTP_AssetPushHighRes/std.lang.all/ui/de/Lawton_Technical_Guide.pdf
59,P508867,Lawton Tube TX copper tube (Table-X) (EN1057) 76mm x 3mtr,Lawton Tube,49.37,"This Lawton TX 76mm tube is a reliable alternative to traditional 1.2mm thick EN 1057 tube. Supplied in a 3M length, this 1.5mm thick copper pipe saves on costs without compromising on performance.","Pipe, Valves and Fittings/Refrigeration Pipe and Fittings/Refrigeration Metal Pipes/Refrigeration Metal Pipes.csv -> Lawton Tube TX copper tube (Table-X) (EN1057) 76mm x 3mtr",,,https://www.wolseley.co.uk/wcsstore/ExtendedSitesCatalogAssetStore/images/products/AssetPush/wol-web-proof-medium-w/std.lang.all/88/70/NW-508863_508870_wm.jpg,https://www.wolseley.co.uk/wcsstore/ExtendedSitesCatalogAssetStore/images/products/AssetPush/DTP_AssetPushHighRes/std.lang.all/te/ch/Lawton_Tube_Copper_Tube_Mech_Tech.pdf,https://www.wolseley.co.uk/wcsstore/ExtendedSitesCatalogAssetStore/images/products/AssetPush/DTP_AssetPushHighRes/std.lang.all/ta/ll/Lawton_Tube_CopperTube_Install.pdf,https://www.wolseley.co.uk/wcsstore/ExtendedSitesCatalogAssetStore/images/products/AssetPush/DTP_AssetPushHighRes/std.lang.all/hu/re/Lawton_Brochure.pdf,https://www.wolseley.co.uk/wcsstore/ExtendedSitesCatalogAssetStore/images/products/AssetPush/DTP_AssetPushHighRes/std.lang.all/te/ch/Lawton_Tube_Water_Capacity_Tech.pdf,https://www.wolseley.co.uk/wcsstore/ExtendedSitesCatalogAssetStore/images/products/AssetPush/DTP_AssetPushHighRes/std.lang.all/ic/al/Lawton_Tube_Copper_Tube_Technical.pdf,https://www.wolseley.co.uk/wcsstore/ExtendedSitesCatalogAssetStore/images/products/AssetPush/DTP_AssetPushHighRes/std.lang.all/ui/de/Lawton_Technical_Guide.pdf
60,PV18305,Lawton Tube TX copper tube (Table-X) (EN1057) 15mm x 6m,Lawton Tube,3.58,"This Lawton TX 15mm tube is a reliable alternative to traditional 1.2mm thick EN 1057 tube. Supplied in a 6M length, this 0.7mm thick copper pipe saves on costs without compromising on performance.","Pipe, Valves and Fittings/Refrigeration Pipe and Fittings/Refrigeration Metal Pipes/Refrigeration Metal Pipes.csv -> Lawton Tube TX copper tube (Table-X) (EN1057) 15mm x 6m",,,https://www.wolseley.co.uk/wcsstore/ExtendedSitesCatalogAssetStore/images/products/AssetPush/wol-web-proof-medium-w/std.lang.all/83/07/NW-V18305_V18307_wm.jpg,https://www.wolseley.co.uk/wcsstore/ExtendedSitesCatalogAssetStore/images/products/AssetPush/DTP_AssetPushHighRes/std.lang.all/te/ch/Lawton_Tube_Copper_Tube_Mech_Tech.pdf,https://www.wolseley.co.uk/wcsstore/ExtendedSitesCatalogAssetStore/images/products/AssetPush/DTP_AssetPushHighRes/std.lang.all/ta/ll/Lawton_Tube_CopperTube_Install.pdf,https://www.wolseley.co.uk/wcsstore/ExtendedSitesCatalogAssetStore/images/products/AssetPush/DTP_AssetPushHighRes/std.lang.all/hu/re/Lawton_Brochure.pdf,https://www.wolseley.co.uk/wcsstore/ExtendedSitesCatalogAssetStore/images/products/AssetPush/DTP_AssetPushHighRes/std.lang.all/ic/al/Lawton_Tube_Copper_Tube_Technical.pdf,https://www.wolseley.co.uk/wcsstore/ExtendedSitesCatalogAssetStore/images/products/AssetPush/DTP_AssetPushHighRes/std.lang.all/te/ch/Lawton_Tube_Water_Capacity_Tech.pdf,https://www.wolseley.co.uk/wcsstore/ExtendedSitesCatalogAssetStore/images/products/AssetPush/DTP_AssetPushHighRes/std.lang.all/ui/de/Lawton_Technical_Guide.pdf
