,pid,Title,Brand,Price,Description,category,mfpartnumber,whatisincluded,Image,Colour,Hazardous,Bend (in degrees),Material,Supplier Product Code,Type,WEEE Compliant,Feature 1,Feature 2,Feature 3,Feature 4,Feature 5,Feature 6,Feature 7,Attachment 1,Attachment 2,Attachment 3
0,PG15981,Domus single metal airbrick 220 x 90mm Cotswold,Domus,97.97,"Non-combustible, the Domus Ventilation Solis Air Brick 220 x 90mm single metal airbrick, finished in a Cotswold Beige to seamlessly blend with its surroundings, maintains low resistance and ensures compliance with fire regs, providing peace of mind for both residents and developers.",Renewables/Ventilation Systems/Ducting & Grilles/Ducting & Grilles.csv -> Domus single metal airbrick 220 x 90mm Cotswold,,,https://www.wolseley.co.uk/wcsstore/ExtendedSitesCatalogAssetStore/images/products/AssetPush/wol-web-proof-medium-w/std.lang.all/59/81/G15981_wm.jpg,Cotswold Beige,N,N/A,Metal,SOL-AB-220X90C,Fire Rated AirBrick,N,Metal construction,Cotswold Beige finish,Low resistance,Compatible with Domus Rigid and Thermal ducting range,Non-combustible as set out in Approved Document B (fire safety),"Air brick powder coating pre-qualified to EN13501-1 classification A2-s1,d0","Air brick material 1.5mm galvanised steel, fire class A1 ‘no contribution to fire’",,,
1,P800174,Stadium Black hole  BM418 Anti-Draught Core Drill Vent Kit,Stadium,27.28,"This Stadium 5"" multi-size core vent is designed with fixed anti-draught baffles to minimise cold, noisy draughts. Made of polypropylene, this vent has a brown outer cowl around its white grille.",Renewables/Ventilation Systems/Ducting & Grilles/Ducting & Grilles.csv -> Stadium Black hole  BM418 Anti-Draught Core Drill Vent Kit,,,https://www.wolseley.co.uk/wcsstore/ExtendedSitesCatalogAssetStore/images/products/AssetPush/wol-web-proof-medium-w/std.lang.all/01/74/NW-800174_wm.jpg,,,,,,,,,,,,,,,https://www.wolseley.co.uk/wcsstore/ExtendedSitesCatalogAssetStore/images/products/AssetPush/DTP_AssetPushHighRes/std.lang.all/ui/de/Stadium_Product_Guide.pdf,,
2,PG76719,Domus EasiPipe 100 flexible PVC hose 100mm 3mtr White,Domus,8.99,"Reducing pressure drops and almost completely eliminating air leakage, the Domus EasiPipe 100 rigid duct flexible hose is suitable for use in the bathroom, toilet or utility room. This wire-reinforced, flexible PVC ducting has a round profile for compatibility with the Domus Ventilation rigid PVC product range, helping to overcome the issue of installations where a rigid component can't be installed. The use of flexible hose is recommended for use in the ducting of tumble driers or for other slow moving air applications.",Renewables/Ventilation Systems/Ducting & Grilles/Ducting & Grilles.csv -> Domus EasiPipe 100 flexible PVC hose 100mm 3mtr White,,,https://www.wolseley.co.uk/wcsstore/ExtendedSitesCatalogAssetStore/images/products/AssetPush/wol-web-proof-medium-w/std.lang.all/67/20/NW-G76719_G76720_wm.jpg,,,,,,,,,,,,,,,https://www.wolseley.co.uk/wcsstore/ExtendedSitesCatalogAssetStore/images/products/AssetPush/DTP_AssetPushHighRes/std.lang.all/te/ch/Domus_EasiPipe100_Flexible_Hose_Tech.pdf,https://www.wolseley.co.uk/wcsstore/ExtendedSitesCatalogAssetStore/images/products/AssetPush/DTP_AssetPushHighRes/std.lang.all/hu/re/Domus_Ventilation_Ducting_Brochure.pdf,https://www.wolseley.co.uk/wcsstore/ExtendedSitesCatalogAssetStore/images/products/AssetPush/DTP_AssetPushHighRes/std.lang.all/20/21/Domus_Specification_Guide_2021.pdf
3,P800151,"Stadium BM72/1 louvre ventilator 10"" x 7""",Stadium,3.78,"Measuring 10 x 7"", this Stadium BM72/1 face-fitting fixed louvred grille is suitable for plastering into a wall.","Renewables/Ventilation Systems/Ducting & Grilles/Ducting & Grilles.csv -> Stadium BM72/1 louvre ventilator 10"" x 7""",,,https://www.wolseley.co.uk/wcsstore/ExtendedSitesCatalogAssetStore/images/products/AssetPush/wol-web-proof-medium-w/std.lang.all/01/51/NW-800151_wm.jpg,,,,,,,,,,,,,,,https://www.wolseley.co.uk/wcsstore/ExtendedSitesCatalogAssetStore/images/products/AssetPush/DTP_AssetPushHighRes/std.lang.all/ui/de/Stadium_Product_Guide.pdf,,
4,PG76899,Domus Megaduct flat channel 2mtr,Domus,21.66,"Manufactured to exacting tolerances, the Domus Megaduct 90 x 220mm rectangular rigid duct helps to maximise the energy efficiency of ventilation appliances. Almost completely eliminating air leakage and reducing pressure drops, it is suitable for use in the bathroom, toilet or utility room.",Renewables/Ventilation Systems/Ducting & Grilles/Ducting & Grilles.csv -> Domus Megaduct flat channel 2mtr,,,https://www.wolseley.co.uk/wcsstore/ExtendedSitesCatalogAssetStore/images/products/AssetPush/wol-web-proof-medium-w/std.lang.all/68/99/NW-G76899_wm.jpg,,,,,,,,,,,,,,,https://www.wolseley.co.uk/wcsstore/ExtendedSitesCatalogAssetStore/images/products/AssetPush/DTP_AssetPushHighRes/std.lang.all/20/20/Domus_Ventilation_Guide_2020.pdf,https://www.wolseley.co.uk/wcsstore/ExtendedSitesCatalogAssetStore/images/products/AssetPush/DTP_AssetPushHighRes/std.lang.all/20/21/Domus_Specification_Guide_2021.pdf,
5,PG75926,Domus Supertube flat channel end cap,Domus,6.4,"This Domus SuperTube rigid duct end cap is fast and simple to install, securely terminating a duct run with an air-tight seal.",Renewables/Ventilation Systems/Ducting & Grilles/Ducting & Grilles.csv -> Domus Supertube flat channel end cap,,,https://www.wolseley.co.uk/wcsstore/ExtendedSitesCatalogAssetStore/images/products/AssetPush/wol-web-proof-medium-w/std.lang.all/59/26/G75926_wm.jpg,,,,,,,,,,,,,,,https://www.wolseley.co.uk/wcsstore/ExtendedSitesCatalogAssetStore/images/products/AssetPush/DTP_AssetPushHighRes/std.lang.all/20/20/Domus_Ventilation_Guide_2020.pdf,,
6,P800247,"Stadium BM473 plastic hit & miss vents 9"" x 3""",Stadium,2.58,These Stadium 241 x 89mm hit and miss ventilators are made of white plastic and are supplied with integral flyscreens.,"Renewables/Ventilation Systems/Ducting & Grilles/Ducting & Grilles.csv -> Stadium BM473 plastic hit & miss vents 9"" x 3""",,,https://www.wolseley.co.uk/wcsstore/ExtendedSitesCatalogAssetStore/images/products/AssetPush/wol-web-proof-medium-w/std.lang.all/02/47/NW-800247_wm.jpg,,,,,,,,,,,,,,,https://www.wolseley.co.uk/wcsstore/ExtendedSitesCatalogAssetStore/images/products/AssetPush/DTP_AssetPushHighRes/std.lang.all/ui/de/Stadium_Product_Guide.pdf,,
7,PG15976,Domus single metal airbrick 220 x 126mm Brown,Domus,110.4,"Non-combustible, the Domus Ventilation Solis 220 x 126mm single metal air brick in brown is designed to maintain low resistance while complying with the latest standards found in Approved Document B (fire safety).",Renewables/Ventilation Systems/Ducting & Grilles/Ducting & Grilles.csv -> Domus single metal airbrick 220 x 126mm Brown,,,https://www.wolseley.co.uk/wcsstore/ExtendedSitesCatalogAssetStore/images/products/AssetPush/wol-web-proof-medium-w/std.lang.all/59/76/G15976_wm.jpg,Brown,N,,Metal,SOL-AB-220X126B,Non Combustible Metal Air Brick,N,Low resistance,Compatible with Domus Rigid and Thermal ducting ranges,Air brick material 1.5mm galvanised steel meets fire class A1 ‘no contribution to fire',Non-combustible as set out in Approved Document B (fire safety),"Air brick powder coating pre-qualified to EN13501-1 classification A2-s1,d0",,,,,
8,PG75895,"Domus Supertube super 45deg horizontal bend 5"" White",Domus,24.44,This 45° horizontal-angled Domus SuperTube rigid duct bend is designed to help you to achieve the highest possible energy efficiency from the brand's ventilation appliances.,"Renewables/Ventilation Systems/Ducting & Grilles/Ducting & Grilles.csv -> Domus Supertube super 45deg horizontal bend 5"" White",,,https://www.wolseley.co.uk/wcsstore/ExtendedSitesCatalogAssetStore/images/products/AssetPush/wol-web-proof-medium-w/std.lang.all/58/95/G75895_wm.jpg,,,,,,,,,,,,,,,https://www.wolseley.co.uk/wcsstore/ExtendedSitesCatalogAssetStore/images/products/AssetPush/DTP_AssetPushHighRes/std.lang.all/20/20/Domus_Ventilation_Guide_2020.pdf,,
9,PG15969,Domus metal sleeve 220 x 126mm 500mm,Domus,40.98,"Measuring 220 x 126 x 500mm, the Domus metal duct sleeve is designed to be used with the brand's Solis air brick.",Renewables/Ventilation Systems/Ducting & Grilles/Ducting & Grilles.csv -> Domus metal sleeve 220 x 126mm 500mm,,,https://www.wolseley.co.uk/wcsstore/ExtendedSitesCatalogAssetStore/images/products/AssetPush/wol-web-proof-medium-w/std.lang.all/90/46/579046_wm.jpg,Metal / Silver,N,,Metal,SOL-DUCT-220X126,Non-Combustible Metal Duct,N,Non-combustible design,Metal with untreated finish,For use with Solis air brick,,,,,,,
10,PG82280,Domus Supertube 45deg vertical bend ducting insulation,Domus,4.13,"This Domus SuperTube rigid duct insulation with 45° vertical bend is part of a patented system designed to significantly improve domestic thermal insulation ducting, reducing heat loss and preventing condensation.",Renewables/Ventilation Systems/Ducting & Grilles/Ducting & Grilles.csv -> Domus Supertube 45deg vertical bend ducting insulation,,,https://www.wolseley.co.uk/wcsstore/ExtendedSitesCatalogAssetStore/images/products/AssetPush/wol-web-proof-medium-w/std.lang.all/22/80/G82280_wm.jpg,,,,,,,,,,,,,,,https://www.wolseley.co.uk/wcsstore/ExtendedSitesCatalogAssetStore/images/products/AssetPush/DTP_AssetPushHighRes/std.lang.all/20/20/Domus_Ventilation_Guide_2020.pdf,https://www.wolseley.co.uk/wcsstore/ExtendedSitesCatalogAssetStore/images/products/AssetPush/DTP_AssetPushHighRes/std.lang.all/ms/ds/Domus_SynthosSilver_MSDS.pdf,
11,P800261,"Stadium BM469 plastic louverd vent 9"" x 9""",Stadium,3.25,"Made of white plastic, this Stadium surface-mounted louvred ventilator measures 241 x 241mm.","Renewables/Ventilation Systems/Ducting & Grilles/Ducting & Grilles.csv -> Stadium BM469 plastic louverd vent 9"" x 9""",,,https://www.wolseley.co.uk/wcsstore/ExtendedSitesCatalogAssetStore/images/products/AssetPush/wol-web-proof-medium-w/std.lang.all/02/61/NW-800261_wm.jpg,,,,,,,,,,,,,,,https://www.wolseley.co.uk/wcsstore/ExtendedSitesCatalogAssetStore/images/products/AssetPush/DTP_AssetPushHighRes/std.lang.all/ui/de/Stadium_Product_Guide.pdf,,
12,PG75847,"Domus EasePipe 125 F5904B louvred grille and fly screen 5"" Brown",Domus,17.87,"Made of brown PVC, this Domus EasiPipe 125 louvred grille with flyscreen is suitable for use on the exterior of any building, blending in seamlessly with many types of commonly used brick. It is designed with a 125mm spigot diameter.","Renewables/Ventilation Systems/Ducting & Grilles/Ducting & Grilles.csv -> Domus EasePipe 125 F5904B louvred grille and fly screen 5"" Brown",,,https://www.wolseley.co.uk/wcsstore/ExtendedSitesCatalogAssetStore/images/products/AssetPush/wol-web-proof-medium-w/std.lang.all/58/47/NW-G75847_wm.jpg,,,,,,,,,,,,,,,https://www.wolseley.co.uk/wcsstore/ExtendedSitesCatalogAssetStore/images/products/AssetPush/DTP_AssetPushHighRes/std.lang.all/20/20/Domus_Ventilation_Guide_2020.pdf,https://www.wolseley.co.uk/wcsstore/ExtendedSitesCatalogAssetStore/images/products/AssetPush/DTP_AssetPushHighRes/std.lang.all/20/21/Domus_Specification_Guide_2021.pdf,
13,PG15970,Domus metal sleeve 220 x 90mm 500mm,Domus,39.52,"Non-combustible, the Domus Ventilation Solis Air Brick 220 x 90mm metal sleeve is designed for use with air bricks in the Solis range. These low resistance air bricks comply with fire regs, providing peace of mind for both residents and developers.",Renewables/Ventilation Systems/Ducting & Grilles/Ducting & Grilles.csv -> Domus metal sleeve 220 x 90mm 500mm,,,https://www.wolseley.co.uk/wcsstore/ExtendedSitesCatalogAssetStore/images/products/AssetPush/wol-web-proof-medium-w/std.lang.all/59/70/G15970_wm.jpg,White,N,N/A,Metal,SOL-DUCT-220X90,Fire Rated AirBrick,N,For use with Solis metal airbrick,Non-combustible,Metal construcation,White colour,Complies with Approved Document B (fire safety),,,,,
14,PG82281,Domus Supertube thermal shell 204 x 60mm (Pair),Domus,6.37,"This Domus SuperTube rigid duct insulation with fixed spigot plenus is part of a patented system designed to significantly improve domestic thermal insulation ducting, reducing heat loss and preventing condensation.",Renewables/Ventilation Systems/Ducting & Grilles/Ducting & Grilles.csv -> Domus Supertube thermal shell 204 x 60mm (Pair),,,https://www.wolseley.co.uk/wcsstore/ExtendedSitesCatalogAssetStore/images/products/AssetPush/wol-web-proof-medium-w/std.lang.all/22/81/G82281_wm.jpg,,,,,,,,,,,,,,,https://www.wolseley.co.uk/wcsstore/ExtendedSitesCatalogAssetStore/images/products/AssetPush/DTP_AssetPushHighRes/std.lang.all/20/20/Domus_Ventilation_Guide_2020.pdf,https://www.wolseley.co.uk/wcsstore/ExtendedSitesCatalogAssetStore/images/products/AssetPush/DTP_AssetPushHighRes/std.lang.all/ms/ds/Domus_SynthosSilver_MSDS.pdf,
15,P800161,Stadium Black hole  BM725 Anti-Draught Core Drill Vent Kit,Stadium,42.02,"Designed with a 5"" core drill diameter, this Stadium black hole core vent incorporates a tube length of 228mm with a 585mm extension. Blocking out light, draughts and insects, this vent slows air flow inside the duct with a change of direction, forming vortices to reduce the annoyance of cold and noisy draughts. With a design that won't give residents a view of the outside world, this vent reduces the likelihood that important ducting will be blocked up in response to concerns about vermin or insects.",Renewables/Ventilation Systems/Ducting & Grilles/Ducting & Grilles.csv -> Stadium Black hole  BM725 Anti-Draught Core Drill Vent Kit,,,https://www.wolseley.co.uk/wcsstore/ExtendedSitesCatalogAssetStore/images/products/AssetPush/wol-web-proof-medium-w/std.lang.all/01/61/NW-800161_wm.jpg,,,,,,,,,,,,,,,https://www.wolseley.co.uk/wcsstore/ExtendedSitesCatalogAssetStore/images/products/AssetPush/DTP_AssetPushHighRes/std.lang.all/ui/de/Stadium_Product_Guide.pdf,,
16,PG75878,Domus 640WH elbow connector 6 White,Domus,18.05,"Manufactured in PVC, the Domus 640WH elbow connector is part of a ducting range offering transition from a 220 x 90mm fan plenum to 150mm circular ductwork.",Renewables/Ventilation Systems/Ducting & Grilles/Ducting & Grilles.csv -> Domus 640WH elbow connector 6 White,,,https://www.wolseley.co.uk/wcsstore/ExtendedSitesCatalogAssetStore/images/products/AssetPush/wol-web-proof-medium-w/std.lang.all/58/78/G75878_wm.jpg,,,,,,,,,,,,,,,https://www.wolseley.co.uk/wcsstore/ExtendedSitesCatalogAssetStore/images/products/AssetPush/DTP_AssetPushHighRes/std.lang.all/hu/re/Polypipe_Domus_Brochure.pdf,,
17,PG10927,Domus standard mdl full bypass,Domus,2829.75,"Helping developers to meet building regs, the Domus Ventilation MVHR Standard MDL full bypass is part of a broad range of mechanical ventilation with heat recovery units designed for excellent levels of in-home or in-office air quality.",Renewables/Ventilation Systems/Ducting & Grilles/Ducting & Grilles.csv -> Domus standard mdl full bypass,,,https://www.wolseley.co.uk/wcsstore/ExtendedSitesCatalogAssetStore/images/products/AssetPush/wol-web-proof-medium-w/std.lang.all/09/27/G10927_wm.jpg,Grey,N,N/A,Metal,HRXE-ZEUS,MVHR,N,Capable of 133LPS with 100% summer bypass,Capable of achieving Part F Building Regs for up to 5/6 bedroom properties,,,,,,,,
18,PG15971,Domus metal sleeve 204 x 60mm 500mm,Domus,37.95,"Non-combustible, the Domus Ventilation Solis 204 x 60mm 500mm metal sleeve in satin silver colour maintains low resistance and complies with up to date Approved Document B fire safety standards. It is manufactured in galvanised stainless steel.",Renewables/Ventilation Systems/Ducting & Grilles/Ducting & Grilles.csv -> Domus metal sleeve 204 x 60mm 500mm,,,https://www.wolseley.co.uk/wcsstore/ExtendedSitesCatalogAssetStore/images/products/AssetPush/wol-web-proof-medium-w/std.lang.all/59/71/G15971_wm.jpg,Satin Silver,N,,"1.5mm galvanised steel, fire class A1 'no contribution to fire'",SOL-DUCT-204X60,Metal,N,Satin silver finish,Low resistance,Compatible with Domus Rigid and Thermal ducting range,"Air brick powder coating pre-qualified to EN13501-1 classification A2-s1,d0","Air brick material 1.5mm galvanized steel, fire class A1 ‘no contribution to fire’",Non-combustible as set out in Approved Document B (fire safety),,,,
19,PG82274,Domus MegaDuct thermal shell 220 x 90mm (Pair),Domus,6.62,This Domus MegaDuct rigid duct insulation with 45° horizontal bend is part of a range of EPS insulation components designed to insulate either round or rectangular domestic ventilation ducting that passes through cold areas.,Renewables/Ventilation Systems/Ducting & Grilles/Ducting & Grilles.csv -> Domus MegaDuct thermal shell 220 x 90mm (Pair),,,https://www.wolseley.co.uk/wcsstore/ExtendedSitesCatalogAssetStore/images/products/AssetPush/wol-web-proof-medium-w/std.lang.all/22/74/G82274_wm.jpg,,,,,,,,,,,,,,,https://www.wolseley.co.uk/wcsstore/ExtendedSitesCatalogAssetStore/images/products/AssetPush/DTP_AssetPushHighRes/std.lang.all/20/20/Domus_Ventilation_Guide_2020.pdf,https://www.wolseley.co.uk/wcsstore/ExtendedSitesCatalogAssetStore/images/products/AssetPush/DTP_AssetPushHighRes/std.lang.all/ms/ds/Domus_SynthosSilver_MSDS.pdf,
20,PG75898,Domus System 100 45deg system vertical bend 100mm White,Domus,4.88,This 45° vertical-angled Domus System 100 rigid duct bend is designed to help you to achieve the highest possible energy efficiency from the brand's ventilation appliances.,Renewables/Ventilation Systems/Ducting & Grilles/Ducting & Grilles.csv -> Domus System 100 45deg system vertical bend 100mm White,,,https://www.wolseley.co.uk/wcsstore/ExtendedSitesCatalogAssetStore/images/products/AssetPush/wol-web-proof-medium-w/std.lang.all/58/98/G75898_wm.jpg,,,,,,,,,,,,,,,https://www.wolseley.co.uk/wcsstore/ExtendedSitesCatalogAssetStore/images/products/AssetPush/DTP_AssetPushHighRes/std.lang.all/20/20/Domus_Ventilation_Guide_2020.pdf,,
21,PG75772,Domus EasePipe 150 F6904B louvre comes with fly 150mm Brown,Domus,20.41,"Made of brown PVC, this Domus EasiPipe 150 louvred grille with flyscreen is suitable for use on the exterior of any building, blending in seamlessly with many types of commonly used brick. It is designed with a 125mm spigot diameter.",Renewables/Ventilation Systems/Ducting & Grilles/Ducting & Grilles.csv -> Domus EasePipe 150 F6904B louvre comes with fly 150mm Brown,,,https://www.wolseley.co.uk/wcsstore/ExtendedSitesCatalogAssetStore/images/products/AssetPush/wol-web-proof-medium-w/std.lang.all/57/72/NW-G75772_wm.jpg,,,,,,,,,,,,,,,https://www.wolseley.co.uk/wcsstore/ExtendedSitesCatalogAssetStore/images/products/AssetPush/DTP_AssetPushHighRes/std.lang.all/20/20/Domus_Ventilation_Guide_2020.pdf,https://www.wolseley.co.uk/wcsstore/ExtendedSitesCatalogAssetStore/images/products/AssetPush/DTP_AssetPushHighRes/std.lang.all/20/21/Domus_Specification_Guide_2021.pdf,
22,PG76111,Domus Ancillaries thermal fastening strap 10mtr White,Domus,25.34,This Domus 10M rigid duct fastening strap is constructed from an especially-designed PVC-coated steel material. It is used for surface mounting or suspending an insulated duct system and prevents condensation forming inside the ducting.,Renewables/Ventilation Systems/Ducting & Grilles/Ducting & Grilles.csv -> Domus Ancillaries thermal fastening strap 10mtr White,,,https://www.wolseley.co.uk/wcsstore/ExtendedSitesCatalogAssetStore/images/products/AssetPush/wol-web-proof-medium-w/std.lang.all/61/11/G76111_wm.jpg,,,,,,,,,,,,,,,https://www.wolseley.co.uk/wcsstore/ExtendedSitesCatalogAssetStore/images/products/AssetPush/DTP_AssetPushHighRes/std.lang.all/20/20/Domus_Ventilation_Guide_2020.pdf,,
23,PG82273,Domus MegaDuct thermal shell 220 x 90 mm (Pair),Domus,8.29,"This Domus MegaDuct rigid duct insulation with 90° horizontal bend is part of a patented system designed to significantly improve domestic thermal insulation ducting, reducing heat loss and preventing condensation.",Renewables/Ventilation Systems/Ducting & Grilles/Ducting & Grilles.csv -> Domus MegaDuct thermal shell 220 x 90 mm (Pair),,,https://www.wolseley.co.uk/wcsstore/ExtendedSitesCatalogAssetStore/images/products/AssetPush/wol-web-proof-medium-w/std.lang.all/22/73/G82273_wm.jpg,,,,,,,,,,,,,,,https://www.wolseley.co.uk/wcsstore/ExtendedSitesCatalogAssetStore/images/products/AssetPush/DTP_AssetPushHighRes/std.lang.all/20/20/Domus_Ventilation_Guide_2020.pdf,https://www.wolseley.co.uk/wcsstore/ExtendedSitesCatalogAssetStore/images/products/AssetPush/DTP_AssetPushHighRes/std.lang.all/ms/ds/Domus_SynthosSilver_MSDS.pdf,
24,PG75762,Domus Supertube flat channel 2mtr,Domus,18.31,"Manufactured to exacting tolerances, the Domus Supertube 60 x 204mm rectangular rigid duct helps to maximise the energy efficiency of ventilation appliances. Almost completely eliminating air leakage and reducing pressure drops, it is suitable for use in the bathroom, toilet or utility room.",Renewables/Ventilation Systems/Ducting & Grilles/Ducting & Grilles.csv -> Domus Supertube flat channel 2mtr,,,https://www.wolseley.co.uk/wcsstore/ExtendedSitesCatalogAssetStore/images/products/AssetPush/wol-web-proof-medium-w/std.lang.all/57/62/NW-G75761_G75762_wm.jpg,,,,,,,,,,,,,,,https://www.wolseley.co.uk/wcsstore/ExtendedSitesCatalogAssetStore/images/products/AssetPush/DTP_AssetPushHighRes/std.lang.all/20/20/Domus_Ventilation_Guide_2020.pdf,https://www.wolseley.co.uk/wcsstore/ExtendedSitesCatalogAssetStore/images/products/AssetPush/DTP_AssetPushHighRes/std.lang.all/20/21/Domus_Specification_Guide_2021.pdf,
25,PG75732,Domus EasiPipe 100 4904W lourve grille 100mm White,Domus,5.31,"Finished in white, the Domus EasiPipe 100 rigid duct outlet louvered grille measures 155 x 155mm and connects to rigid duct via a male connection.",Renewables/Ventilation Systems/Ducting & Grilles/Ducting & Grilles.csv -> Domus EasiPipe 100 4904W lourve grille 100mm White,,,https://www.wolseley.co.uk/wcsstore/ExtendedSitesCatalogAssetStore/images/products/AssetPush/wol-web-proof-medium-w/std.lang.all/57/32/NW-G75730_G75732_wm.jpg,,,,,,,,,,,,,,,https://www.wolseley.co.uk/wcsstore/ExtendedSitesCatalogAssetStore/images/products/AssetPush/DTP_AssetPushHighRes/std.lang.all/20/21/Domus_Specification_Guide_2021.pdf,,
26,PG75954,Domus Ancillaries aluminium sealing tape,Domus,38.87,This Domus rigid aluminium duct tape is suitable for use with the rigid duct range.,Renewables/Ventilation Systems/Ducting & Grilles/Ducting & Grilles.csv -> Domus Ancillaries aluminium sealing tape,,,https://www.wolseley.co.uk/wcsstore/ExtendedSitesCatalogAssetStore/images/products/AssetPush/wol-web-proof-medium-w/std.lang.all/59/54/G75954_wm.jpg,,,,,,,,,,,,,,,https://www.wolseley.co.uk/wcsstore/ExtendedSitesCatalogAssetStore/images/products/AssetPush/DTP_AssetPushHighRes/std.lang.all/20/20/Domus_Ventilation_Guide_2020.pdf,,
27,P800210,"Stadium BM368 aluminium compartment vent 16"" x 13""",Stadium,90.0,"Made of heavy duty aluminium, this Stadium BM368 16 x 13"" compartment vent has an anodised silver finish.","Renewables/Ventilation Systems/Ducting & Grilles/Ducting & Grilles.csv -> Stadium BM368 aluminium compartment vent 16"" x 13""",,,https://www.wolseley.co.uk/wcsstore/ExtendedSitesCatalogAssetStore/images/products/AssetPush/wol-web-proof-medium-w/std.lang.all/02/10/NW-800210_wm.jpg,,,,,,,,,,,,,,,https://www.wolseley.co.uk/wcsstore/ExtendedSitesCatalogAssetStore/images/products/AssetPush/DTP_AssetPushHighRes/std.lang.all/ui/de/Stadium_Product_Guide.pdf,,
28,PG76991,Domus Attenuation microban silencer 204 x 60 x 500mm,Domus,60.19,"This Domus Microban® protected sound attenuator has been designed to significantly reduce transmitted appliance noise and prevent cross talk travelling between rooms in duct systems, reducing noise levels by up to 55dB, helping to improve privacy, concentration and comfort. Engineered to include Microban® protected foam, this product ensures fresh, clean longevity.",Renewables/Ventilation Systems/Ducting & Grilles/Ducting & Grilles.csv -> Domus Attenuation microban silencer 204 x 60 x 500mm,,,https://www.wolseley.co.uk/wcsstore/ExtendedSitesCatalogAssetStore/images/products/AssetPush/wol-web-proof-medium-w/std.lang.all/69/91/G76991_wm.jpg,,,,,,,,,,,,,,,https://www.wolseley.co.uk/wcsstore/ExtendedSitesCatalogAssetStore/images/products/AssetPush/DTP_AssetPushHighRes/std.lang.all/20/20/Domus_Ventilation_Guide_2020.pdf,https://www.wolseley.co.uk/wcsstore/ExtendedSitesCatalogAssetStore/images/products/AssetPush/DTP_AssetPushHighRes/std.lang.all/ic/al/Domus_5SL-500_Technical.pdf,
29,PG82277,Domus Megaduct TS961 fixed spigot plenum duct insulation 125mm,Domus,8.28,"Helping to maximise the efficiency of Silavent appliance, this Domus 125mm fixed spigot plenum duct insulation is part of the Domus duct system. Manufactured to precise tolerances using high quality extrusion and injection moulding tools, this smart plastic system virtually eliminates air leaks while minimising the risk of pressure drops.",Renewables/Ventilation Systems/Ducting & Grilles/Ducting & Grilles.csv -> Domus Megaduct TS961 fixed spigot plenum duct insulation 125mm,,1 plenum,https://www.wolseley.co.uk/wcsstore/ExtendedSitesCatalogAssetStore/images/products/AssetPush/wol-web-proof-medium-w/std.lang.all/22/77/G82277_wm.jpg,,,,,,,,,,,,,,,https://www.wolseley.co.uk/wcsstore/ExtendedSitesCatalogAssetStore/images/products/AssetPush/DTP_AssetPushHighRes/std.lang.all/ms/ds/Domus_SynthosSilver_MSDS.pdf,,
30,PG75848,"Domus EasePipe 125 F5904W louvred grille and fly screen 5"" White",Domus,17.87,"Made of white PVC, this Domus EasiPipe 125 louvred grille with flyscreen is suitable for use on the exterior of any building, blending in seamlessly with many types of commonly used house render. It is designed with a 125mm spigot diameter.","Renewables/Ventilation Systems/Ducting & Grilles/Ducting & Grilles.csv -> Domus EasePipe 125 F5904W louvred grille and fly screen 5"" White",,,https://www.wolseley.co.uk/wcsstore/ExtendedSitesCatalogAssetStore/images/products/AssetPush/wol-web-proof-medium-w/std.lang.all/58/48/NW-G75848_wm.jpg,,,,,,,,,,,,,,,https://www.wolseley.co.uk/wcsstore/ExtendedSitesCatalogAssetStore/images/products/AssetPush/DTP_AssetPushHighRes/std.lang.all/20/20/Domus_Ventilation_Guide_2020.pdf,https://www.wolseley.co.uk/wcsstore/ExtendedSitesCatalogAssetStore/images/products/AssetPush/DTP_AssetPushHighRes/std.lang.all/20/21/Domus_Specification_Guide_2021.pdf,
31,P800251,"Stadium BM476 plastic hit  & miss vents 9"" x 6""",Stadium,2.98,These Stadium 241 x 165mm hit and miss ventilators are made of white plastic and are supplied with integral flyscreens.,"Renewables/Ventilation Systems/Ducting & Grilles/Ducting & Grilles.csv -> Stadium BM476 plastic hit  & miss vents 9"" x 6""",,,https://www.wolseley.co.uk/wcsstore/ExtendedSitesCatalogAssetStore/images/products/AssetPush/wol-web-proof-medium-w/std.lang.all/02/52/NW-800251_800252_wm.jpg,,,,,,,,,,,,,,,https://www.wolseley.co.uk/wcsstore/ExtendedSitesCatalogAssetStore/images/products/AssetPush/DTP_AssetPushHighRes/std.lang.all/ui/de/Stadium_Product_Guide.pdf,,
32,PG75920,Domus EasiPipe 150 136-26 extract supply valve 150mm,Domus,25.76,"Used to extract or supply ventilations, the Domus EasiPipe150 rigid internal duct terminal air valve is supplied with a spigot and grab ring for easy installation into a suspended ceiling. With an aerodynamic disc valve design to help distribute the air evenly, this valve includes an open area which is adjusted using a steel threaded bar and locked in position with the supplied locking nut.",Renewables/Ventilation Systems/Ducting & Grilles/Ducting & Grilles.csv -> Domus EasiPipe 150 136-26 extract supply valve 150mm,,,https://www.wolseley.co.uk/wcsstore/ExtendedSitesCatalogAssetStore/images/products/AssetPush/wol-web-proof-medium-w/std.lang.all/59/20/NW-G75920_wm.jpg,,,,,,,,,,,,,,,https://www.wolseley.co.uk/wcsstore/ExtendedSitesCatalogAssetStore/images/products/AssetPush/DTP_AssetPushHighRes/std.lang.all/hu/re/Domus_Ventilation_Ducting_Brochure.pdf,https://www.wolseley.co.uk/wcsstore/ExtendedSitesCatalogAssetStore/images/products/AssetPush/DTP_AssetPushHighRes/std.lang.all/20/21/Domus_Specification_Guide_2021.pdf,
33,PG75664,Domus EasiPipe 150 round to rectangular adaptor,Domus,15.74,Part of the rigid duct range this Domus EasiPipe 100 round-to-rectangular in-line adapter makes changing to an alternative ducting profile simple.,Renewables/Ventilation Systems/Ducting & Grilles/Ducting & Grilles.csv -> Domus EasiPipe 150 round to rectangular adaptor,,,https://www.wolseley.co.uk/wcsstore/ExtendedSitesCatalogAssetStore/images/products/AssetPush/wol-web-proof-medium-w/std.lang.all/56/64/G75664_wm.jpg,,,,,,,,,,,,,,,https://www.wolseley.co.uk/wcsstore/ExtendedSitesCatalogAssetStore/images/products/AssetPush/DTP_AssetPushHighRes/std.lang.all/20/20/Domus_Ventilation_Guide_2020.pdf,,
34,PF69562,Domus EasiPipe 150 round pipe 150mm x 2mtr,Domus,26.72,"Suitable for use in kitchen, commercial and whole-house applications, the Domus EasiPipe 150 round rigid duct helps ventilation appliances to maximise their energy efficiency. Manufactured to exacting tolerances, this rigid duct virtually eliminates air leakage while reducing pressure drops.",Renewables/Ventilation Systems/Ducting & Grilles/Ducting & Grilles.csv -> Domus EasiPipe 150 round pipe 150mm x 2mtr,,,https://www.wolseley.co.uk/wcsstore/ExtendedSitesCatalogAssetStore/images/products/AssetPush/wol-web-proof-medium-w/std.lang.all/95/62/NW-F69560_F69562_wm.jpg,,,,,,,,,,,,,,,https://www.wolseley.co.uk/wcsstore/ExtendedSitesCatalogAssetStore/images/products/AssetPush/DTP_AssetPushHighRes/std.lang.all/hu/re/Domus_Ventilation_Ducting_Brochure.pdf,https://www.wolseley.co.uk/wcsstore/ExtendedSitesCatalogAssetStore/images/products/AssetPush/DTP_AssetPushHighRes/std.lang.all/20/21/Domus_Specification_Guide_2021.pdf,
35,PG76905,Domus Supertube in-line rigid duct (rectangular to rectangular) 220 x 90 to 204 x 60mm White,Domus,12.2,Part of the rigid duct range this Domus SuperTube rectangular-to-rectangular in-line adapter makes changing to an alternative ducting size or profile simple.,Renewables/Ventilation Systems/Ducting & Grilles/Ducting & Grilles.csv -> Domus Supertube in-line rigid duct (rectangular to rectangular) 220 x 90 to 204 x 60mm White,,,https://www.wolseley.co.uk/wcsstore/ExtendedSitesCatalogAssetStore/images/products/AssetPush/wol-web-proof-medium-w/std.lang.all/69/05/G76905_wm.jpg,,,,,,,,,,,,,,,https://www.wolseley.co.uk/wcsstore/ExtendedSitesCatalogAssetStore/images/products/AssetPush/DTP_AssetPushHighRes/std.lang.all/20/20/Domus_Ventilation_Guide_2020.pdf,,
36,PF69560,Domus EasiPipe 100 round pipe 2mtr,Domus,30.9,"Suitable for use in bathrooms, toilets and utility rooms, the Domus EasiPipe 100 round rigid duct helps ventilation appliances to maximise their energy efficiency. Manufactured to exacting tolerances, this rigid duct virtually eliminates air leakage while reducing pressure drops.",Renewables/Ventilation Systems/Ducting & Grilles/Ducting & Grilles.csv -> Domus EasiPipe 100 round pipe 2mtr,,,https://www.wolseley.co.uk/wcsstore/ExtendedSitesCatalogAssetStore/images/products/AssetPush/wol-web-proof-medium-w/std.lang.all/95/62/NW-F69560_F69562_wm.jpg,,,,,,,,,,,,,,,https://www.wolseley.co.uk/wcsstore/ExtendedSitesCatalogAssetStore/images/products/AssetPush/DTP_AssetPushHighRes/std.lang.all/hu/re/Domus_Ventilation_Ducting_Brochure.pdf,https://www.wolseley.co.uk/wcsstore/ExtendedSitesCatalogAssetStore/images/products/AssetPush/DTP_AssetPushHighRes/std.lang.all/20/21/Domus_Specification_Guide_2021.pdf,
37,PG75774,Domus EasePipe 150 F6904W louvre comes with fly 150mm White,Domus,20.41,"Made of white PVC, this Domus EasiPipe 150 louvred grille with flyscreen is suitable for use on the exterior of any building, blending in seamlessly with many types of commonly used house render. It is designed with a 125mm spigot diameter.",Renewables/Ventilation Systems/Ducting & Grilles/Ducting & Grilles.csv -> Domus EasePipe 150 F6904W louvre comes with fly 150mm White,,,https://www.wolseley.co.uk/wcsstore/ExtendedSitesCatalogAssetStore/images/products/AssetPush/wol-web-proof-medium-w/std.lang.all/57/74/NW-G75774_wm.jpg,,,,,,,,,,,,,,,https://www.wolseley.co.uk/wcsstore/ExtendedSitesCatalogAssetStore/images/products/AssetPush/DTP_AssetPushHighRes/std.lang.all/20/20/Domus_Ventilation_Guide_2020.pdf,https://www.wolseley.co.uk/wcsstore/ExtendedSitesCatalogAssetStore/images/products/AssetPush/DTP_AssetPushHighRes/std.lang.all/20/21/Domus_Specification_Guide_2021.pdf,
38,PF69561,Domus EasiPipe 125 round pipe 125mm x 2mtr,Domus,15.24,"Suitable for use in bathrooms, toilets, kitchens and utility rooms, the Domus EasiPipe 125 round rigid duct helps ventilation appliances to maximise their energy efficiency. Manufactured to exacting tolerances, this rigid duct virtually eliminates air leakage while reducing pressure drops.",Renewables/Ventilation Systems/Ducting & Grilles/Ducting & Grilles.csv -> Domus EasiPipe 125 round pipe 125mm x 2mtr,,,https://www.wolseley.co.uk/wcsstore/ExtendedSitesCatalogAssetStore/images/products/AssetPush/wol-web-proof-medium-w/std.lang.all/95/62/NW-F69560_F69562_wm.jpg,,,,,,,,,,,,,,,https://www.wolseley.co.uk/wcsstore/ExtendedSitesCatalogAssetStore/images/products/AssetPush/DTP_AssetPushHighRes/std.lang.all/hu/re/Domus_Ventilation_Ducting_Brochure.pdf,https://www.wolseley.co.uk/wcsstore/ExtendedSitesCatalogAssetStore/images/products/AssetPush/DTP_AssetPushHighRes/std.lang.all/20/21/Domus_Specification_Guide_2021.pdf,
39,P800252,"Stadium BM479 plastic hit  & miss vent 9"" x 9""",Stadium,4.09,These Stadium 241 x 241mm hit and miss ventilators are made of white plastic and are supplied with integral flyscreens.,"Renewables/Ventilation Systems/Ducting & Grilles/Ducting & Grilles.csv -> Stadium BM479 plastic hit  & miss vent 9"" x 9""",,,https://www.wolseley.co.uk/wcsstore/ExtendedSitesCatalogAssetStore/images/products/AssetPush/wol-web-proof-medium-w/std.lang.all/02/52/NW-800251_800252_wm.jpg,,,,,,,,,,,,,,,https://www.wolseley.co.uk/wcsstore/ExtendedSitesCatalogAssetStore/images/products/AssetPush/DTP_AssetPushHighRes/std.lang.all/ui/de/Stadium_Product_Guide.pdf,,
40,PG75671,Domus EasePipe 125 insulated hose 125mm x 10mtr,Domus,241.98,"Designed for ventilation use, the Domus EasiPipe 125 insulated flexible hose minimises heat gain or loss and includes a vapour barrier to help prevent the formation of condensation. Made of aluminium and fitted with a female connection, this hose is designed for use where rigid ducting is not suitable. It is ideal for slow moving air applications, for example in the ducting of tumble driers.",Renewables/Ventilation Systems/Ducting & Grilles/Ducting & Grilles.csv -> Domus EasePipe 125 insulated hose 125mm x 10mtr,,,https://www.wolseley.co.uk/wcsstore/ExtendedSitesCatalogAssetStore/images/products/AssetPush/wol-web-proof-medium-w/std.lang.all/56/71/NW-G75671_wm.jpg,,,,,,,,,,,,,,,https://www.wolseley.co.uk/wcsstore/ExtendedSitesCatalogAssetStore/images/products/AssetPush/DTP_AssetPushHighRes/std.lang.all/20/20/Domus_Ventilation_Guide_2020.pdf,https://www.wolseley.co.uk/wcsstore/ExtendedSitesCatalogAssetStore/images/products/AssetPush/DTP_AssetPushHighRes/std.lang.all/20/21/Domus_Specification_Guide_2021.pdf,
