,pid,Title,Brand,Price,Description,category,mfpartnumber,whatisincluded,Image,Attachment 1,Flow Rate,Warranty,Hazardous,Depth (mm),Enclosure Class,Standards,Supplier Product Code,Type,WEEE Compliant,Feature 1,Connection,Connection Size,Thread Standard,Material,Thread Size,Maximum Operating Temperature,Application,Feature 2,Feature 3,Feature 4,Feature 5,Attachment 2,Attachment 3,Weight,Phase,Output,Litres,Capacity Litre,Range,Feature 6,Voltage (V),Frequency,Pressure Rating
0,P472050,Grant 20030953 Pump Rdb Bio(To B10 Mix),Grant,99.18,This Grant Oil pump works with one pipe or two pipe oil feed systems.,Heating/Central Heating Pumps/Pump Parts and Accessories/Pump Parts and Accessories.csv -> Grant 20030953 Pump Rdb Bio(To B10 Mix),,,https://www.wolseley.co.uk/wcsstore/ExtendedSitesCatalogAssetStore/images/products/AssetPush/wol-web-proof-medium-w/std.lang.all/20/50/NW-472050_wm.jpg,https://www.wolseley.co.uk/wcsstore/ExtendedSitesCatalogAssetStore/images/products/AssetPush/DTP_AssetPushHighRes/std.lang.all/st/al/Grant_VortexEco_UtilitySystem_Instal.pdf,,,,,,,,,,,,,,,,,,,,,,,,,,,,,,,,,
1,P472047,Grant pump R40 bio to B10 mix,Grant,97.07,"This Grant pump is compatible with gas oil, kerosene and 20% blend biofuels.",Heating/Central Heating Pumps/Pump Parts and Accessories/Pump Parts and Accessories.csv -> Grant pump R40 bio to B10 mix,,,https://www.wolseley.co.uk/wcsstore/ExtendedSitesCatalogAssetStore/images/products/AssetPush/wol-web-proof-medium-w/std.lang.all/20/47/NW-472047_wm.jpg,https://www.wolseley.co.uk/wcsstore/ExtendedSitesCatalogAssetStore/images/products/AssetPush/DTP_AssetPushHighRes/std.lang.all/ta/ll/Grant_Vortex_Blue_Int_Combi_Install.pdf,,,,,,,,,,,,,,,,,,,,,,,,,,,,,,,,,
2,P796856,Baxi UPM3-6 pump kit UPM3-6,Baxi,412.74,"This Baxi UPM3-6 pump kit can be used in For Platinum 24 Combi ERP, Platinum 28 Combi ERP, Platinum 33 Combi ERP, Combi 224 and Combi 228 boilers",Heating/Central Heating Pumps/Pump Parts and Accessories/Pump Parts and Accessories.csv -> Baxi UPM3-6 pump kit UPM3-6,,,https://www.wolseley.co.uk/wcsstore/ExtendedSitesCatalogAssetStore/images/products/AssetPush/wol-web-proof-medium-w/std.lang.all/68/56/796856_wm.jpg,,N/A,12 Months,N,170,N/A,N/A,7713520,Pump Kit,N,"For Platinum 24 Combi ERP, Platinum 28 Combi ERP, Platinum 33 Combi ERP, Combi 224, Combi 228 boilers",,,,,,,,,,,,,,,,,,,,,,,
3,PD53825,Impey Whale 755.210 transformer for SWP+SWP/WM,Impey,228.02,"Double-insulated and thermally protected, this Impey Whale 92W transformer is offers compatibility with SWP and SWP/WM.",Heating/Central Heating Pumps/Pump Parts and Accessories/Pump Parts and Accessories.csv -> Impey Whale 755.210 transformer for SWP+SWP/WM,,,https://www.wolseley.co.uk/wcsstore/ExtendedSitesCatalogAssetStore/images/products/AssetPush/wol-web-proof-medium-w/std.lang.all/38/25/NW-D53825_wm.jpg,https://www.wolseley.co.uk/wcsstore/ExtendedSitesCatalogAssetStore/images/products/AssetPush/DTP_AssetPushHighRes/std.lang.all/ui/de/Whale_Flow_Connect_Kit_V4_Guide.pdf,,,,,,,,,,,,,,,,,,,,,,,,,,,,,,,,,
4,P610056,Fernox antifreeze valve 28mm,Fernox,132.48,"Offering high levels of performance, the Fernox TF1 28mm antifreeze valve protects glycol-free water-based air and ground source heating systems from the damage that can be caused in freezing temperatures. This protection reduces costly and inconvenient downtime while components are repaired or replaced. Easy to install, TF1 is capable of detecting the point at which liquid inside a system is liaible to freezing. When this occurs it simply opens to release system water, keeping ice from forming.",Heating/Central Heating Pumps/Pump Parts and Accessories/Pump Parts and Accessories.csv -> Fernox antifreeze valve 28mm,,,https://www.wolseley.co.uk/wcsstore/ExtendedSitesCatalogAssetStore/images/products/AssetPush/wol-web-proof-medium-w/std.lang.all/00/56/610056_wm.jpg,,,,N,,,,62664,Safety Valve,N,Protects water-based heat pump systems,Compression,28 mm,N/A,Brass,28mm,75,Heat Pumps,Robust brass construction,High performance KV values,Automatic operation when circuit temperature tips below 3°C,Supplied with both male and female BSP connections for ease of installation,,,,,,,,,,,,
5,P193158,Hotun XLSF HXLSF22-32 XLSF dry trap tundish 22x32mm White,Hotun,31.01,"The Hotun HXLSF22-32 dry trap tundish is designed to supply safe discharge from a relief valve and to keep waste pipe odours from entering a building. Built for full compliance with water and building regulations, the SF range connects relief valve discharge to a foul waste or soil pipe, with one-way flow of water along with regulation required back-flow contamination and back-siphonage protection. This prevents cross-contamination of wholesome water. This dry trap tundish is approved for use as an air break to drain in commercial and domestic systems.",Heating/Central Heating Pumps/Pump Parts and Accessories/Pump Parts and Accessories.csv -> Hotun XLSF HXLSF22-32 XLSF dry trap tundish 22x32mm White,,,https://www.wolseley.co.uk/wcsstore/ExtendedSitesCatalogAssetStore/images/products/AssetPush/wol-web-proof-medium-w/std.lang.all/31/58/NW-193158_wm.jpg,https://www.wolseley.co.uk/wcsstore/ExtendedSitesCatalogAssetStore/images/products/AssetPush/DTP_AssetPushHighRes/std.lang.all/ic/al/Hotun_SF_Technical.pdf,,,,,,,,,,,,,,,,,,,,,,https://www.wolseley.co.uk/wcsstore/ExtendedSitesCatalogAssetStore/images/products/AssetPush/DTP_AssetPushHighRes/std.lang.all/hu/re/Hotun_SF_Brochure.pdf,https://www.wolseley.co.uk/wcsstore/ExtendedSitesCatalogAssetStore/images/products/AssetPush/DTP_AssetPushHighRes/std.lang.all/ti/on/Hotun_SF_Installation.pdf,,,,,,,,,,
6,P622593,Sauermann condensing remittance pump kit 2ltr,Sauermann,51.7,"This Sauermann Si-1802 monobloc centrifugal pump kit has a 2L tank and a normally closed alarm contact. It is suitable for use with condensing boilers, cassettes and display and cold store cabinets.",Heating/Central Heating Pumps/Pump Parts and Accessories/Pump Parts and Accessories.csv -> Sauermann condensing remittance pump kit 2ltr,,Condensate pump;2m long cable;3 wires for power;2 wires for alarm;Check valve;5m roll of 10mm clear tubing;10mm connector;10 x 20mm adaptor,https://www.wolseley.co.uk/wcsstore/ExtendedSitesCatalogAssetStore/images/products/AssetPush/wol-web-proof-medium-w/std.lang.all/25/93/NW-622593_wm.jpg,,500 LPH,,Y,130,IP20,,SI1802SCUN23,Condensate Pump Kit,N,IP20 rated,,,,,,,,,,,,,,2.60000,1,0.07 kW,2,2 l,,,,,
7,PD53815,Impey Whale diaphragm plus tricuspid valve,Impey,21.71,An Impey Whale SDS061T diaphragm and tricuspid valve kit.,Heating/Central Heating Pumps/Pump Parts and Accessories/Pump Parts and Accessories.csv -> Impey Whale diaphragm plus tricuspid valve,,,https://www.wolseley.co.uk/wcsstore/ExtendedSitesCatalogAssetStore/images/products/AssetPush/wol-web-proof-medium-w/std.lang.all/38/15/NW-D53815_wm.jpg,https://www.wolseley.co.uk/wcsstore/ExtendedSitesCatalogAssetStore/images/products/AssetPush/DTP_AssetPushHighRes/std.lang.all/ui/de/Whale_Flow_Connect_Kit_V4_Guide.pdf,,,,,,,,,,,,,,,,,,,,,,,,,,,,,,,,,
8,P193157,Hotun HiFlo SF HHWSF15-32 SF dry trap tundish 15x32mm White,Hotun,26.73,"The Hotun HHWSF15-32 dry trap tundish is designed to supply safe discharge from a relief valve and to keep waste pipe odours from entering a building. Built for full compliance with water and building regulations, the SF range connects relief valve discharge to a foul waste or soil pipe, with one-way flow of water along with regulation required back-flow contamination and back-siphonage protection. This prevents cross-contamination of wholesome water. This dry trap tundish is approved for use as an air break to drain in commercial and domestic systems.",Heating/Central Heating Pumps/Pump Parts and Accessories/Pump Parts and Accessories.csv -> Hotun HiFlo SF HHWSF15-32 SF dry trap tundish 15x32mm White,,,https://www.wolseley.co.uk/wcsstore/ExtendedSitesCatalogAssetStore/images/products/AssetPush/wol-web-proof-medium-w/std.lang.all/31/57/NW-193157_wm.jpg,https://www.wolseley.co.uk/wcsstore/ExtendedSitesCatalogAssetStore/images/products/AssetPush/DTP_AssetPushHighRes/std.lang.all/ic/al/Hotun_SF_Technical.pdf,,,,,,,,,,,,,,,,,,,,,,https://www.wolseley.co.uk/wcsstore/ExtendedSitesCatalogAssetStore/images/products/AssetPush/DTP_AssetPushHighRes/std.lang.all/hu/re/Hotun_SF_Brochure.pdf,https://www.wolseley.co.uk/wcsstore/ExtendedSitesCatalogAssetStore/images/products/AssetPush/DTP_AssetPushHighRes/std.lang.all/ti/on/Hotun_SF_Installation.pdf,,,,,,,,,,
9,P201695,Grundfos Conlift condensate pump hose extension 6mtr,Grundfos,161.0,"Supplied in a 6M length, this Grundfos Conlift PVC 10mm internal diameter hose extension with hose coupling is designed for specific use with Conlift pumps.",Heating/Central Heating Pumps/Pump Parts and Accessories/Pump Parts and Accessories.csv -> Grundfos Conlift condensate pump hose extension 6mtr,,Hose extension;Coupling,https://www.wolseley.co.uk/wcsstore/ExtendedSitesCatalogAssetStore/images/products/AssetPush/wol-web-proof-medium-w/std.lang.all/16/95/NW-201695_wm.jpg,https://www.wolseley.co.uk/wcsstore/ExtendedSitesCatalogAssetStore/images/products/AssetPush/DTP_AssetPushHighRes/std.lang.all/ui/de/Grundfos_Conlift_Guide.pdf,,,,,,,,,,,,,,,,,,,,,,https://www.wolseley.co.uk/wcsstore/ExtendedSitesCatalogAssetStore/images/products/AssetPush/DTP_AssetPushHighRes/std.lang.all/ti/on/Grundfos_Conlift1_LS_Installation.pdf,,,,,,,,,,,
10,P141531,"Pump House Adaptors condesate pump adaptor 3/8"" to 22mm",Pump House,8.17,"This 3/8"" to 22mm Pump House condensate drain adapter is designed for use with tank condensate pumps.","Heating/Central Heating Pumps/Pump Parts and Accessories/Pump Parts and Accessories.csv -> Pump House Adaptors condesate pump adaptor 3/8"" to 22mm",,,https://www.wolseley.co.uk/wcsstore/ExtendedSitesCatalogAssetStore/images/products/AssetPush/wol-web-proof-medium-w/std.lang.all/15/31/NW-141531_wm.jpg,https://www.wolseley.co.uk/wcsstore/ExtendedSitesCatalogAssetStore/images/products/AssetPush/DTP_AssetPushHighRes/std.lang.all/hu/re/Pumphouse_RAC1_Brochure.pdf,,,,,,,,,,,,,,,,,,,,,,https://www.wolseley.co.uk/wcsstore/ExtendedSitesCatalogAssetStore/images/products/AssetPush/DTP_AssetPushHighRes/std.lang.all/wi/ng/CADType2_Line Drawing.pdf,https://www.wolseley.co.uk/wcsstore/ExtendedSitesCatalogAssetStore/images/products/AssetPush/DTP_AssetPushHighRes/std.lang.all/ic/al/PumpHouse_Pump_Accessories_Technical.pdf,,,,,,,,,,
11,P150062,Grundfos Magna 3 spacer kit PN6 40mm,Grundfos,76.78,"Made of steel, this Grundfos adapter allows for the replacement of a pump with a different port-to-port length.",Heating/Central Heating Pumps/Pump Parts and Accessories/Pump Parts and Accessories.csv -> Grundfos Magna 3 spacer kit PN6 40mm,,,https://www.wolseley.co.uk/wcsstore/ExtendedSitesCatalogAssetStore/images/products/AssetPush/wol-web-proof-medium-w/std.lang.all/00/62/NW-150062_wm.jpg,https://www.wolseley.co.uk/wcsstore/ExtendedSitesCatalogAssetStore/images/products/AssetPush/DTP_AssetPushHighRes/std.lang.all/hu/re/Grundfos_MAGNA3_Model_D_Brochure.pdf,,,,,,,,,,,,,,,,,,,,,,https://www.wolseley.co.uk/wcsstore/ExtendedSitesCatalogAssetStore/images/products/AssetPush/DTP_AssetPushHighRes/std.lang.all/hu/re/Grundfos_Circulator_Pumps_Brochure.pdf,,,,,,,,,,,
12,P193154,Hotun SF HBSF15-22 SF dry trap tundish 15x22mm Black,Hotun,27.47,"The Hotun HBSF15-22 dry trap tundish is designed to supply safe discharge from a relief valve and to keep waste pipe odours from entering a building. Built for full compliance with water and building regulations, the SF range connects relief valve discharge to a foul waste or soil pipe, with one-way flow of water along with regulation required back-flow contamination and back-siphonage protection. This prevents cross-contamination of wholesome water. This dry trap tundish is approved for use as an air break to drain in commercial and domestic systems.",Heating/Central Heating Pumps/Pump Parts and Accessories/Pump Parts and Accessories.csv -> Hotun SF HBSF15-22 SF dry trap tundish 15x22mm Black,,,https://www.wolseley.co.uk/wcsstore/ExtendedSitesCatalogAssetStore/images/products/AssetPush/wol-web-proof-medium-w/std.lang.all/31/54/NW-193154_wm.jpg,https://www.wolseley.co.uk/wcsstore/ExtendedSitesCatalogAssetStore/images/products/AssetPush/DTP_AssetPushHighRes/std.lang.all/ic/al/Hotun_SF_Technical.pdf,,,,,,,,,,,,,,,,,,,,,,https://www.wolseley.co.uk/wcsstore/ExtendedSitesCatalogAssetStore/images/products/AssetPush/DTP_AssetPushHighRes/std.lang.all/hu/re/Hotun_SF_Brochure.pdf,https://www.wolseley.co.uk/wcsstore/ExtendedSitesCatalogAssetStore/images/products/AssetPush/DTP_AssetPushHighRes/std.lang.all/ti/on/Hotun_SF_Installation.pdf,,,,,,,,,,
13,P100632,Wilo mounting feet kit DN65-DN100,Wilo,168.33,"Made of KTL-coated 513 material, this Wilo F 3-14 60mm mounting bracket set with fixings, is designed for the installation of inline and monobloc pumps onto a base. Comprised of several brackets, this set is intended for screwed connection with screw-on bases or pump feet. Three angles ensure secure fastening of the pump to the foundation.",Heating/Central Heating Pumps/Pump Parts and Accessories/Pump Parts and Accessories.csv -> Wilo mounting feet kit DN65-DN100,,,https://www.wolseley.co.uk/wcsstore/ExtendedSitesCatalogAssetStore/images/products/AssetPush/wol-web-proof-medium-w/std.lang.all/06/32/NW-100631_100632_wm.jpg,https://www.wolseley.co.uk/wcsstore/ExtendedSitesCatalogAssetStore/images/products/AssetPush/DTP_AssetPushHighRes/std.lang.all/te/ch/Wilo_F3-14_Mounting_Bracket_Tech.pdf,,,,,,,,,,,,,,,,,,,,,,,,,,,,,,,,,
14,P144238,Grundfos add on CPL packed,Grundfos,301.88,"This Grundfos CIM 200 interface module is designed for communication via Modbus RTU Fieldbus protocol, fitting into the pump terminal box. The CIM module enables the communication of operating data, such as measured values and setpoints between 11 - 22kW E-pumps and building management systems (BMS).",Heating/Central Heating Pumps/Pump Parts and Accessories/Pump Parts and Accessories.csv -> Grundfos add on CPL packed,,,https://www.wolseley.co.uk/wcsstore/ExtendedSitesCatalogAssetStore/images/products/AssetPush/wol-web-proof-medium-w/std.lang.all/42/38/NW-144238_wm.jpg,https://www.wolseley.co.uk/wcsstore/ExtendedSitesCatalogAssetStore/images/products/AssetPush/DTP_AssetPushHighRes/std.lang.all/ui/de/Grundfos_E_Pumps_Guide.pdf,,,,,,,,,,,,,,,,,,,,,,,,,,,,,,,,,
15,P158055,Grundfos bacnet add on coupling,Grundfos,301.88,"This Grundfos CIM 300 interface module is designed for communication via BACnet MS/TP Fieldbus protocol, fitting into the pump terminal box. The CIM module enables the communication of operating data, such as measured values and setpoints between 11 - 22kW E-pumps and building management systems (BMS).",Heating/Central Heating Pumps/Pump Parts and Accessories/Pump Parts and Accessories.csv -> Grundfos bacnet add on coupling,,,https://www.wolseley.co.uk/wcsstore/ExtendedSitesCatalogAssetStore/images/products/AssetPush/wol-web-proof-medium-w/std.lang.all/80/55/NW-158055_wm.jpg,https://www.wolseley.co.uk/wcsstore/ExtendedSitesCatalogAssetStore/images/products/AssetPush/DTP_AssetPushHighRes/std.lang.all/ui/de/Grundfos_E_Pumps_Guide.pdf,,,,,,,,,,,,,,,,,,,,,,,,,,,,,,,,,
16,P108848,Wilo Yonos Maxo connect module,Wilo,278.0,"A universal module for the complete Yonos Maxo series that is suitable for single and twin-head pumps, for new installations and for retrofitting pumps that have already been installed.  The Wilo-Connect module enables the optimal integration of the Wilo-Yonos Maxo into the building management system. Dual pump management is already integrated with no additional components required.  Compatible with Wilo Yonos Maxo, Wilo Yonos Maxo-D & Wilo Yonos Maxo-Z circulation pumps.",Heating/Central Heating Pumps/Pump Parts and Accessories/Pump Parts and Accessories.csv -> Wilo Yonos Maxo connect module,,Yonos Maxo module;2x fastening screws;4x threaded cable glands M16;Installation ;operating instructions,https://www.wolseley.co.uk/wcsstore/ExtendedSitesCatalogAssetStore/images/products/AssetPush/wol-web-proof-medium-w/std.lang.all/88/48/NW-108848_wm.jpg,https://www.wolseley.co.uk/wcsstore/ExtendedSitesCatalogAssetStore/images/products/AssetPush/DTP_AssetPushHighRes/std.lang.all/ic/al/Wilo_Yonos_Maxo_Technical.pdf,,,,,,,,,,,,,,,,,,,,,,https://www.wolseley.co.uk/wcsstore/ExtendedSitesCatalogAssetStore/images/products/AssetPush/DTP_AssetPushHighRes/std.lang.all/ca/te/Wilo_REACH_Certificate.pdf,,,,,,,,,,,
17,P144839,Grundfos 96412344 vibration damper,Grundfos,112.85,"Designed for use with the Hydro MPC pump system, this Grundfos CRI(E) 1 to CRI(E) 3 machine shoe reduces vibrations passed from a system into the floor, allowing for height adjustment by ±20mm.",Heating/Central Heating Pumps/Pump Parts and Accessories/Pump Parts and Accessories.csv -> Grundfos 96412344 vibration damper,,,https://www.wolseley.co.uk/wcsstore/ExtendedSitesCatalogAssetStore/images/products/AssetPush/wol-web-proof-medium-w/std.lang.all/48/39/NW-144839_wm.jpg,https://www.wolseley.co.uk/wcsstore/ExtendedSitesCatalogAssetStore/images/products/AssetPush/DTP_AssetPushHighRes/std.lang.all/ui/de/Grundfos_Hydro_Multi_S_Data_Guide.pdf,,,,,,,,,,,,,,,,,,,,,,,,,,,,,,,,,
18,P146385,Wilo IF stratos module extension,Wilo,202.0,This Wilo interface module acts as a retrofit table plug-in for extending the communication interfaces of a pump in accordance with various standards and protocol variants according to type key.,Heating/Central Heating Pumps/Pump Parts and Accessories/Pump Parts and Accessories.csv -> Wilo IF stratos module extension,,,https://www.wolseley.co.uk/wcsstore/ExtendedSitesCatalogAssetStore/images/products/AssetPush/wol-web-proof-medium-w/std.lang.all/63/85/NW-146385_wm.jpg,https://www.wolseley.co.uk/wcsstore/ExtendedSitesCatalogAssetStore/images/products/AssetPush/DTP_AssetPushHighRes/std.lang.all/ic/al/Wilo_IF_Module_Technical.pdf,,,,,,,,,,,,,,,,,,,,,,,,,,,,,,,,,
19,P149257,Grundfos transducer kit 0-4bar,Grundfos,837.38,This Grundfos 12 - 30V differential-pressure sensor with M12 screw (self-cutting) for mounting on MGE 180 is supplied with an angular bracket for mounting on a motor or bracket for wall mounting.,Heating/Central Heating Pumps/Pump Parts and Accessories/Pump Parts and Accessories.csv -> Grundfos transducer kit 0-4bar,,Sensor;Angular bracket;M12 screw,https://www.wolseley.co.uk/wcsstore/ExtendedSitesCatalogAssetStore/images/products/AssetPush/wol-web-proof-medium-w/std.lang.all/92/57/NW-149256_149257_wm.jpg,https://www.wolseley.co.uk/wcsstore/ExtendedSitesCatalogAssetStore/images/products/AssetPush/DTP_AssetPushHighRes/std.lang.all/ui/de/Grundfos_E_Pumps_Guide.pdf,,,,,,,,,,,,,,,,,,,,,,,,,,,,,,,,,
20,P149256,Grundfos pressure tranducer 0-6bar,Grundfos,837.38,"This Grundfos 12 - 30V differential-pressure sensor with 3x capillary tubes (short/long) and 2x fittings (1/4 - 7/16"") is supplied with an angular bracket for mounting on a motor or a bracket for wall mounting.",Heating/Central Heating Pumps/Pump Parts and Accessories/Pump Parts and Accessories.csv -> Grundfos pressure tranducer 0-6bar,,Sensor;Angular bracket;3x capillary tubes (short/long);2x fittings (1/4 to 7/16 inch),https://www.wolseley.co.uk/wcsstore/ExtendedSitesCatalogAssetStore/images/products/AssetPush/wol-web-proof-medium-w/std.lang.all/92/57/NW-149256_149257_wm.jpg,https://www.wolseley.co.uk/wcsstore/ExtendedSitesCatalogAssetStore/images/products/AssetPush/DTP_AssetPushHighRes/std.lang.all/ui/de/Grundfos_E_Pumps_Guide.pdf,,,,,,,,,,,,,,,,,,,,,,,,,,,,,,,,,
21,P109964,Wilo TOP-S SD40/7 EM head kit,Wilo,747.3,A Wilo TOP-S 40/7 pump head.,Heating/Central Heating Pumps/Pump Parts and Accessories/Pump Parts and Accessories.csv -> Wilo TOP-S SD40/7 EM head kit,,,https://www.wolseley.co.uk/wcsstore/ExtendedSitesCatalogAssetStore/images/products/AssetPush/wol-web-proof-medium-w/std.lang.all/13/74/121374_wm.jpg,,,,N,,,,29991416,Pump Head,N,Pre-selectable speed stages for manual capacity adjustment,,,,,,,,Automatically vented,Simple installation,"Quiet, maintenance free",,,,,,,,,TOP-S,,,,
22,P143901,Grundfos 40-120/2 1 phase pump head,Grundfos,1188.0,This Grundfos Model C 230 - 240V pump head kit is suitable for use with UPS40-120 pumps.,Heating/Central Heating Pumps/Pump Parts and Accessories/Pump Parts and Accessories.csv -> Grundfos 40-120/2 1 phase pump head,,,https://www.wolseley.co.uk/wcsstore/ExtendedSitesCatalogAssetStore/images/products/AssetPush/wol-web-proof-medium-w/std.lang.all/39/01/NW-143901_wm.jpg,https://www.wolseley.co.uk/wcsstore/ExtendedSitesCatalogAssetStore/images/products/AssetPush/DTP_AssetPushHighRes/std.lang.all/hu/re/Grundfos_UPS_UPSD_Brochure.pdf,,,,,,,,,,,,,,,,,,,,,,,,,,,,,,,,,
23,P100631,Wilo mounting feet kit DN32-DN50,Wilo,146.0,"Made of KTL-coated 513 material, this Wilo F 3-12 60mm mounting bracket set with fixings is designed for the installation of inline and monobloc pumps onto a base. Comprised of several brackets, this set is intended for screwed connection with screw-on bases or pump feet. Three angles ensure secure fastening of the pump to the foundation.",Heating/Central Heating Pumps/Pump Parts and Accessories/Pump Parts and Accessories.csv -> Wilo mounting feet kit DN32-DN50,,,https://www.wolseley.co.uk/wcsstore/ExtendedSitesCatalogAssetStore/images/products/AssetPush/wol-web-proof-medium-w/std.lang.all/06/32/NW-100631_100632_wm.jpg,https://www.wolseley.co.uk/wcsstore/ExtendedSitesCatalogAssetStore/images/products/AssetPush/DTP_AssetPushHighRes/std.lang.all/ic/al/Wilo_Mounting_Bracket_Technical.pdf,,,,,,,,,,,,,,,,,,,,,,,,,,,,,,,,,
24,P173640,Grundfos flexibles 50mm Stainless Steel,Grundfos,422.73,"Made of stainless steel, this Grundfos JBP20BS screwed pump connector consists of a grade 321 convoluted hose with grade 304 outer protective braid fitted with fixed grade 316 BSPT male end connections. This Stourflex connector reduces the noise and vibration created by pumps and reciprocating machinery.",Heating/Central Heating Pumps/Pump Parts and Accessories/Pump Parts and Accessories.csv -> Grundfos flexibles 50mm Stainless Steel,,Connector;Convoluted hose (grade 321);Outer protective braid (grade 304),https://www.wolseley.co.uk/wcsstore/ExtendedSitesCatalogAssetStore/images/products/AssetPush/wol-web-proof-medium-w/std.lang.all/36/40/173640_wm.jpg,,,,N,300,,,97522730,Connector,N,300°C maximum working temperature,,,,,,,,16 bar maximum working pressure,Do not use at both maximum working temperature and pressure,Maximum test pressure equal to 1.5x working pressure/1.5x flange rating,"Compatible with chilled water, LTHW, MTHW and steam",,,3.28807,,,,,,,,,
25,P193156,Hotun HiFlo SF HHBSF15-32 SF dry trap tundish 15x32mm Black,Hotun,26.73,"The Hotun HHBSF15-32 dry trap tundish is designed to supply safe discharge from a relief valve and to keep waste pipe odours from entering a building. Built for full compliance with water and building regulations, the SF range connects relief valve discharge to a foul waste or soil pipe, with one-way flow of water along with regulation required back-flow contamination and back-siphonage protection. This prevents cross-contamination of wholesome water. This dry trap tundish is approved for use as an air break to drain in commercial and domestic systems.",Heating/Central Heating Pumps/Pump Parts and Accessories/Pump Parts and Accessories.csv -> Hotun HiFlo SF HHBSF15-32 SF dry trap tundish 15x32mm Black,,,https://www.wolseley.co.uk/wcsstore/ExtendedSitesCatalogAssetStore/images/products/AssetPush/wol-web-proof-medium-w/std.lang.all/31/56/NW-193156_wm.jpg,https://www.wolseley.co.uk/wcsstore/ExtendedSitesCatalogAssetStore/images/products/AssetPush/DTP_AssetPushHighRes/std.lang.all/ic/al/Hotun_SF_Technical.pdf,,,,,,,,,,,,,,,,,,,,,,https://www.wolseley.co.uk/wcsstore/ExtendedSitesCatalogAssetStore/images/products/AssetPush/DTP_AssetPushHighRes/std.lang.all/hu/re/Hotun_SF_Brochure.pdf,https://www.wolseley.co.uk/wcsstore/ExtendedSitesCatalogAssetStore/images/products/AssetPush/DTP_AssetPushHighRes/std.lang.all/ti/on/Hotun_SF_Installation.pdf,,,,,,,,,,
26,P101268,Grundfos Hydro Solo-E Optimum universal dongle,Grundfos,434.0,"This Grundfos Hydro Solo-E Optimum universal dongle connects you to Grundfos GO, a comprehensive platform for mobile pump control. Intuitive and simple Grundfos online tools save time and work, offering easy reporting and data collection and remote control of installation, data monitoring and fault recognition via IR or radio connection. This tool is suitable for domestic ground water intake, drinking water treatment, ground water intake, solar water solutions, surface water intake, water distribution, flood control, wastewater treatment, wastewater transport, irrigation groundwater supply, livestock watering, irrigation surface water and transfer applications.",Heating/Central Heating Pumps/Pump Parts and Accessories/Pump Parts and Accessories.csv -> Grundfos Hydro Solo-E Optimum universal dongle,,,https://www.wolseley.co.uk/wcsstore/ExtendedSitesCatalogAssetStore/images/products/AssetPush/wol-web-proof-medium-w/std.lang.all/12/68/NW-101268_wm.jpg,https://www.wolseley.co.uk/wcsstore/ExtendedSitesCatalogAssetStore/images/products/AssetPush/DTP_AssetPushHighRes/std.lang.all/og/ue/Grundfos_HydroSoloEOptimum_Catalogue.pdf,,,,,,,,,,,,,,,,,,,,,,,,,,,,,,,,,
27,P144342,"Grundfos G2 union set BSP 1.1/4""",Grundfos,15.73,"Made of cast iron, this Grundfos Union set with G2/Rp 1 1/4"" pipework connection offers a PN10 pressure rating and compatibility with a wide range of light commercial circulator pumps.","Heating/Central Heating Pumps/Pump Parts and Accessories/Pump Parts and Accessories.csv -> Grundfos G2 union set BSP 1.1/4""",,,https://www.wolseley.co.uk/wcsstore/ExtendedSitesCatalogAssetStore/images/products/AssetPush/wol-web-proof-medium-w/std.lang.all/43/42/NW-144342_wm.jpg,https://www.wolseley.co.uk/wcsstore/ExtendedSitesCatalogAssetStore/images/products/AssetPush/DTP_AssetPushHighRes/std.lang.all/ui/de/Grundfos_Alpha2_CircularPump_Guide.pdf,,,,,,,,,,,,,,,,,,,,,,https://www.wolseley.co.uk/wcsstore/ExtendedSitesCatalogAssetStore/images/products/AssetPush/DTP_AssetPushHighRes/std.lang.all/ti/on/Grundfos_Alpha2_L_Installation.pdf,https://www.wolseley.co.uk/wcsstore/ExtendedSitesCatalogAssetStore/images/products/AssetPush/DTP_AssetPushHighRes/std.lang.all/io/ns/Grundfos_Alpha2_Instructions.pdf,,,,,,,,,,
28,P180047,Grundfos Alpha straight spare plug coupling,Grundfos,28.0,A Grundfos Alpha pump plug with straight standard connection.,Heating/Central Heating Pumps/Pump Parts and Accessories/Pump Parts and Accessories.csv -> Grundfos Alpha straight spare plug coupling,,,https://www.wolseley.co.uk/wcsstore/ExtendedSitesCatalogAssetStore/images/products/AssetPush/wol-web-proof-medium-w/std.lang.all/00/47/NW-180047_wm.jpg,https://www.wolseley.co.uk/wcsstore/ExtendedSitesCatalogAssetStore/images/products/AssetPush/DTP_AssetPushHighRes/std.lang.all/ti/on/Grundfos_Alpha_Plug_Installation.pdf,,,,,,,,,,,,,,,,,,,,,,https://www.wolseley.co.uk/wcsstore/ExtendedSitesCatalogAssetStore/images/products/AssetPush/DTP_AssetPushHighRes/std.lang.all/hu/re/Grundfos_Alpha1_Brochure.pdf,,,,,,,,,,,
29,P141530,Pump House Adaptors condensate soil and vent adaptor,Pump House,18.34,"Made of stainless steel, this Pump House 6 to 9.5mm (1/4 to 3/8"") self-sealing soil and vent adapter connects hose to soil and vent pipes.",Heating/Central Heating Pumps/Pump Parts and Accessories/Pump Parts and Accessories.csv -> Pump House Adaptors condensate soil and vent adaptor,,,https://www.wolseley.co.uk/wcsstore/ExtendedSitesCatalogAssetStore/images/products/AssetPush/wol-web-proof-medium-w/std.lang.all/15/30/NW-141530_wm.jpg,https://www.wolseley.co.uk/wcsstore/ExtendedSitesCatalogAssetStore/images/products/AssetPush/DTP_AssetPushHighRes/std.lang.all/20/16/Pump_House_Catalogue_2016.pdf,,,,,,,,,,,,,,,,,,,,,,https://www.wolseley.co.uk/wcsstore/ExtendedSitesCatalogAssetStore/images/products/AssetPush/DTP_AssetPushHighRes/std.lang.all/te/ch/Pump_House_CondensatePump_Acsrs_Tech.pdf,,,,,,,,,,,
30,P148839,"Grundfos brass union set BSP 1.1/4""",Grundfos,136.0,"Made of brass and bronze, this Grundfos union set with G2/Rp 1 1/4"" pipework connection and PN10 pressure rating is designed for Alpha2 TP 32B and UP 32B circulator pumps.","Heating/Central Heating Pumps/Pump Parts and Accessories/Pump Parts and Accessories.csv -> Grundfos brass union set BSP 1.1/4""",,,https://www.wolseley.co.uk/wcsstore/ExtendedSitesCatalogAssetStore/images/products/AssetPush/wol-web-proof-medium-w/std.lang.all/88/39/NW-148839_wm.jpg,https://www.wolseley.co.uk/wcsstore/ExtendedSitesCatalogAssetStore/images/products/AssetPush/DTP_AssetPushHighRes/std.lang.all/ti/on/Grundfos_Alpha2_L_Installation.pdf,,,,,,,,,,,,,,,,,,,,,,https://www.wolseley.co.uk/wcsstore/ExtendedSitesCatalogAssetStore/images/products/AssetPush/DTP_AssetPushHighRes/std.lang.all/io/ns/Grundfos_Alpha2_Instructions.pdf,,,,,,,,,,,
31,P148884,"Grundfos union valve set 22mm 1 1/4""",Grundfos,49.0,"This Grundfos connecting piece is made of brass and bronze with a ball valve and G1 1/4"" pump connection x 22mm pipework connection.","Heating/Central Heating Pumps/Pump Parts and Accessories/Pump Parts and Accessories.csv -> Grundfos union valve set 22mm 1 1/4""",,,https://www.wolseley.co.uk/wcsstore/ExtendedSitesCatalogAssetStore/images/products/AssetPush/wol-web-proof-medium-w/std.lang.all/88/84/NW-148884_wm.jpg,https://www.wolseley.co.uk/wcsstore/ExtendedSitesCatalogAssetStore/images/products/AssetPush/DTP_AssetPushHighRes/std.lang.all/20/17/Grundfos_Pump_Replacement_Guide_2017.pdf,,,,,,,,,,,,,,,,,,,,,,,,,,,,,,,,,
32,P157045,Grundfos 96412345 vibration damper,Grundfos,171.13,"Designed for use with the Hydro MPC pump system, this Grundfos CRI(E) 10 to CRI(E) 20 machine shoe reduces vibrations passed from a system into the floor, allowing for height adjustment by ±20mm.",Heating/Central Heating Pumps/Pump Parts and Accessories/Pump Parts and Accessories.csv -> Grundfos 96412345 vibration damper,,,https://www.wolseley.co.uk/wcsstore/ExtendedSitesCatalogAssetStore/images/products/AssetPush/wol-web-proof-medium-w/std.lang.all/70/45/NW-157045_wm.jpg,https://www.wolseley.co.uk/wcsstore/ExtendedSitesCatalogAssetStore/images/products/AssetPush/DTP_AssetPushHighRes/std.lang.all/ui/de/Grundfos_Hydro_Multi_S_Data_Guide.pdf,,,,,,,,,,,,,,,,,,,,,,,,,,,,,,,,,
33,P193155,Hotun SF HWSF15-22 SF dry trap tundish 15x22mm White,Hotun,25.43,"The Hotun HWSF15-22 dry trap tundish is designed to supply safe discharge from a relief valve and to keep waste pipe odours from entering a building. Built for full compliance with water and building regulations, the SF range connects relief valve discharge to a foul waste or soil pipe, with one-way flow of water along with regulation required back-flow contamination and back-siphonage protection. This prevents cross-contamination of wholesome water. This dry trap tundish is approved for use as an air break to drain in commercial and domestic systems.",Heating/Central Heating Pumps/Pump Parts and Accessories/Pump Parts and Accessories.csv -> Hotun SF HWSF15-22 SF dry trap tundish 15x22mm White,,,https://www.wolseley.co.uk/wcsstore/ExtendedSitesCatalogAssetStore/images/products/AssetPush/wol-web-proof-medium-w/std.lang.all/31/55/NW-193155_wm.jpg,https://www.wolseley.co.uk/wcsstore/ExtendedSitesCatalogAssetStore/images/products/AssetPush/DTP_AssetPushHighRes/std.lang.all/ic/al/Hotun_SF_Technical.pdf,,,,,,,,,,,,,,,,,,,,,,https://www.wolseley.co.uk/wcsstore/ExtendedSitesCatalogAssetStore/images/products/AssetPush/DTP_AssetPushHighRes/std.lang.all/hu/re/Hotun_SF_Brochure.pdf,https://www.wolseley.co.uk/wcsstore/ExtendedSitesCatalogAssetStore/images/products/AssetPush/DTP_AssetPushHighRes/std.lang.all/ti/on/Hotun_SF_Installation.pdf,,,,,,,,,,
34,P118449,Baxi Multifit wired multi outdoor sensor for combi boiler White,Baxi,35.28,"Designed to position a temperature sensor on an outside wall, this Baxi Multifit QAC34 outdoor sensor kit allows homeowners to enjoy all the efficiency benefits of outdoor weather temperature compensation control. The sensor takes the outdoor temperature into consideration and regulates boiler flow temperature accordingly to meet the required comfort levels with minimal waste.",Heating/Central Heating Pumps/Pump Parts and Accessories/Pump Parts and Accessories.csv -> Baxi Multifit wired multi outdoor sensor for combi boiler White,,,https://www.wolseley.co.uk/wcsstore/ExtendedSitesCatalogAssetStore/images/products/AssetPush/wol-web-proof-medium-w/std.lang.all/84/49/NW-118449_wm.jpg,https://www.wolseley.co.uk/wcsstore/ExtendedSitesCatalogAssetStore/images/products/AssetPush/DTP_AssetPushHighRes/std.lang.all/ti/on/118449_Installation.pdf,,,,,,,,,,,,,,,,,,,,,,https://www.wolseley.co.uk/wcsstore/ExtendedSitesCatalogAssetStore/images/products/AssetPush/DTP_AssetPushHighRes/std.lang.all/ui/de/Baxi_Range_Guide.pdf,,,,,,,,,,,
35,P538602,"Altecnic Caleffi 108701 anti-freeze valve 1 1/4""",Altecnic,96.88,"Protecting heat pump equipment as well as associated valves and pipework, the Altecnic Caleffi 1 1/4"" anti-freeze valve drains circuit medium when its temperature reaches a low of 3C. This keeps potentially damaging ice from forming in the system, reducing the risk of damage and malfunction.","Heating/Central Heating Pumps/Pump Parts and Accessories/Pump Parts and Accessories.csv -> Altecnic Caleffi 108701 anti-freeze valve 1 1/4""",,,https://www.wolseley.co.uk/wcsstore/ExtendedSitesCatalogAssetStore/images/products/AssetPush/wol-web-proof-medium-w/std.lang.all/86/02/538602_wm.jpg,,,,N,,,,108701,Anti-Freeze Valve,N,For use with heat pumps,MBSP,1.1/4 in,G / BSPP,Brass,1 1/4 in,65,Heat Pumps,Prevents ice forming in circuit,Reduces risk of damage to machine and pipes,Mechanical protective system,Air sensor versions allows system to work in cooling mode with water temperature approaching 3°C,,,,,,,,Caleffi,"With 1 1/4"" BSP male connections",,,
36,P148885,"Grundfos brass union set 3/4""",Grundfos,52.0,"Made of brass and bronze, this Grundfos union set with G1 1/4"" pump connection x Rp 3/4"" pipe connection is designed for use with UP 20-xx N and B pumps.","Heating/Central Heating Pumps/Pump Parts and Accessories/Pump Parts and Accessories.csv -> Grundfos brass union set 3/4""",,,https://www.wolseley.co.uk/wcsstore/ExtendedSitesCatalogAssetStore/images/products/AssetPush/wol-web-proof-medium-w/std.lang.all/88/85/NW-148885_wm.jpg,https://www.wolseley.co.uk/wcsstore/ExtendedSitesCatalogAssetStore/images/products/AssetPush/DTP_AssetPushHighRes/std.lang.all/20/17/Grundfos_Pump_Replacement_Guide_2017.pdf,,,,,,,,,,,,,,,,,,,,,,,,,,,,,,,,,
37,P193159,Hotun Shield SF HSSF tundish shield SF,Hotun,5.67,"The Hotun HSSF dry trap tundish is designed to supply safe discharge from a relief valve and to keep waste pipe odours from entering a building. Built for full compliance with water and building regulations, the SF range connects relief valve discharge to a foul waste or soil pipe, with one-way flow of water along with regulation required back-flow contamination and back-siphonage protection. This prevents cross-contamination of wholesome water. This dry trap tundish is approved for use as an air break to drain in commercial and domestic systems.",Heating/Central Heating Pumps/Pump Parts and Accessories/Pump Parts and Accessories.csv -> Hotun Shield SF HSSF tundish shield SF,,,https://www.wolseley.co.uk/wcsstore/ExtendedSitesCatalogAssetStore/images/products/AssetPush/wol-web-proof-medium-w/std.lang.all/31/59/NW-193159_wm.jpg,https://www.wolseley.co.uk/wcsstore/ExtendedSitesCatalogAssetStore/images/products/AssetPush/DTP_AssetPushHighRes/std.lang.all/ic/al/Hotun_SF_Technical.pdf,,,,,,,,,,,,,,,,,,,,,,https://www.wolseley.co.uk/wcsstore/ExtendedSitesCatalogAssetStore/images/products/AssetPush/DTP_AssetPushHighRes/std.lang.all/hu/re/Hotun_SF_Brochure.pdf,https://www.wolseley.co.uk/wcsstore/ExtendedSitesCatalogAssetStore/images/products/AssetPush/DTP_AssetPushHighRes/std.lang.all/ti/on/Hotun_SF_Installation.pdf,,,,,,,,,,
38,P149246,Grundfos differential pressure transducer 0-2.5bar,Grundfos,837.38,This Grundfos 12 - 30V differential-pressure sensor with M8 screw (self-cutting) for mounting on MGE 112/132 is supplied with an angular bracket for mounting on a motor or a bracket for wall mounting.,Heating/Central Heating Pumps/Pump Parts and Accessories/Pump Parts and Accessories.csv -> Grundfos differential pressure transducer 0-2.5bar,,Sensor;Angular bracket;M8 screw,https://www.wolseley.co.uk/wcsstore/ExtendedSitesCatalogAssetStore/images/products/AssetPush/wol-web-proof-medium-w/std.lang.all/92/46/NW-149246_wm.jpg,https://www.wolseley.co.uk/wcsstore/ExtendedSitesCatalogAssetStore/images/products/AssetPush/DTP_AssetPushHighRes/std.lang.all/ui/de/Grundfos_E_Pumps_Guide.pdf,,,,,,,,,,,,,,,,,,,,,,,,,,,,,,,,,
39,P110984,"Grundfos Magna Kit, Phead DN50-120 MAGNA1 ABC/MAGNA3 D",Grundfos,1643.0,"This Grundfos Magna DN 50-120 pump head kit, including shaft with impeller and rotor can, is compatible with Magna1 A, B and C and Magna3 D pumps.","Heating/Central Heating Pumps/Pump Parts and Accessories/Pump Parts and Accessories.csv -> Grundfos Magna Kit, Phead DN50-120 MAGNA1 ABC/MAGNA3 D",,Shaft;Impeller;Rotor can,https://www.wolseley.co.uk/wcsstore/ExtendedSitesCatalogAssetStore/images/products/AssetPush/wol-web-proof-medium-w/std.lang.all/09/84/NW-110984_wm.jpg,https://www.wolseley.co.uk/wcsstore/ExtendedSitesCatalogAssetStore/images/products/AssetPush/DTP_AssetPushHighRes/std.lang.all/og/ue/Grundfos_Magna_Service_Kit_Catalogue.pdf,,,,,,,,,,,,,,,,,,,,,,,,,,,,,,,,,
40,P100673,WILO MECH SEAL GROUP 3 IPL DPL IP-E DP-E,Wilo,374.0,"This Wilo GRD group 3, standard version 60mm mechanical seal withstands a maximum fluid temperature of 120°C and offers compatibility with IPL, DPL, IP-E and DP-E.",Heating/Central Heating Pumps/Pump Parts and Accessories/Pump Parts and Accessories.csv -> WILO MECH SEAL GROUP 3 IPL DPL IP-E DP-E,,,https://www.wolseley.co.uk/wcsstore/ExtendedSitesCatalogAssetStore/images/products/AssetPush/wol-web-proof-medium-w/std.lang.all/06/73/NW-100673_wm.jpg,https://www.wolseley.co.uk/wcsstore/ExtendedSitesCatalogAssetStore/images/products/AssetPush/DTP_AssetPushHighRes/std.lang.all/ic/al/Wilo_Mechanical_Seal_Technical.pdf,,,,,,,,,,,,,,,,,,,,,,,,,,,,,,,,,
41,P148838,"Grundfos brass union set BSP 1""",Grundfos,22.0,"Made of brass and bronze, this Grundfos union set with G1 1/2"" pump connection x Rp 1 pipe connection and PN10 pressure rating is designed for use with Alpha 25-40B, 25-60B, TP 25B and UP 25B pumps.","Heating/Central Heating Pumps/Pump Parts and Accessories/Pump Parts and Accessories.csv -> Grundfos brass union set BSP 1""",,,https://www.wolseley.co.uk/wcsstore/ExtendedSitesCatalogAssetStore/images/products/AssetPush/wol-web-proof-medium-w/std.lang.all/88/38/NW-148838_wm.jpg,https://www.wolseley.co.uk/wcsstore/ExtendedSitesCatalogAssetStore/images/products/AssetPush/DTP_AssetPushHighRes/std.lang.all/20/17/Grundfos_Pump_Replacement_Guide_2017.pdf,,,,,,,,,,,,,,,,,,,,,,https://www.wolseley.co.uk/wcsstore/ExtendedSitesCatalogAssetStore/images/products/AssetPush/DTP_AssetPushHighRes/std.lang.all/ti/on/Grundfos_Alpha2_L_Installation.pdf,,,,,,,,,,,
42,P144341,"Grundfos union set 5/4"" Cast Iron (Pair)",Grundfos,53.65,"Made of cast iron, this Grundfos union set with G1 1/2"" x Rp 1 1/4"" pipework connection is designed for use with UP 25-xx pumps.","Heating/Central Heating Pumps/Pump Parts and Accessories/Pump Parts and Accessories.csv -> Grundfos union set 5/4"" Cast Iron (Pair)",,,https://www.wolseley.co.uk/wcsstore/ExtendedSitesCatalogAssetStore/images/products/AssetPush/wol-web-proof-medium-w/std.lang.all/43/41/NW-144341_wm.jpg,https://www.wolseley.co.uk/wcsstore/ExtendedSitesCatalogAssetStore/images/products/AssetPush/DTP_AssetPushHighRes/std.lang.all/20/17/Grundfos_Pump_Replacement_Guide_2017.pdf,,,,,,,,,,,,,,,,,,,,,,,,,,,,,,,,,
43,P148840,"Grundfos brass union set BSP 1.1/2""",Grundfos,1284.0,"This Grundfos brass flange set with 1 1/2"" connection is designed for use with UPS 40-XX FN pumps.","Heating/Central Heating Pumps/Pump Parts and Accessories/Pump Parts and Accessories.csv -> Grundfos brass union set BSP 1.1/2""",,,https://www.wolseley.co.uk/wcsstore/ExtendedSitesCatalogAssetStore/images/products/AssetPush/wol-web-proof-medium-w/std.lang.all/88/40/NW-148840_wm.jpg,https://www.wolseley.co.uk/wcsstore/ExtendedSitesCatalogAssetStore/images/products/AssetPush/DTP_AssetPushHighRes/std.lang.all/20/17/Grundfos_Pump_Replacement_Guide_2017.pdf,,,,,,,,,,,,,,,,,,,,,,,,,,,,,,,,,
44,P110983,"Grundfos Magna Kit, Phead DN40-120 MAGNA1 ABC/MAGNA3 D",Grundfos,1384.0,"A Grundfos Magna DN 40 - 120/150/180 D-F version pump head kit supplied with shaft with impeller and rotor can. This kit is suitable for Magna 1 A, B and C and Magna 3 D pumps.","Heating/Central Heating Pumps/Pump Parts and Accessories/Pump Parts and Accessories.csv -> Grundfos Magna Kit, Phead DN40-120 MAGNA1 ABC/MAGNA3 D",,Shaft;Impeller;Rotor can,https://www.wolseley.co.uk/wcsstore/ExtendedSitesCatalogAssetStore/images/products/AssetPush/wol-web-proof-medium-w/std.lang.all/09/83/110983_wm.jpg,https://www.wolseley.co.uk/wcsstore/ExtendedSitesCatalogAssetStore/images/products/AssetPush/DTP_AssetPushHighRes/std.lang.all/og/ue/Grundfos_Magna_Service_Kit_Catalogue.pdf,,,,,,,,,,,,,,,,,,,,,,,,,,,,,,,,,
45,P795257,Grundfos Magna pump head,Grundfos,512.0,"Compatible with Magna3 pumps, this Grundfos pump head kit includes a shaft with impeller and rotor can.",Heating/Central Heating Pumps/Pump Parts and Accessories/Pump Parts and Accessories.csv -> Grundfos Magna pump head,,,https://www.wolseley.co.uk/wcsstore/ExtendedSitesCatalogAssetStore/images/products/AssetPush/wol-web-proof-medium-w/std.lang.all/52/57/NW-795257_wm.jpg,https://www.wolseley.co.uk/wcsstore/ExtendedSitesCatalogAssetStore/images/products/AssetPush/DTP_AssetPushHighRes/std.lang.all/og/ue/Grundfos_Magna_Catalogue.pdf,,,,,,,,,,,,,,,,,,,,,,,,,,,,,,,,,
46,P144009,"Grundfos flange set for UPS/UPE/UP40F 1.1/2""",Grundfos,138.0,"Made of carbon steel, this Grundfos threaded flange with DN 40 pump connection x Rp 1 1/2"" pipe connection is designed for use with UP 40-xx F, UP 20xx N and B pumps.","Heating/Central Heating Pumps/Pump Parts and Accessories/Pump Parts and Accessories.csv -> Grundfos flange set for UPS/UPE/UP40F 1.1/2""",,,https://www.wolseley.co.uk/wcsstore/ExtendedSitesCatalogAssetStore/images/products/AssetPush/wol-web-proof-medium-w/std.lang.all/40/09/NW-144009_wm.jpg,https://www.wolseley.co.uk/wcsstore/ExtendedSitesCatalogAssetStore/images/products/AssetPush/DTP_AssetPushHighRes/std.lang.all/20/17/Grundfos_Pump_Replacement_Guide_2017.pdf,,,,,,,,,,,,,,,,,,,,,,,,,,,,,,,,,
47,P145380,Wilo TOP-S S30/7  R7 40/0.5-12 1 phase replacement head,Wilo,633.0,This IPX4D rated Wilo TOP-S30/7 single phase 230V 10 bar pump head has a direction of rotation signal lamp and manual power adjustment with three speed stages.,Heating/Central Heating Pumps/Pump Parts and Accessories/Pump Parts and Accessories.csv -> Wilo TOP-S S30/7  R7 40/0.5-12 1 phase replacement head,,,https://www.wolseley.co.uk/wcsstore/ExtendedSitesCatalogAssetStore/images/products/AssetPush/wol-web-proof-medium-w/std.lang.all/53/80/NW-145380_wm.jpg,,,,N,,,,29991408,Pump Head,N,Single phase,,,,,,,Industrial Circulation SystemAir-Conditioning SystemClosed Cooling Circuit,For use with Wilo TOP-S30/7,10 bar pressure rating,,,,,,1,,,,TOP-S S30/7,,230,50,10 bar
48,P101265,Grundfos Magna 3 spacer kit PN6 50mm,Grundfos,86.95,"Made of steel, this Grundfos adapter allows for the replacement of a pump with a different port-to-port length.",Heating/Central Heating Pumps/Pump Parts and Accessories/Pump Parts and Accessories.csv -> Grundfos Magna 3 spacer kit PN6 50mm,,,https://www.wolseley.co.uk/wcsstore/ExtendedSitesCatalogAssetStore/images/products/AssetPush/wol-web-proof-medium-w/std.lang.all/12/65/NW-101265_wm.jpg,https://www.wolseley.co.uk/wcsstore/ExtendedSitesCatalogAssetStore/images/products/AssetPush/DTP_AssetPushHighRes/std.lang.all/hu/re/Grundfos_MAGNA3_Model_D_Brochure.pdf,,,,,,,,,,,,,,,,,,,,,,https://www.wolseley.co.uk/wcsstore/ExtendedSitesCatalogAssetStore/images/products/AssetPush/DTP_AssetPushHighRes/std.lang.all/hu/re/Grundfos_Circulator_Pumps_Brochure.pdf,,,,,,,,,,,
49,PD53827,Impey waste kit for use with gulper pump,Impey,162.65,"Suitable for use in a wetroom, this Impey level access horizontal waste kit is designed for use with a gulper pump.",Heating/Central Heating Pumps/Pump Parts and Accessories/Pump Parts and Accessories.csv -> Impey waste kit for use with gulper pump,,,https://www.wolseley.co.uk/wcsstore/ExtendedSitesCatalogAssetStore/images/products/AssetPush/wol-web-proof-medium-w/std.lang.all/38/27/D53827_wm.jpg,,,,N,,,,TAD13,pumped waste for wetroom,N,For use with shower waste pump,,,,,,,,Vinyl construction,Grey colour,,,,,3.28807,,,,,,,,,
