,pid,Title,Brand,Price,Description,category,mfpartnumber,whatisincluded,Image,Colour,Range,Thickness,Warranty,Hazardous,Frame Colour,Material,Supplier Product Code,Type,WEEE Compliant,Feature 1,Feature 2,Feature 3,Feature 4,Feature 5,Feature 6,Feature 7,Feature 8,Attachment 1,Attachment 2,Attachment 3,Attachment 4,Diameter,Sector,Pack Quantity,Depth (mm),Feature 9
0,PD06007,Mira Elevate hinged bath screen square 800mm,Mira,139.01,"A minimal, sleek design, the Mira Elevate 1450 x 800mm square bath screen incorporates a patented water retention seal, keeping water from seeping underneath the screen and over the bath's edge. Manufactured in toughened safety glass, this screen is made to last.",Showering/Shower Curtains and Screens/Shower Curtains and Screens.csv -> Mira Elevate hinged bath screen square 800mm,,,https://www.wolseley.co.uk/wcsstore/ExtendedSitesCatalogAssetStore/images/products/AssetPush/wol-web-proof-medium-w/std.lang.all/60/07/D06007_wm.jpg,Chrome,Elevate,5 mm,10 Year,N,Chrome,Toughened Safety Glass,2.1814.107,Bath Screen,N,Single pivot hinge,With lifting effect,Patented water retention feature,Unhanded design,Door swings in or out for easy access,Chrome frame,Toughened safety glass,10 year warranty,,,,,,,,,
1,PD28955,Ionic single square bath screen,Ionic,142.71,"The angular, modern Ionic single square bath/shower screen provides a sense of space with its sleek, frameless design with minimalist concealed fixings. This easy to clean screen is manufactured in toughened 6mm glass and treated with Mershield Stayclear.",Showering/Shower Curtains and Screens/Shower Curtains and Screens.csv -> Ionic single square bath screen,,,https://www.wolseley.co.uk/wcsstore/ExtendedSitesCatalogAssetStore/images/products/AssetPush/wol-web-proof-medium-w/std.lang.all/89/55/UP-D28955_wm.jpg,,,,,,,,,,,,,,,,,,,https://www.wolseley.co.uk/wcsstore/ExtendedSitesCatalogAssetStore/images/products/AssetPush/DTP_AssetPushHighRes/std.lang.all/3_/14/Ionic_Showering_Brochure_2013_14.pdf,https://www.wolseley.co.uk/wcsstore/ExtendedSitesCatalogAssetStore/images/products/AssetPush/DTP_AssetPushHighRes/std.lang.all/ti/on/Ionic_Single_Bathscreen_Installation.pdf,https://www.wolseley.co.uk/wcsstore/ExtendedSitesCatalogAssetStore/images/products/AssetPush/DTP_AssetPushHighRes/std.lang.all/ic/al/D28955_Technical.pdf,https://www.wolseley.co.uk/wcsstore/ExtendedSitesCatalogAssetStore/images/products/AssetPush/DTP_AssetPushHighRes/std.lang.all/ti/on/D28955_Installation.pdf,,,,,
2,PD06008,Mira Elevate hinged bath screen curved 800mm,Mira,142.91,"A minimal, sleek design, the Mira Elevate 1450 x 800mm curved bath screen incorporates a patented water retention seal, keeping water from seeping underneath the screen and over the bath's edge. Manufactured in toughened safety glass, this screen is made to last.",Showering/Shower Curtains and Screens/Shower Curtains and Screens.csv -> Mira Elevate hinged bath screen curved 800mm,,,https://www.wolseley.co.uk/wcsstore/ExtendedSitesCatalogAssetStore/images/products/AssetPush/wol-web-proof-medium-w/std.lang.all/60/08/D06008_wm.jpg,Chrome,Elevate,5 mm,10 Year,N,Chrome,Toughened Safety Glass,2.1814.108,Bath Screen,N,Single pivot hinge,With lifting effect,Patented water retention feature,Unhanded design,Door swings in or out for easy access,Chrome frame,Toughened safety glass,10 year warranty,,,,,,,,,
3,PT41181,Scudo 6mm radius single bath screen,Scudo,82.69,"Manufactured in Aquashield protected 6mm thick glass, this Scudo 800 x 1400mm radius barrel hinge shower screen reduces splashing when using an over bath shower.",Showering/Shower Curtains and Screens/Shower Curtains and Screens.csv -> Scudo 6mm radius single bath screen,,,https://www.wolseley.co.uk/wcsstore/ExtendedSitesCatalogAssetStore/images/products/AssetPush/wol-web-proof-medium-w/std.lang.all/11/81/T41181_wm.jpg,Clear,,6mm,"Lifetime (fixed parts only) parts, 2 years moving parts and seals",N,Chrome,Aluminium,LS010N,Radius barrel hinge,N,Universal right or left-handed fitting,With Aquashield protection,6mm thick glass construction,Clear glass,Aluminium frame,Lifetime warranty on fixed parts,2 year warranty on moving parts and seals,,,,,,,,,,
4,PT26394,Essentials Element 750x1300mm curved bath screen with 5mm glass,Essentials,70.09,"An elegant design, the Essentials Element 750 x 1300mm curved bath screen is manufactured in toughened safety glass for reliable safety. Fitted with a chrome frame, this bath screen offers flexible fitting and folds both into the bath area and away from it for convenient, space-saving use.",Showering/Shower Curtains and Screens/Shower Curtains and Screens.csv -> Essentials Element 750x1300mm curved bath screen with 5mm glass,,,https://www.wolseley.co.uk/wcsstore/ExtendedSitesCatalogAssetStore/images/products/AssetPush/wol-web-proof-medium-w/std.lang.all/63/94/T26394_wm.jpg,Chrome,,5 mm,5 Years,N,Chrome,AluminiumGlass,EB301,Shower Screen,N,Curved design,5mm toughened safety glass construction,Suitable for left or right-handed fitting,Folds inwards and outwards,Chrome frame,5 year warranty,,,,,,,,,,,
5,PD29031,Merlyn 2 panel square bath screen 1500 x 900mm,Merlyn,250.53,"This smoothly pivoting Merlyn 1500 x 900mm two panel folding square bath/shower screen provides sleek, space-efficient splash protection in your bathroom, folding neatly out of the way after use. This frameless screen is fitted with HydraSEAL to provide added protection from leaks and features the patented Easy-Fit system for optional fitting directly into existing screw holes for fast, effortless installation.",Showering/Shower Curtains and Screens/Shower Curtains and Screens.csv -> Merlyn 2 panel square bath screen 1500 x 900mm,,,https://www.wolseley.co.uk/wcsstore/ExtendedSitesCatalogAssetStore/images/products/AssetPush/wol-web-proof-medium-w/std.lang.all/90/31/UP-D29031_wm.jpg,,,,,,,,,,,,,,,,,,,https://www.wolseley.co.uk/wcsstore/ExtendedSitesCatalogAssetStore/images/products/AssetPush/DTP_AssetPushHighRes/std.lang.all/ti/on/Ionic_Single_Bathscreen_Installation.pdf,https://www.wolseley.co.uk/wcsstore/ExtendedSitesCatalogAssetStore/images/products/AssetPush/DTP_AssetPushHighRes/std.lang.all/ta/ll/Ionic_Two_Panel_Bathscreen_Install.pdf,,,,,,,
6,PD29077,Ionic single square fixed bath screen,Ionic,111.17,"The minimalist Ionic MB0 fixed square bath/shower screen is manufactured from 6mm toughened safety glass to provide watertight, leak-free practicality in your bathroom.",Showering/Shower Curtains and Screens/Shower Curtains and Screens.csv -> Ionic single square fixed bath screen,,Fixed square bath screen;Fixed panel;Wall profile;3 piece screws (3.9 x 40 mm);3 piece wall plugs,https://www.wolseley.co.uk/wcsstore/ExtendedSitesCatalogAssetStore/images/products/AssetPush/wol-web-proof-medium-w/std.lang.all/90/77/UP-D29077_wm.jpg,,,,,,,,,,,,,,,,,,,https://www.wolseley.co.uk/wcsstore/ExtendedSitesCatalogAssetStore/images/products/AssetPush/DTP_AssetPushHighRes/std.lang.all/ta/ll/Ionic_Fixed_Panel_Bathscreen_Install.pdf,https://www.wolseley.co.uk/wcsstore/ExtendedSitesCatalogAssetStore/images/products/AssetPush/DTP_AssetPushHighRes/std.lang.all/ic/al/D29077_Technical.pdf,,,,,,,
7,PD30444,Croydex Profile 800 shower rail 1830mm Silver,Croydex,32.2,"The lightweight and strong 1830mm Croydex Profile 800 straight shower rail is a professional rail system designed to effortlessly hold a shower curtain. Supplied with hooks and gliders, this curtain rail is pre-formed and incorporates a rigid H section for bends without sagging.",Showering/Shower Curtains and Screens/Shower Curtains and Screens.csv -> Croydex Profile 800 shower rail 1830mm Silver,,Straight shower rail;Wall plugs x 4-10;No.8 x 1 1/4 inch screws x 4 -10;No.6 x 1 inch self tapping screw x 1 or 2;No.4 x 1/4 inch self tapping screw x 1 or 2;Gliders and hooks x 12 - 24;End stop and fixing nut x 1 or 2;Ceiling hanger support x 1 or 2;Cei,https://www.wolseley.co.uk/wcsstore/ExtendedSitesCatalogAssetStore/images/products/AssetPush/wol-web-proof-medium-w/std.lang.all/04/44/UP-D30444_wm.jpg,,,,,,,,,,,,,,,,,,,https://www.wolseley.co.uk/wcsstore/ExtendedSitesCatalogAssetStore/images/products/AssetPush/DTP_AssetPushHighRes/std.lang.all/20/19/Croydex_Product_Catalogue_2019.pdf,https://www.wolseley.co.uk/wcsstore/ExtendedSitesCatalogAssetStore/images/products/AssetPush/DTP_AssetPushHighRes/std.lang.all/ti/on/Croydex_SlenderlineKit_Installation.pdf,,,,,,,
8,PD30247,Croydex textile shower curtain 2000 x 2000mm White,Croydex,12.11,"Designed for long-lasting use, this Croydex clean, bright white 2M shower curtain is made from 100% polyester with a Proseal coating for unbeatable water repellency. Machine washable and strong, this ready-to-hang shower curtain remains opaque even when wet for added privacy.",Showering/Shower Curtains and Screens/Shower Curtains and Screens.csv -> Croydex textile shower curtain 2000 x 2000mm White,,,https://www.wolseley.co.uk/wcsstore/ExtendedSitesCatalogAssetStore/images/products/AssetPush/wol-web-proof-medium-w/std.lang.all/02/47/UP-D30247_wm.jpg,,,,,,,,,,,,,,,,,,,https://www.wolseley.co.uk/wcsstore/ExtendedSitesCatalogAssetStore/images/products/AssetPush/DTP_AssetPushHighRes/std.lang.all/20/19/Croydex_Product_Catalogue_2019.pdf,,,,,,,,
9,PD12201,Saracen textile shower curtain 1800 x 1800mm White,Saracen,23.14,"Saracen textile shower curtain has two sides, one that keeps water where the user want it and another that adds a touch of character to the bathroom.",Showering/Shower Curtains and Screens/Shower Curtains and Screens.csv -> Saracen textile shower curtain 1800 x 1800mm White,,,https://www.wolseley.co.uk/wcsstore/ExtendedSitesCatalogAssetStore/images/products/AssetPush/wol-web-proof-medium-w/std.lang.all/22/01/NW-D12201_wm.jpg,,,,,,,,,,,,,,,,,,,https://www.wolseley.co.uk/wcsstore/ExtendedSitesCatalogAssetStore/images/products/AssetPush/DTP_AssetPushHighRes/std.lang.all/ic/al/D12201_Saracen_Technical.pdf,,,,,,,,
10,PD06009,Mira Elevate static panel bath screen 300mm,Mira,82.0,"Providing a sleek finishing touch for a minimalist bathroom, the Mira Elevate 1450 x 300mm static bath screen has a smart semi-frameless design. Easy to install thanks to its adjustable profile, this screen is manufactured in toughened glass for long lasting use.",Showering/Shower Curtains and Screens/Shower Curtains and Screens.csv -> Mira Elevate static panel bath screen 300mm,,,https://www.wolseley.co.uk/wcsstore/ExtendedSitesCatalogAssetStore/images/products/AssetPush/wol-web-proof-medium-w/std.lang.all/60/09/D06009_wm.jpg,Chrome,Elevate,5 mm,10 Year,N,Chrome,Toughened Safety Glass,2.1814.109,Bath Screen,N,Made using 5mm toughened safety glass,Adjustable profiles for uneven walls,Semi-frameless design,Chrome frame,10 year warranty,,,,,,,,,,,,
11,PD12215,Saracen universal shower rail kit,Saracen,56.07,Saracen shower rail kit completes with ceiling support.,Showering/Shower Curtains and Screens/Shower Curtains and Screens.csv -> Saracen universal shower rail kit,,Shower railCeiling supportHooksGlidersFixings,https://www.wolseley.co.uk/wcsstore/ExtendedSitesCatalogAssetStore/images/products/AssetPush/wol-web-proof-medium-w/std.lang.all/22/15/NW-D12215_wm.jpg,,,,,,,,,,,,,,,,,,,https://www.wolseley.co.uk/wcsstore/ExtendedSitesCatalogAssetStore/images/products/AssetPush/DTP_AssetPushHighRes/std.lang.all/io/ns/D12215_Saracen_Instructions.pdf,https://www.wolseley.co.uk/wcsstore/ExtendedSitesCatalogAssetStore/images/products/AssetPush/DTP_AssetPushHighRes/std.lang.all/ic/al/D12215_Saracen_Technical.pdf,,,,,,,
12,PD30027,Croydex bendy shower rail 3000mm White,Croydex,66.6,"This 3M Croydex white bendy shower rail is supplied with ceiling support, hooks, gliders. With two separate aluminium extrusions and a central flexible PVC core, this rail can be bent at any point to follow the curve of a bath or shower.",Showering/Shower Curtains and Screens/Shower Curtains and Screens.csv -> Croydex bendy shower rail 3000mm White,,Bendy rail;2 piece wall brackets;24 piece gliders;26 piece hooks;Ceiling hanger support;Ceiling support bracket;2 piece end stop;2 piece fixing nut;5 piece wall plug;No.6 x 1 inch self tapping screw;No.4 x 1/4 inch self tapping screw;5 piece No.8 x 1-1/4,https://www.wolseley.co.uk/wcsstore/ExtendedSitesCatalogAssetStore/images/products/AssetPush/wol-web-proof-medium-w/std.lang.all/00/27/UP-D30027_wm.jpg,,,,,,,,,,,,,,,,,,,https://www.wolseley.co.uk/wcsstore/ExtendedSitesCatalogAssetStore/images/products/AssetPush/DTP_AssetPushHighRes/std.lang.all/20/19/Croydex_Product_Catalogue_2019.pdf,https://www.wolseley.co.uk/wcsstore/ExtendedSitesCatalogAssetStore/images/products/AssetPush/DTP_AssetPushHighRes/std.lang.all/ti/on/Croydex_BendyRail_Installation.pdf,,,,,,,
13,PT41783,Scudo side panel 760 x 1850mm - 6mm glass,Scudo,106.95,"The Scudo S6 760 x 1850mm pivot shower side panel is a perfect finishing touch for a modern bathroom. Easy to clean thanks to its Aquashield treatment, this shower panel is made of a thick clear glass with chrome frame and fittings and offers easy installation, even in rooms where walls aren't quite perfect.",Showering/Shower Curtains and Screens/Shower Curtains and Screens.csv -> Scudo side panel 760 x 1850mm - 6mm glass,,,https://www.wolseley.co.uk/wcsstore/ExtendedSitesCatalogAssetStore/images/products/AssetPush/wol-web-proof-medium-w/std.lang.all/17/85/T41783_T41785_wm.jpg,Clear,,up to 6 mm,"Lifetime (fixed parts only), 2 years moving parts and seals",N,Chrome,Aluminium,S6-GLASS026,Sliding Door,N,With 6mm thick toughened safety glass,Aquashield glass treatment for ease of cleaning,Universal design offers left and right handed opening,Easy to install,Large adjustment for out-of-true walls,Lifetime warranty for fixed parts only,2 year warranty on moving parts and seals,,,,,,,,,,
14,PD25390,Coram shower curtain screen 250mm Polished Silver/Clear,Coram,104.22,"The chrome-framed Coram 250mm shower curtain screen has a fixed short panel and silicone seals for reliable leakproof use. This shower screen is effortless to install, with a unique levelling system and generous adjustment for walls that aren't straight.",Showering/Shower Curtains and Screens/Shower Curtains and Screens.csv -> Coram shower curtain screen 250mm Polished Silver/Clear,,,https://www.wolseley.co.uk/wcsstore/ExtendedSitesCatalogAssetStore/images/products/AssetPush/wol-web-proof-medium-w/std.lang.all/53/90/UP-D25390_wm.jpg,,,,,,,,,,,,,,,,,,,https://www.wolseley.co.uk/wcsstore/ExtendedSitesCatalogAssetStore/images/products/AssetPush/DTP_AssetPushHighRes/std.lang.all/ta/ll/Coram_Shower_Curtain_Screen_Install.pdf,https://www.wolseley.co.uk/wcsstore/ExtendedSitesCatalogAssetStore/images/products/AssetPush/DTP_AssetPushHighRes/std.lang.all/20/21/Coram_Showers_Brochure_July_2021.pdf,https://www.wolseley.co.uk/wcsstore/ExtendedSitesCatalogAssetStore/images/products/AssetPush/DTP_AssetPushHighRes/std.lang.all/ic/al/Coram_Bathscreen_Technical.pdf,,,,,,
15,PD00012,Coram square bath screen 800mm Chrome/Clear,Coram,137.74,"With concealed fixings and a smooth hinge, the Coram Classic square bath screen is discreet yet spacious, ideal for small spaces. Easy to install, with a unique levelling system leaving no exposed screws, the Coram Classic is an ideal screen for use with high performance showers.",Showering/Shower Curtains and Screens/Shower Curtains and Screens.csv -> Coram square bath screen 800mm Chrome/Clear,,,https://www.wolseley.co.uk/wcsstore/ExtendedSitesCatalogAssetStore/images/products/AssetPush/wol-web-proof-medium-w/std.lang.all/00/12/UP-D00012_wm.jpg,,,,,,,,,,,,,,,,,,,https://www.wolseley.co.uk/wcsstore/ExtendedSitesCatalogAssetStore/images/products/AssetPush/DTP_AssetPushHighRes/std.lang.all/ta/ll/Coram_Frameless_Bathscreen_Install.pdf,https://www.wolseley.co.uk/wcsstore/ExtendedSitesCatalogAssetStore/images/products/AssetPush/DTP_AssetPushHighRes/std.lang.all/20/21/Coram_Showers_Brochure_July_2021.pdf,https://www.wolseley.co.uk/wcsstore/ExtendedSitesCatalogAssetStore/images/products/AssetPush/DTP_AssetPushHighRes/std.lang.all/ic/al/Coram_Bathscreen_Technical.pdf,,,,,,
16,PD28954,Ionic single curved bath screen,Ionic,120.71,"The frameless Ionic single curved bath/shower screen offers minimalist looks and maximum protection from shower spray. Easy to install with the option to retrofit to existing holes using the Easy-Fit system, this screen is built in tough 6mm bath and features HydraSEAL for added protection against leaks.",Showering/Shower Curtains and Screens/Shower Curtains and Screens.csv -> Ionic single curved bath screen,,,https://www.wolseley.co.uk/wcsstore/ExtendedSitesCatalogAssetStore/images/products/AssetPush/wol-web-proof-medium-w/std.lang.all/89/54/UP-D28954_wm.jpg,,,,,,,,,,,,,,,,,,,https://www.wolseley.co.uk/wcsstore/ExtendedSitesCatalogAssetStore/images/products/AssetPush/DTP_AssetPushHighRes/std.lang.all/ti/on/Ionic_Easy_Fit_Profile_Installation.pdf,https://www.wolseley.co.uk/wcsstore/ExtendedSitesCatalogAssetStore/images/products/AssetPush/DTP_AssetPushHighRes/std.lang.all/3_/14/Ionic_Showering_Brochure_2013_14.pdf,https://www.wolseley.co.uk/wcsstore/ExtendedSitesCatalogAssetStore/images/products/AssetPush/DTP_AssetPushHighRes/std.lang.all/ic/al/D28954_Technical.pdf,https://www.wolseley.co.uk/wcsstore/ExtendedSitesCatalogAssetStore/images/products/AssetPush/DTP_AssetPushHighRes/std.lang.all/ti/on/Ionic_Single_Bathscreen_Installation.pdf,,,,,
17,PT41784,Scudo side panel 800 x 1850mm - 6mm glass,Scudo,109.16,"The Scudo S6 800 x 1850mm pivot shower side panel is a perfect finishing touch for a modern bathroom. Easy to clean thanks to its Aquashield treatment, this shower panel is made of a thick clear glass with chrome frame and fittings and offers easy installation, even in rooms where walls aren't quite perfect.",Showering/Shower Curtains and Screens/Shower Curtains and Screens.csv -> Scudo side panel 800 x 1850mm - 6mm glass,,,https://www.wolseley.co.uk/wcsstore/ExtendedSitesCatalogAssetStore/images/products/AssetPush/wol-web-proof-medium-w/std.lang.all/17/85/T41783_T41785_wm.jpg,Clear,,up to 6 mm,"Lifetime (fixed parts only), 2 years moving parts and seals",N,Chrome,Aluminium,S6-GLASS027,Sliding Door,N,With 6mm thick toughened safety glass,Aquashield glass treatment for ease of cleaning,Universal design offers left and right handed opening,Easy to install,Large adjustment for out-of-true walls,Lifetime warranty for fixed parts only,2 year warranty on moving parts and seals,,,,,,,,,,
18,PD28956,Ionic 2 panel folding curved bath screen,Ionic,192.86,"The space efficient Ionic 2 panel folding curved bath/shower screen has a smooth pivot action, folding back for maximum access. Manufactured from strong 6mm safety glass with a chrome-finish aluminium frame, this robust screen features the unique HydraSEAL for added leakproof peace of mind and includes Easy-Fit for a simple, mess-free retrofit using existing screw holes.",Showering/Shower Curtains and Screens/Shower Curtains and Screens.csv -> Ionic 2 panel folding curved bath screen,,,https://www.wolseley.co.uk/wcsstore/ExtendedSitesCatalogAssetStore/images/products/AssetPush/wol-web-proof-medium-w/std.lang.all/89/56/UP-D28956_wm.jpg,,,,,,,,,,,,,,,,,,,https://www.wolseley.co.uk/wcsstore/ExtendedSitesCatalogAssetStore/images/products/AssetPush/DTP_AssetPushHighRes/std.lang.all/3_/14/Ionic_Showering_Brochure_2013_14.pdf,https://www.wolseley.co.uk/wcsstore/ExtendedSitesCatalogAssetStore/images/products/AssetPush/DTP_AssetPushHighRes/std.lang.all/ic/al/D28956_Technical.pdf,https://www.wolseley.co.uk/wcsstore/ExtendedSitesCatalogAssetStore/images/products/AssetPush/DTP_AssetPushHighRes/std.lang.all/ti/on/D28956_Installation.pdf,https://www.wolseley.co.uk/wcsstore/ExtendedSitesCatalogAssetStore/images/products/AssetPush/DTP_AssetPushHighRes/std.lang.all/ti/on/Ionic_Single_Bathscreen_Installation.pdf,,,,,
19,PD23770,Roman Haven6 power shower bath screen,Roman,149.22,"Suitable for use with power showers, the Roman Haven6 1500 x 815mm bath screen helps to minimise splashing, keeping that after-shower clean-up to a minimum. Suitable for any bathroom, this screen has a simple glass and aluminium design.",Showering/Shower Curtains and Screens/Shower Curtains and Screens.csv -> Roman Haven6 power shower bath screen,,,https://www.wolseley.co.uk/wcsstore/ExtendedSitesCatalogAssetStore/images/products/AssetPush/wol-web-proof-medium-w/std.lang.all/37/70/NW-D23770_wm.jpg,Bright Silver,Haven6,6mm,Lifetime,N,Bright Silver,Glass & Aluminium,H2D10CS,Bath Screen,N,Rotates through 180° for access,6mm thick glass,Frameless design with square glass,Unique sealing system,Reversible for left or right hand fixing,Adjustment of 810 to 825mm,Lifetime warranty,,,,,,,,,,
20,PD30253,Croydex high performance shower curtain White,Croydex,24.5,"Designed for long-lasting use, this Croydex clean, bright white shower curtain is made from 100% polyester with a Proseal coating for unbeatable water repellency. Machine washable and strong, this ready-to-hang shower curtain remains opaque even when wet for added privacy.",Showering/Shower Curtains and Screens/Shower Curtains and Screens.csv -> Croydex high performance shower curtain White,,Shower curtain;Polybag with C hook,https://www.wolseley.co.uk/wcsstore/ExtendedSitesCatalogAssetStore/images/products/AssetPush/wol-web-proof-medium-w/std.lang.all/02/53/UP-D30253_wm.jpg,,,,,,,,,,,,,,,,,,,https://www.wolseley.co.uk/wcsstore/ExtendedSitesCatalogAssetStore/images/products/AssetPush/DTP_AssetPushHighRes/std.lang.all/20/19/Croydex_Product_Catalogue_2019.pdf,,,,,,,,
21,PD30024,Croydex bendy shower rail 2500mm White,Croydex,56.04,"This 2.5M Croydex white bendy shower rail is supplied with ceiling support, hooks, gliders. With two separate aluminium extrusions and a central flexible PVC core, this rail can be bent at any point to follow the curve of a bath or shower.",Showering/Shower Curtains and Screens/Shower Curtains and Screens.csv -> Croydex bendy shower rail 2500mm White,,Bendy rail;2 piece wall brackets;24 piece gliders;26 piece hooks;Ceiling hanger support;Ceiling support bracket;2 piece end stop;2 piece fixing nut;5 piece wall plug;No.6 x 1 inch self tapping screw;No.4 x 1/4 inch self tapping screw;5 piece No.8 x 1-1/4,https://www.wolseley.co.uk/wcsstore/ExtendedSitesCatalogAssetStore/images/products/AssetPush/wol-web-proof-medium-w/std.lang.all/00/24/UP-D30024_wm.jpg,,,,,,,,,,,,,,,,,,,https://www.wolseley.co.uk/wcsstore/ExtendedSitesCatalogAssetStore/images/products/AssetPush/DTP_AssetPushHighRes/std.lang.all/20/19/Croydex_Product_Catalogue_2019.pdf,https://www.wolseley.co.uk/wcsstore/ExtendedSitesCatalogAssetStore/images/products/AssetPush/DTP_AssetPushHighRes/std.lang.all/ti/on/Croydex_BendyRail_Installation.pdf,,,,,,,
22,PA21044,Twyford Geo 1 part bathscreen 1500 x 800mm,Twyford,149.91,"Suitable for an over-bath shower, the Twyford Geo 1 1500 x 800mm part bath screen is made from a single panel of toughened glass with a corrosion-resistant aluminium frame. Hinging through 180° for easy access and effortless maintenance, it is suitable for fitting to a left or right-hand wall. The Geo is treated with a ProClean nano coating for ease of cleaning. This coating helps the screen's glass to resist water marks, soap scum and limescale so it stays clear and clean with minimal scrubbing.",Showering/Shower Curtains and Screens/Shower Curtains and Screens.csv -> Twyford Geo 1 part bathscreen 1500 x 800mm,,,https://www.wolseley.co.uk/wcsstore/ExtendedSitesCatalogAssetStore/images/products/AssetPush/wol-web-proof-medium-w/std.lang.all/10/44/A21044_wm.jpg,,,,,,,,,,,,,,,,,,,https://www.wolseley.co.uk/wcsstore/ExtendedSitesCatalogAssetStore/images/products/AssetPush/DTP_AssetPushHighRes/std.lang.all/ta/ll/A21044_Install.pdf,https://www.wolseley.co.uk/wcsstore/ExtendedSitesCatalogAssetStore/images/products/AssetPush/DTP_AssetPushHighRes/std.lang.all/he/et/A21044_Tech_Sheet.pdf,,,,,,,
23,PD12207,Saracen angled rail 1675 x 760mm Silver,Saracen,45.6,Saracen angled rail is made up of aluminium. Behind every shower curtain is a great way to hang it up. Croydex rod and rail comes in a range of styles and offer several choices to complete bathroom look.,Showering/Shower Curtains and Screens/Shower Curtains and Screens.csv -> Saracen angled rail 1675 x 760mm Silver,,Angled railTwelve hooksGlidersAll fixings,https://www.wolseley.co.uk/wcsstore/ExtendedSitesCatalogAssetStore/images/products/AssetPush/wol-web-proof-medium-w/std.lang.all/22/11/NW-D12207_D12211_wm.jpg,,,,,,,,,,,,,,,,,,,https://www.wolseley.co.uk/wcsstore/ExtendedSitesCatalogAssetStore/images/products/AssetPush/DTP_AssetPushHighRes/std.lang.all/io/ns/D12207_Saracen_Instructions.pdf,https://www.wolseley.co.uk/wcsstore/ExtendedSitesCatalogAssetStore/images/products/AssetPush/DTP_AssetPushHighRes/std.lang.all/ic/al/D12207_Saracen_Technical.pdf,,,,,,,
24,PD12204,Saracen long drop textile curtain 1800 x 2000mm White,Saracen,27.34,"Saracen long drop textile curtain has two sides, one that keeps water where the user want it and another that adds a touch of character to the bathroom.",Showering/Shower Curtains and Screens/Shower Curtains and Screens.csv -> Saracen long drop textile curtain 1800 x 2000mm White,,,https://www.wolseley.co.uk/wcsstore/ExtendedSitesCatalogAssetStore/images/products/AssetPush/wol-web-proof-medium-w/std.lang.all/22/04/NW-D12204_wm.jpg,,,,,,,,,,,,,,,,,,,https://www.wolseley.co.uk/wcsstore/ExtendedSitesCatalogAssetStore/images/products/AssetPush/DTP_AssetPushHighRes/std.lang.all/ic/al/D12204_Saracen_Technical.pdf,,,,,,,,
25,PD12208,Saracen straight rail 1830mm Silver,Saracen,30.32,Saracen straight rail is made up of aluminium. Behind every shower curtain is a great way to hang it up. Croydex rod and rail comes in a range of styles and offer several choices to complete bathroom look.,Showering/Shower Curtains and Screens/Shower Curtains and Screens.csv -> Saracen straight rail 1830mm Silver,,Straight railTwelve hooksGlidersAll fixings,https://www.wolseley.co.uk/wcsstore/ExtendedSitesCatalogAssetStore/images/products/AssetPush/wol-web-proof-medium-w/std.lang.all/22/11/NW-D12207_D12211_wm.jpg,,,,,,,,,,,,,,,,,,,https://www.wolseley.co.uk/wcsstore/ExtendedSitesCatalogAssetStore/images/products/AssetPush/DTP_AssetPushHighRes/std.lang.all/ic/al/D12208_Saracen_Technical.pdf,https://www.wolseley.co.uk/wcsstore/ExtendedSitesCatalogAssetStore/images/products/AssetPush/DTP_AssetPushHighRes/std.lang.all/io/ns/D12208_Saracen_Instructions.pdf,,,,,,,
26,PD12203,Saracen AE100022 vinyl curtain 1800 x 1800mm White,Saracen,13.82,"Measuring 1.8 x 1.8M, this white vinyl Saracen shower curtain is a simple, classy choice for any bathroom. Fully waterproof on one side and featuring tear-resistant eyelets, this shower curtain is machine washable for convenience.",Showering/Shower Curtains and Screens/Shower Curtains and Screens.csv -> Saracen AE100022 vinyl curtain 1800 x 1800mm White,,,https://www.wolseley.co.uk/wcsstore/ExtendedSitesCatalogAssetStore/images/products/AssetPush/wol-web-proof-medium-w/std.lang.all/22/03/NW-D12203_wm.jpg,,,,,,,,,,,,,,,,,,,https://www.wolseley.co.uk/wcsstore/ExtendedSitesCatalogAssetStore/images/products/AssetPush/DTP_AssetPushHighRes/std.lang.all/ic/al/D12203_Saracen_Technical.pdf,,,,,,,,
27,PD12218,Saracen GP89500 curtain rod 2000mm Stainless Steel,Saracen,42.76,This trimmable Saracen curtain rod is made of durable stainless steel with a chrome wall bracket for reliably strong shower curtain hanging.,Showering/Shower Curtains and Screens/Shower Curtains and Screens.csv -> Saracen GP89500 curtain rod 2000mm Stainless Steel,,Curtain rodAll fixings,https://www.wolseley.co.uk/wcsstore/ExtendedSitesCatalogAssetStore/images/products/AssetPush/wol-web-proof-medium-w/std.lang.all/22/18/NW-D12218_wm.jpg,Steel,,,,N,,Stainless Steel,GP89500PCC,Curtain Rod,N,Stainless steel rod,Chrome-plated zinc wall bracket,2000mm standard size,Can be trimmed to size,25mm diameter,All fixings are included,,,,,,,25 mm,"Healthcare,Assisted Living,Hotels/Leisure,Sport/Fitness",,,
28,PD25382,Coram curved bath screen 800mm Chrome Plated/Clear,Coram,114.65,"The Coram 800mm curved bath screen includes concealed fixings and a smooth hinge for easier cleaning and a neat, unobtrusive look. The chrome-finished aluminium frame is corrosion-resistant for a longer, rust-free life.",Showering/Shower Curtains and Screens/Shower Curtains and Screens.csv -> Coram curved bath screen 800mm Chrome Plated/Clear,,,https://www.wolseley.co.uk/wcsstore/ExtendedSitesCatalogAssetStore/images/products/AssetPush/wol-web-proof-medium-w/std.lang.all/53/82/UP-D25382_wm.jpg,,,,,,,,,,,,,,,,,,,https://www.wolseley.co.uk/wcsstore/ExtendedSitesCatalogAssetStore/images/products/AssetPush/DTP_AssetPushHighRes/std.lang.all/ta/ll/Coram_Frameless_Bathscreen_Install.pdf,https://www.wolseley.co.uk/wcsstore/ExtendedSitesCatalogAssetStore/images/products/AssetPush/DTP_AssetPushHighRes/std.lang.all/20/21/Coram_Showers_Brochure_July_2021.pdf,https://www.wolseley.co.uk/wcsstore/ExtendedSitesCatalogAssetStore/images/products/AssetPush/DTP_AssetPushHighRes/std.lang.all/ic/al/Coram_Bathscreen_Technical.pdf,,,,,,
29,PD12213,Saracen spare hooks and gliders (Pack of 12),Saracen,4.01,Saracen hooks and gliders available in 12 per pack. Suitable for use with both Profile 400 and 800 rails where more than one shower curtain is required.,Showering/Shower Curtains and Screens/Shower Curtains and Screens.csv -> Saracen spare hooks and gliders (Pack of 12),,12x hooks and gliders,https://www.wolseley.co.uk/wcsstore/ExtendedSitesCatalogAssetStore/images/products/AssetPush/wol-web-proof-medium-w/std.lang.all/22/13/NW-D12213_wm.jpg,,,,,,,,,,,,,,,,,,,https://www.wolseley.co.uk/wcsstore/ExtendedSitesCatalogAssetStore/images/products/AssetPush/DTP_AssetPushHighRes/std.lang.all/ic/al/D12213_Saracen_Technical.pdf,,,,,,,,
30,PT41185,Scudo P-shaped bath screen,Scudo,101.43,"Designed for P-shaped baths, this Scudo 800 x 1700mm P-shaped barrel hinge shower screen, manufactured in Aquashield protected glass, reduces splashing when using an over bath shower.",Showering/Shower Curtains and Screens/Shower Curtains and Screens.csv -> Scudo P-shaped bath screen,,,https://www.wolseley.co.uk/wcsstore/ExtendedSitesCatalogAssetStore/images/products/AssetPush/wol-web-proof-medium-w/std.lang.all/11/85/T41185_wm.jpg,Clear,,6mm,"Lifetime (fixed parts only) parts, 2 years moving parts and seals",N,Chrome,Aluminium,SCREEN002,P Shaped barrel hinge,N,Universal right or left-handed fitting,With Aquashield protection,6mm thick glass construction,Clear glass,Aluminium frame,Lifetime warranty on fixed parts,2 year warranty on moving parts and seals,,,,,,,,,,
31,PT41182,Scudo S6 Square Edge Bath Screen 1400 x 800mm,Scudo,88.28,The Scudo S6 1400 x 800mm square edge bath screen offers universal fitting for left- or right-handed opening to suit your bathroom design. This smart chrome framed screen is manufactured in a robust toughened safety glass.,Showering/Shower Curtains and Screens/Shower Curtains and Screens.csv -> Scudo S6 Square Edge Bath Screen 1400 x 800mm,,Bath Screen,https://www.wolseley.co.uk/wcsstore/ExtendedSitesCatalogAssetStore/images/products/AssetPush/wol-web-proof-medium-w/std.lang.all/82/_a/T41182_A_wm.jpg,White,,6mm,Lifetimes,N,Chrome,Glass & Aluminium,LS099N,Bath Screen,N,Manufactured in 6mm thick toughened safety glass,Reversible fitting for ease of installation,Aluminium frame construction,Polished chrome frame finish,Lifetime warranty,,,,,,,,,,,,
32,PD12211,"Saracen straight rail 915mm, Silver",Saracen,21.73,Saracen straight rail is made up of aluminium. Behind every shower curtain is a great way to hang it up. Croydex rod and rail comes in a range of styles and offer several choices to complete bathroom look.,"Showering/Shower Curtains and Screens/Shower Curtains and Screens.csv -> Saracen straight rail 915mm, Silver",,Straight railTwelve hooksGlidersAll fixings,https://www.wolseley.co.uk/wcsstore/ExtendedSitesCatalogAssetStore/images/products/AssetPush/wol-web-proof-medium-w/std.lang.all/22/11/NW-D12207_D12211_wm.jpg,,,,,,,,,,,,,,,,,,,https://www.wolseley.co.uk/wcsstore/ExtendedSitesCatalogAssetStore/images/products/AssetPush/DTP_AssetPushHighRes/std.lang.all/io/ns/D12211_Saracen_Instructions.pdf,https://www.wolseley.co.uk/wcsstore/ExtendedSitesCatalogAssetStore/images/products/AssetPush/DTP_AssetPushHighRes/std.lang.all/ic/al/D12211_Saracen_Technical.pdf,,,,,,,
33,PD30322,Croydex high performance textile shower curtain White,Croydex,34.31,"Designed for long-lasting use, this Croydex clean, bright white shower curtain is made from 100% polyester with a Proseal coating for unbeatable water repellency. Machine washable and strong, this ready-to-hang shower curtain remains opaque even when wet for added privacy.",Showering/Shower Curtains and Screens/Shower Curtains and Screens.csv -> Croydex high performance textile shower curtain White,,,https://www.wolseley.co.uk/wcsstore/ExtendedSitesCatalogAssetStore/images/products/AssetPush/wol-web-proof-medium-w/std.lang.all/03/22/UP-D30322_wm.jpg,,,,,,,,,,,,,,,,,,,https://www.wolseley.co.uk/wcsstore/ExtendedSitesCatalogAssetStore/images/products/AssetPush/DTP_AssetPushHighRes/std.lang.all/20/19/Croydex_Product_Catalogue_2019.pdf,,,,,,,,
34,PD12206,Saracen shower curtain rings White (Pack of 12),Saracen,2.98,A pack of 12 Saracen white shower curtain rings.,Showering/Shower Curtains and Screens/Shower Curtains and Screens.csv -> Saracen shower curtain rings White (Pack of 12),,,https://www.wolseley.co.uk/wcsstore/ExtendedSitesCatalogAssetStore/images/products/AssetPush/wol-web-proof-medium-w/std.lang.all/22/06/NW-D12206_wm.jpg,White,,,n/a,N,,,GP90051PCC,Shower Curtain Ring,N,Pack of 12 rings,White colour,For use with curtain rods up to 29mm diameter,,,,,,,,,,,Hotels/Leisure,pack of 12,N/A,
35,PD12216,Saracen telescopic rod 1100 - 2600mm Chrome,Saracen,20.46,This Saracen 1100-2600mm telescopic shower curtain rod is made from ABS with a chrome finish.,Showering/Shower Curtains and Screens/Shower Curtains and Screens.csv -> Saracen telescopic rod 1100 - 2600mm Chrome,,,https://www.wolseley.co.uk/wcsstore/ExtendedSitesCatalogAssetStore/images/products/AssetPush/wol-web-proof-medium-w/std.lang.all/22/17/NW-D12216_D12217_wm.jpg,Chrome,,,,N,,,AD109541PCC,Telescopic Rod,N,Abs chrome plated wall bracketsbright anodised aluminium tubetelescopicadhesive pads for additional support,,,,,,,,,,,,,"Healthcare,Hotels/Leisure,Assisted Living,Sport/Fitness",,,
36,PD65402,Coram Premier 8 1100 return panel 200mm Chrome,Coram,278.68,"A modern and attractive semi-frameless design, this Coram Premier 8 shower panel has a 1100mm width and stands at 2000mm for full coverage. Helping to create a spacious shower enclosure, this easy to clean thick glass panel is available in a wide variety of additional dimensions.",Showering/Shower Curtains and Screens/Shower Curtains and Screens.csv -> Coram Premier 8 1100 return panel 200mm Chrome,,,https://www.wolseley.co.uk/wcsstore/ExtendedSitesCatalogAssetStore/images/products/AssetPush/wol-web-proof-medium-w/std.lang.all/54/03/NW-D65401_D65403_wm.jpg,,,,,,,,,,,,,,,,,,,https://www.wolseley.co.uk/wcsstore/ExtendedSitesCatalogAssetStore/images/products/AssetPush/DTP_AssetPushHighRes/std.lang.all/ti/on/Coram_Premier_8_Installation.pdf,https://www.wolseley.co.uk/wcsstore/ExtendedSitesCatalogAssetStore/images/products/AssetPush/DTP_AssetPushHighRes/std.lang.all/ic/al/Coram_Premier_8_Technical.pdf,,,,,,,
37,PD28917,Ionic Express side panel shower enclosure 800mm,Ionic,289.97,"This 800mm Ionic Express shower side panel is suitable for use with shower enclosures in the Ionic Express range. Built in 6mm toughened glass, this panel is treated with Mershield Stayclear for ongoing easy cleaning.",Showering/Shower Curtains and Screens/Shower Curtains and Screens.csv -> Ionic Express side panel shower enclosure 800mm,,,https://www.wolseley.co.uk/wcsstore/ExtendedSitesCatalogAssetStore/images/products/AssetPush/wol-web-proof-medium-w/std.lang.all/89/17/UP-D28916_D28917_wm.jpg,,,,,,,,,,,,,,,,,,,https://www.wolseley.co.uk/wcsstore/ExtendedSitesCatalogAssetStore/images/products/AssetPush/DTP_AssetPushHighRes/std.lang.all/hu/re/Ionic_Shower_Brochure.pdf,https://www.wolseley.co.uk/wcsstore/ExtendedSitesCatalogAssetStore/images/products/AssetPush/DTP_AssetPushHighRes/std.lang.all/ta/ll/Merlyn_IonicExpress_PDoor_Install.pdf,https://www.wolseley.co.uk/wcsstore/ExtendedSitesCatalogAssetStore/images/products/AssetPush/DTP_AssetPushHighRes/std.lang.all/te/ch/Merlyn_IonicExpress_PDoorPanel_Tech.pdf,,,,,,
38,PD12209,Saracen straight rail 2135mm Silver,Saracen,32.16,Saracen straight rail is made up of aluminium. Behind every shower curtain is a great way to hang it up. Croydex rod and rail comes in a range of styles and offer several choices to complete bathroom look.,Showering/Shower Curtains and Screens/Shower Curtains and Screens.csv -> Saracen straight rail 2135mm Silver,,Straight railTwelve hooksGlidersAll fixings,https://www.wolseley.co.uk/wcsstore/ExtendedSitesCatalogAssetStore/images/products/AssetPush/wol-web-proof-medium-w/std.lang.all/22/11/NW-D12207_D12211_wm.jpg,,,,,,,,,,,,,,,,,,,https://www.wolseley.co.uk/wcsstore/ExtendedSitesCatalogAssetStore/images/products/AssetPush/DTP_AssetPushHighRes/std.lang.all/ic/al/D12209_Saracen_Technical.pdf,https://www.wolseley.co.uk/wcsstore/ExtendedSitesCatalogAssetStore/images/products/AssetPush/DTP_AssetPushHighRes/std.lang.all/io/ns/D12209_Saracen_Instructions.pdf,,,,,,,
39,PD12202,Saracen AF160000 textile curtain 1800 x 1800mm White,Saracen,19.41,"Measuring 1.8 x 1.8M, this white textile Saracen shower curtain is a simple, classy choice for any bathroom. Fully waterproof on one side and featuring tear-resistant eyelets, this shower curtain is machine washable for convenience.",Showering/Shower Curtains and Screens/Shower Curtains and Screens.csv -> Saracen AF160000 textile curtain 1800 x 1800mm White,,,https://www.wolseley.co.uk/wcsstore/ExtendedSitesCatalogAssetStore/images/products/AssetPush/wol-web-proof-medium-w/std.lang.all/22/02/NW-D12202_wm.jpg,,,,,,,,,,,,,,,,,,,https://www.wolseley.co.uk/wcsstore/ExtendedSitesCatalogAssetStore/images/products/AssetPush/DTP_AssetPushHighRes/std.lang.all/ic/al/D12202_Saracen_Technical.pdf,,,,,,,,
40,PD12217,Saracen telescopic rod 1100 - 1830mm Chrome,Saracen,12.97,This Saracen 1100-1830mm telescopic shower curtain rod is made from ABS with a chrome finish.,Showering/Shower Curtains and Screens/Shower Curtains and Screens.csv -> Saracen telescopic rod 1100 - 1830mm Chrome,,,https://www.wolseley.co.uk/wcsstore/ExtendedSitesCatalogAssetStore/images/products/AssetPush/wol-web-proof-medium-w/std.lang.all/22/17/NW-D12216_D12217_wm.jpg,Chrome,,,,N,,,AD109641PCC,Telescopic Rod,N,Abs chrome plated wall bracketsbright anodised aluminium tubetelescopicadhesive pads for additional support,,,,,,,,,,,,,"Healthcare,Hotels/Leisure,Assisted Living,Sport/Fitness",,,
41,PD12210,Saracen angled rail 915 x 915mm Silver,Saracen,35.72,Saracen angled rail is made up of aluminium. Behind every shower curtain is a great way to hang it up. Croydex rod and rail comes in a range of styles and offer several choices to complete bathroom look.,Showering/Shower Curtains and Screens/Shower Curtains and Screens.csv -> Saracen angled rail 915 x 915mm Silver,,Angled railTwelve hooksGlidersAll fixings,https://www.wolseley.co.uk/wcsstore/ExtendedSitesCatalogAssetStore/images/products/AssetPush/wol-web-proof-medium-w/std.lang.all/22/11/NW-D12207_D12211_wm.jpg,,,,,,,,,,,,,,,,,,,https://www.wolseley.co.uk/wcsstore/ExtendedSitesCatalogAssetStore/images/products/AssetPush/DTP_AssetPushHighRes/std.lang.all/ic/al/D12210_Saracen_Technical.pdf,https://www.wolseley.co.uk/wcsstore/ExtendedSitesCatalogAssetStore/images/products/AssetPush/DTP_AssetPushHighRes/std.lang.all/io/ns/D12210_Saracen_Instructions.pdf,,,,,,,
42,PD30242,Croydex Profile 800 shower rail 2135mm Silver,Croydex,34.39,"The lightweight and strong 2135mm Croydex Profile 800 straight shower rail is a professional rail system designed to effortlessly hold a shower curtain. Supplied with hooks and gliders, this curtain rail is pre-formed and incorporates a rigid H section for bends without sagging.",Showering/Shower Curtains and Screens/Shower Curtains and Screens.csv -> Croydex Profile 800 shower rail 2135mm Silver,,Straight shower rail;Wall plugs x 4-10;No.8 x 1 1/4 inch screws x 4 -10;No.6 x 1 inch self tapping screw x 1 or 2;No.4 x 1/4 inch self tapping screw x 1 or 2;Gliders ;hooks x 12 - 24;End stop ;fixing nut x 1 or 2;Ceiling hanger support x 1 or 2;Ceiling s,https://www.wolseley.co.uk/wcsstore/ExtendedSitesCatalogAssetStore/images/products/AssetPush/wol-web-proof-medium-w/std.lang.all/02/42/UP-D30242_wm.jpg,,,,,,,,,,,,,,,,,,,https://www.wolseley.co.uk/wcsstore/ExtendedSitesCatalogAssetStore/images/products/AssetPush/DTP_AssetPushHighRes/std.lang.all/ti/on/Croydex_SlenderlineKit_Installation.pdf,https://www.wolseley.co.uk/wcsstore/ExtendedSitesCatalogAssetStore/images/products/AssetPush/DTP_AssetPushHighRes/std.lang.all/20/19/Croydex_Product_Catalogue_2019.pdf,,,,,,,
43,PD25063,CORAM FXD 250 SCRN PANEL C/W BASKT CH/PL,Coram,112.2,"This Coram 1400 x 250mm narrow fixed panel is designed for use with a Coram bath screen to increase its overall length. Ideal for use on longer baths or where a powerful shower creates spray, this glass panel offers additional protection with no need for a shower curtain. All Coram bath screens are well-built, with aluminium framing resistant to corrosion and toughened safety glass. The frame is finished in chrome for a neat look.",Showering/Shower Curtains and Screens/Shower Curtains and Screens.csv -> CORAM FXD 250 SCRN PANEL C/W BASKT CH/PL,,,https://www.wolseley.co.uk/wcsstore/ExtendedSitesCatalogAssetStore/images/products/AssetPush/wol-web-proof-medium-w/std.lang.all/50/63/D25063_wm.jpg,,,,,,,,,,,,,,,,,,,https://www.wolseley.co.uk/wcsstore/ExtendedSitesCatalogAssetStore/images/products/AssetPush/DTP_AssetPushHighRes/std.lang.all/hu/re/Coram_Showers_Brochure.pdf,,,,,,,,
44,PD16379,Roman Haven side panel 760mm,Roman,148.03,"Compatible with the Haven bi-fold, pivot or sliding doors, the Roman Haven 760 x 1900mm shower side panel is a simple, attractive design that will look great in most bathrooms. Made with thick clear glass, this shower panel has a bright silver frame to complement existing taps and shower fittings.",Showering/Shower Curtains and Screens/Shower Curtains and Screens.csv -> Roman Haven side panel 760mm,,,https://www.wolseley.co.uk/wcsstore/ExtendedSitesCatalogAssetStore/images/products/AssetPush/wol-web-proof-medium-w/std.lang.all/an/el/Haven_Side_Panel_wm.jpg,Bright Silver,Haven,6mm,Truelife Lifetime Guarantee,N,Bright Silver,Glass & Aluminium,H3R76CS,Side Panel,N,With 6mm thick glass,Bright silver frame,Plastic top caps with chrome finish,Reversible design for left or right-handed fixing,Lifetime warranty,,,,,,,,,,,,
45,PT41186,Scudo L-shaped bath screen,Scudo,131.2,"Designed for L-shaped baths, this Scudo 850 x 1700mm L-shaped barrel hinge shower screen, manufactured in Aquashield protected glass, reduces splashing when using an over bath shower.",Showering/Shower Curtains and Screens/Shower Curtains and Screens.csv -> Scudo L-shaped bath screen,,,https://www.wolseley.co.uk/wcsstore/ExtendedSitesCatalogAssetStore/images/products/AssetPush/wol-web-proof-medium-w/std.lang.all/11/86/T41186_wm.jpg,Clear,,6mm,"Lifetime (fixed parts only) parts, 2 years moving parts and seals",N,Chrome,Aluminium,SCREEN003,L Shaped barrel Hinge,N,Universal right or left-handed fitting,With Aquashield protection,6mm thick glass construction,Clear glass,Aluminium frame,Lifetime warranty on fixed parts,2 year warranty on moving parts and seals,,,,,,,,,,
46,PT41931,Scudo fixed panel 1000 x 1400mm,Scudo,142.23,"Made with thick toughened glass for reliable safety, the Scudo S6 1000 x 1400mm fixed shower panel has a simple, practical design with a smart chrome frame. Designed for left or right-handed opening, this shower panel offers easy installation and easy cleaning.",Showering/Shower Curtains and Screens/Shower Curtains and Screens.csv -> Scudo fixed panel 1000 x 1400mm,,,https://www.wolseley.co.uk/wcsstore/ExtendedSitesCatalogAssetStore/images/products/AssetPush/wol-web-proof-medium-w/std.lang.all/19/31/T41931_wm.jpg,Clear,,6mm,"Lifetime (fixed parts only), 2 years moving parts and seals",N,Chrome,Aluminium,SCREEN006,Pivot bath panel,N,Manufactured in 6mm thick toughened safety glass,Chrome frame,Universal design for left and right-handed opening,Aquashield glass treatment for ease of cleaning,Smooth sliding action,Large adjustment for out of true walls,Easy installation,Lifetime warranty on fixed parts,,,,,,,,,2 year warranty on moving parts and seals
47,PD47300,Croydex PVC curtain White,Croydex,10.55,"This Croydex shower curtain is made of a clean white PVC designed to suit any bathroom. Easy to clean and ready to hang, this tear-resistant curtain is entirely waterproof to prevent leaks.",Showering/Shower Curtains and Screens/Shower Curtains and Screens.csv -> Croydex PVC curtain White,,,https://www.wolseley.co.uk/wcsstore/ExtendedSitesCatalogAssetStore/images/products/AssetPush/wol-web-proof-medium-w/std.lang.all/73/00/UP-D47300_wm.jpg,,,,,,,,,,,,,,,,,,,https://www.wolseley.co.uk/wcsstore/ExtendedSitesCatalogAssetStore/images/products/AssetPush/DTP_AssetPushHighRes/std.lang.all/20/19/Croydex_Product_Catalogue_2019.pdf,,,,,,,,
48,PC93058,AKW 24083 2.4M X 2M SHOWER CURTAIN,AKW,25.48,"Machine washable and hardwearing, this AKW 2400 x 2000mm heavy duty shower curtain in white is made with heavyweight woven polyester with a weighted hem, keeping it contained within the shower area, reducing splashes and flooding with no annoying clinging. Breathable yet completely waterproof, this practical shower curtain helps to keep your bathroom neat and safe during and after showering.",Showering/Shower Curtains and Screens/Shower Curtains and Screens.csv -> AKW 24083 2.4M X 2M SHOWER CURTAIN,,,https://www.wolseley.co.uk/wcsstore/ExtendedSitesCatalogAssetStore/images/products/AssetPush/wol-web-proof-medium-w/std.lang.all/30/58/NW-C93058_wm.jpg,,,,,,,,,,,,,,,,,,,https://www.wolseley.co.uk/wcsstore/ExtendedSitesCatalogAssetStore/images/products/AssetPush/DTP_AssetPushHighRes/std.lang.all/ic/al/AKW_HD_Curtains_Technical.pdf,https://www.wolseley.co.uk/wcsstore/ExtendedSitesCatalogAssetStore/images/products/AssetPush/DTP_AssetPushHighRes/std.lang.all/ic/al/AKW_BathroomProducts_Technical.pdf,https://www.wolseley.co.uk/wcsstore/ExtendedSitesCatalogAssetStore/images/products/AssetPush/DTP_AssetPushHighRes/std.lang.all/hu/re/AKW_Brochure.pdf,https://www.wolseley.co.uk/wcsstore/ExtendedSitesCatalogAssetStore/images/products/AssetPush/DTP_AssetPushHighRes/std.lang.all/ic/al/AKW_HD curtains_Technical.pdf,,,,,
49,PD28958,Ionic 4 fold bath screen,Ionic,239.18,"A great space-saver, the Ionic four fold bath/shower screen is an ideal choice for small bathrooms, folding neatly away flush to the wall when not in use. Extending to 850mm and manufactured in toughened safety glass, this screen is treated with Mershield Stayclear glass protection for ongoing clarity with minimal cleaning effort.",Showering/Shower Curtains and Screens/Shower Curtains and Screens.csv -> Ionic 4 fold bath screen,,,https://www.wolseley.co.uk/wcsstore/ExtendedSitesCatalogAssetStore/images/products/AssetPush/wol-web-proof-medium-w/std.lang.all/89/58/UP-D28958_wm.jpg,,,,,,,,,,,,,,,,,,,https://www.wolseley.co.uk/wcsstore/ExtendedSitesCatalogAssetStore/images/products/AssetPush/DTP_AssetPushHighRes/std.lang.all/3_/14/Ionic_Showering_Brochure_2013_14.pdf,https://www.wolseley.co.uk/wcsstore/ExtendedSitesCatalogAssetStore/images/products/AssetPush/DTP_AssetPushHighRes/std.lang.all/ti/on/D28958_Installation.pdf,https://www.wolseley.co.uk/wcsstore/ExtendedSitesCatalogAssetStore/images/products/AssetPush/DTP_AssetPushHighRes/std.lang.all/ic/al/D28958_Technical.pdf,,,,,,
50,PD30449,Croydex Profile 800 shower rail 760 x 1675mm Silver,Croydex,46.06,"The lightweight and strong 760 x 1675mm Croydex Profile 800 L-shaped shower rail is a professional rail system designed to effortlessly hold a shower curtain. Supplied with hooks and gliders, this curtain rail is pre-formed and incorporates a rigid H section for bends without sagging.",Showering/Shower Curtains and Screens/Shower Curtains and Screens.csv -> Croydex Profile 800 shower rail 760 x 1675mm Silver,,L shaped shower rail;Wall plugs x 4-10;No.8 x 1 1/4 inch screws x 4 -10;No.6 x 1 inch self tapping screw x 1 or 2;No.4 x 1/4 inch self tapping screw x 1 or 2;Gliders and hooks x 12 - 24;End stop and fixing nut x 1 or 2;Ceiling hanger support x 1 or 2;Cei,https://www.wolseley.co.uk/wcsstore/ExtendedSitesCatalogAssetStore/images/products/AssetPush/wol-web-proof-medium-w/std.lang.all/04/49/UP-D30449_wm.jpg,,,,,,,,,,,,,,,,,,,https://www.wolseley.co.uk/wcsstore/ExtendedSitesCatalogAssetStore/images/products/AssetPush/DTP_AssetPushHighRes/std.lang.all/ti/on/Croydex_SlenderlineKit_Installation.pdf,https://www.wolseley.co.uk/wcsstore/ExtendedSitesCatalogAssetStore/images/products/AssetPush/DTP_AssetPushHighRes/std.lang.all/20/19/Croydex_Product_Catalogue_2019.pdf,,,,,,,
51,PD30236,Croydex Profile 800 shower rail 760 x 1830mm Silver,Croydex,48.27,"The lightweight and strong 760 x 1830mm Croydex Profile 800 L-shaped shower rail is a professional rail system designed to effortlessly hold a shower curtain. Supplied with hooks and gliders, this curtain rail is pre-formed and incorporates a rigid H section for bends without sagging.",Showering/Shower Curtains and Screens/Shower Curtains and Screens.csv -> Croydex Profile 800 shower rail 760 x 1830mm Silver,,L shaped shower rail;Wall plugs x 4-10;No.8 x 1 1/4 inch screws x 4 -10;No.6 x 1 inch self tapping screw x 1 or 2;No.4 x 1/4 inch self tapping screw x 1 or 2;Gliders and hooks x 12 - 24;End stop and fixing nut x 1 or 2;Ceiling hanger support x 1 or 2;Cei,https://www.wolseley.co.uk/wcsstore/ExtendedSitesCatalogAssetStore/images/products/AssetPush/wol-web-proof-medium-w/std.lang.all/02/36/UP-D30236_wm.jpg,,,,,,,,,,,,,,,,,,,https://www.wolseley.co.uk/wcsstore/ExtendedSitesCatalogAssetStore/images/products/AssetPush/DTP_AssetPushHighRes/std.lang.all/ti/on/Croydex_SlenderlineKit_Installation.pdf,https://www.wolseley.co.uk/wcsstore/ExtendedSitesCatalogAssetStore/images/products/AssetPush/DTP_AssetPushHighRes/std.lang.all/20/19/Croydex_Product_Catalogue_2019.pdf,,,,,,,
52,PD25396,CORAM 865MM 4 FOLDING BATHSCREEN CP/CL,Coram,219.35,"The generous Coram 865mm folding four panel bath screen has continuous seals for consistent leak-free use. This panel simply folds away when not in use, making it an unobtrusive choice for minimalist bathrooms.",Showering/Shower Curtains and Screens/Shower Curtains and Screens.csv -> CORAM 865MM 4 FOLDING BATHSCREEN CP/CL,,Panel bath screen;32mm screw;Wall plug;Screw cap,https://www.wolseley.co.uk/wcsstore/ExtendedSitesCatalogAssetStore/images/products/AssetPush/wol-web-proof-medium-w/std.lang.all/53/96/UP-D25396_wm.jpg,,,,,,,,,,,,,,,,,,,https://www.wolseley.co.uk/wcsstore/ExtendedSitesCatalogAssetStore/images/products/AssetPush/DTP_AssetPushHighRes/std.lang.all/ta/ll/Coram_Folding_5_P_Bathscreen_Install.pdf,https://www.wolseley.co.uk/wcsstore/ExtendedSitesCatalogAssetStore/images/products/AssetPush/DTP_AssetPushHighRes/std.lang.all/20/21/Coram_Showers_Brochure_July_2021.pdf,https://www.wolseley.co.uk/wcsstore/ExtendedSitesCatalogAssetStore/images/products/AssetPush/DTP_AssetPushHighRes/std.lang.all/ic/al/Coram_Bathscreen_Technical.pdf,,,,,,
53,PD58471,Ideal Standard Concept Space shower bath screen Silver/Clear,Ideal Standard,393.55,"This Ideal Standard Concept Space shower/bath screen is designed for use with the 170 and the 150 Concept square shower baths, providing splash-free coverage during baths and showers.",Showering/Shower Curtains and Screens/Shower Curtains and Screens.csv -> Ideal Standard Concept Space shower bath screen Silver/Clear,,,https://www.wolseley.co.uk/wcsstore/ExtendedSitesCatalogAssetStore/images/products/AssetPush/wol-web-proof-medium-w/std.lang.all/84/71/UP-D58471_wm.jpg,,,,,,,,,,,,,,,,,,,https://www.wolseley.co.uk/wcsstore/ExtendedSitesCatalogAssetStore/images/products/AssetPush/DTP_AssetPushHighRes/std.lang.all/20/15/IS_Bath_Book_Brchr_2015.pdf,,,,,,,,
54,PD25394,Coram folding 5 panel bath screen 1060mm Chrome Plated/Clear,Coram,231.78,"The generous Coram 1060mm folding five panel bath screen has continuous seals for consistent leak-free use. This panel simply folds away when not in use, making it an unobtrusive choice for minimalist bathrooms.",Showering/Shower Curtains and Screens/Shower Curtains and Screens.csv -> Coram folding 5 panel bath screen 1060mm Chrome Plated/Clear,,,https://www.wolseley.co.uk/wcsstore/ExtendedSitesCatalogAssetStore/images/products/AssetPush/wol-web-proof-medium-w/std.lang.all/53/94/UP-D25394_wm.jpg,,,,,,,,,,,,,,,,,,,https://www.wolseley.co.uk/wcsstore/ExtendedSitesCatalogAssetStore/images/products/AssetPush/DTP_AssetPushHighRes/std.lang.all/ta/ll/Coram_Folding_5_P_Bathscreen_Install.pdf,https://www.wolseley.co.uk/wcsstore/ExtendedSitesCatalogAssetStore/images/products/AssetPush/DTP_AssetPushHighRes/std.lang.all/20/21/Coram_Showers_Brochure_July_2021.pdf,https://www.wolseley.co.uk/wcsstore/ExtendedSitesCatalogAssetStore/images/products/AssetPush/DTP_AssetPushHighRes/std.lang.all/ic/al/Coram_Bathscreen_Technical.pdf,,,,,,
55,PT41782,Scudo side panel 6 x 700 mm,,138.89,"Manufactured in toughened safety glass, the Scudo 700 x 1850mm shower side panel is finished with Acquashield for ease of cleaning. This must-have glass treatement creates an invisible barrier that resists soap scum, limescale and bacterial buildup, making regular cleaning simple with no need for harsh chemicals.",Showering/Shower Curtains and Screens/Shower Curtains and Screens.csv -> Scudo side panel 6 x 700 mm,,,https://www.wolseley.co.uk/wcsstore/ExtendedSitesCatalogAssetStore/images/products/AssetPush/wol-web-proof-medium-w/std.lang.all/17/82/T41782_wm.jpg,Clear,,,,N,,,S6-GLASS025,,N,Up to 6mm thick toughened safety glass,Universal design,Acquashield glass treatment,Large adjustment for out of true walls,Lifetime warranty,,,,,,,,,,,,
56,PD28368,Mira Leap inline panel only 400mm,Mira,212.0,"Built to last and highly flexible, this 400mm Mira Leap inline panel is used to create a bespoke corner shower enclosure using any door from the Leap range. Easy to clean, this toughened glass panel incorporates CleanCoat technology for a long lasting, effortless shine, hidden fixings for a seamless finish and the Twist and Lock installation system for fast fitting.",Showering/Shower Curtains and Screens/Shower Curtains and Screens.csv -> Mira Leap inline panel only 400mm,,,https://www.wolseley.co.uk/wcsstore/ExtendedSitesCatalogAssetStore/images/products/AssetPush/wol-web-proof-medium-w/std.lang.all/83/68/UP-D28368_wm.jpg,,,,,,,,,,,,,,,,,,,https://www.wolseley.co.uk/wcsstore/ExtendedSitesCatalogAssetStore/images/products/AssetPush/DTP_AssetPushHighRes/std.lang.all/wi/ng/Mira_Leap_In_Line_Panel_Line_Drawing.pdf,,,,,,,,
57,PD47376,Croydex shower curtain rings,Croydex,3.68,Add an understated finishing touch to any bathroom with this pack of 12 Croydex clear button-style shower curtain rings.,Showering/Shower Curtains and Screens/Shower Curtains and Screens.csv -> Croydex shower curtain rings,,Button curtain ring;Full colour polybag with Euro slot,https://www.wolseley.co.uk/wcsstore/ExtendedSitesCatalogAssetStore/images/products/AssetPush/wol-web-proof-medium-w/std.lang.all/73/76/UP-D47376_wm.jpg,,,,,,,,,,,,,,,,,,,https://www.wolseley.co.uk/wcsstore/ExtendedSitesCatalogAssetStore/images/products/AssetPush/DTP_AssetPushHighRes/std.lang.all/20/19/Croydex_Product_Catalogue_2019.pdf,https://www.wolseley.co.uk/wcsstore/ExtendedSitesCatalogAssetStore/images/products/AssetPush/DTP_AssetPushHighRes/std.lang.all/20/17/Croydex_Product_Catalogue_2017.pdf,,,,,,,
58,PJ78822,Ideal Standard Synergy bath screen 815mm Silver/Clear,Ideal Standard,365.41,The Ideal Standard Synergy 815 x 1500mm angle bath/shower screen is manufactured using 6mm toughened safety glass and incorporates a watertight seal for reliable leak-proof use. This square screen can be folded inwards or outwards for convenience when cleaning and getting in and out of the shower.,Showering/Shower Curtains and Screens/Shower Curtains and Screens.csv -> Ideal Standard Synergy bath screen 815mm Silver/Clear,,,https://www.wolseley.co.uk/wcsstore/ExtendedSitesCatalogAssetStore/images/products/AssetPush/wol-web-proof-medium-w/std.lang.all/88/22/UP-J78822_wm.jpg,,,,,,,,,,,,,,,,,,,https://www.wolseley.co.uk/wcsstore/ExtendedSitesCatalogAssetStore/images/products/AssetPush/DTP_AssetPushHighRes/std.lang.all/20/18/IS_Bathrooms_Brchr_2018.pdf,,,,,,,,
59,PT41786,Scudo side panel 1000 mm,,175.37,"Manufactured in toughened safety glass, the Scudo 1000 x 1850mm shower side panel is finished with Acquashield for ease of cleaning. This must-have glass treatement creates an invisible barrier that resists soap scum, limescale and bacterial buildup, making regular cleaning simple with no need for harsh chemicals.",Showering/Shower Curtains and Screens/Shower Curtains and Screens.csv -> Scudo side panel 1000 mm,,,https://www.wolseley.co.uk/wcsstore/ExtendedSitesCatalogAssetStore/images/products/AssetPush/wol-web-proof-medium-w/std.lang.all/17/86/T41786_wm.jpg,Clear,,,,N,,,S6-GLASS029,,N,Up to 6mm thick toughened safety glass,Universal design,Acquashield glass treatment,Large adjustment for out of true walls,Lifetime warranty,,,,,,,,,,,,
60,PD30026,Croydex bendy shower rail 3000mm Silver,Croydex,68.24,"This 3M Croydex silver bendy shower rail is supplied with ceiling support, hooks, gliders. With two separate aluminium extrusions and a central flexible PVC core, this rail can be bent at any point to follow the curve of a bath or shower.",Showering/Shower Curtains and Screens/Shower Curtains and Screens.csv -> Croydex bendy shower rail 3000mm Silver,,Bendy rail;2 piece wall brackets;24 piece gliders;26 piece hooks;Ceiling hanger support;Ceiling support bracket;2 piece end stop;2 piece fixing nut;5 piece wall plug;No.6 x 1 inch self tapping screw;No.4 x 1/4 inch self tapping screw;5 piece No.8 x 1-1/4,https://www.wolseley.co.uk/wcsstore/ExtendedSitesCatalogAssetStore/images/products/AssetPush/wol-web-proof-medium-w/std.lang.all/00/26/UP-D30026_wm.jpg,,,,,,,,,,,,,,,,,,,https://www.wolseley.co.uk/wcsstore/ExtendedSitesCatalogAssetStore/images/products/AssetPush/DTP_AssetPushHighRes/std.lang.all/20/19/Croydex_Product_Catalogue_2019.pdf,https://www.wolseley.co.uk/wcsstore/ExtendedSitesCatalogAssetStore/images/products/AssetPush/DTP_AssetPushHighRes/std.lang.all/ti/on/Croydex_BendyRail_Installation.pdf,,,,,,,
61,PD25386,Coram sail bath screen 800mm Chrome/Clear,Coram,137.72,"A stylish design equally suited to modern and traditional bathrooms, the Coram sail bath/shower screen has a curved design and polished chrome frame. Corrosion-resistant and with removable seals, this screen offers easy cleaning and straightforward, flexible installation even on walls that aren't level.",Showering/Shower Curtains and Screens/Shower Curtains and Screens.csv -> Coram sail bath screen 800mm Chrome/Clear,,,https://www.wolseley.co.uk/wcsstore/ExtendedSitesCatalogAssetStore/images/products/AssetPush/wol-web-proof-medium-w/std.lang.all/53/86/UP-D25386_wm.jpg,,,,,,,,,,,,,,,,,,,https://www.wolseley.co.uk/wcsstore/ExtendedSitesCatalogAssetStore/images/products/AssetPush/DTP_AssetPushHighRes/std.lang.all/ta/ll/Coram_Frameless_Bathscreen_Install.pdf,https://www.wolseley.co.uk/wcsstore/ExtendedSitesCatalogAssetStore/images/products/AssetPush/DTP_AssetPushHighRes/std.lang.all/20/21/Coram_Showers_Brochure_July_2021.pdf,https://www.wolseley.co.uk/wcsstore/ExtendedSitesCatalogAssetStore/images/products/AssetPush/DTP_AssetPushHighRes/std.lang.all/ic/al/Coram_Bathscreen_Technical.pdf,,,,,,
62,PD29400,Croydex Slenderline shower rail kit Silver,Croydex,32.79,"This Croydex Slenderline aluminium rail system is supplied complete with ceiling support, hooks and gliders. Used to create any one of four assembly options, this flexible, cuttable shower rail is strong yet lightweight, so it's easy to work with and install.",Showering/Shower Curtains and Screens/Shower Curtains and Screens.csv -> Croydex Slenderline shower rail kit Silver,,Shower rail ;fixings,https://www.wolseley.co.uk/wcsstore/ExtendedSitesCatalogAssetStore/images/products/AssetPush/wol-web-proof-medium-w/std.lang.all/94/00/NW-D29400_wm.jpg,,,,,,,,,,,,,,,,,,,https://www.wolseley.co.uk/wcsstore/ExtendedSitesCatalogAssetStore/images/products/AssetPush/DTP_AssetPushHighRes/std.lang.all/20/19/Croydex_Product_Catalogue_2019.pdf,,,,,,,,
63,PJ78897,Ideal Standard Connect radius bath screen 800mm Silver/Clear,Ideal Standard,178.69,The contemporary Ideal Standard Connect radius bath screen has an angled design and gleaming aluminium chrome frame along with the brand's reliable deflector seal for leak-free reliability.,Showering/Shower Curtains and Screens/Shower Curtains and Screens.csv -> Ideal Standard Connect radius bath screen 800mm Silver/Clear,,,https://www.wolseley.co.uk/wcsstore/ExtendedSitesCatalogAssetStore/images/products/AssetPush/wol-web-proof-medium-w/std.lang.all/88/97/UP-J78897_wm.jpg,,,,,,,,,,,,,,,,,,,https://www.wolseley.co.uk/wcsstore/ExtendedSitesCatalogAssetStore/images/products/AssetPush/DTP_AssetPushHighRes/std.lang.all/20/18/IS_Bathrooms_Brchr_2018.pdf,,,,,,,,
64,PT41785,Scudo side panel 900 x 1850mm - 6mm glass,Scudo,120.18,"The Scudo S6 900 x 1850mm pivot shower side panel is a perfect finishing touch for a modern bathroom. Easy to clean thanks to its Aquashield treatment, this shower panel is made of a thick clear glass with chrome frame and fittings and offers easy installation, even in rooms where walls aren't quite perfect.",Showering/Shower Curtains and Screens/Shower Curtains and Screens.csv -> Scudo side panel 900 x 1850mm - 6mm glass,,,https://www.wolseley.co.uk/wcsstore/ExtendedSitesCatalogAssetStore/images/products/AssetPush/wol-web-proof-medium-w/std.lang.all/17/85/T41783_T41785_wm.jpg,Clear,,up to 6 mm,"Lifetime (fixed parts only), 2 years moving parts and seals",N,Chrome,Aluminium,S6-GLASS028,Sliding Door,N,With 6mm thick toughened safety glass,Aquashield glass treatment for ease of cleaning,Universal design offers left and right handed opening,Easy to install,Large adjustment for out-of-true walls,Lifetime warranty for fixed parts only,2 year warranty on moving parts and seals,,,,,,,,,,
65,PD30023,Croydex bendy shower rail 2500m Silver,Croydex,57.16,"This 2.5M Croydex silver bendy shower rail is supplied with ceiling support, hooks, gliders. With two separate aluminium extrusions and a central flexible PVC core, this rail can be bent at any point to follow the curve of a bath or shower.",Showering/Shower Curtains and Screens/Shower Curtains and Screens.csv -> Croydex bendy shower rail 2500m Silver,,Bendy rail;2 piece wall brackets;24 piece gliders;26 piece hooks;Ceiling hanger support;Ceiling support bracket;2 piece end stop;2 piece fixing nut;5 piece wall plug;No.6 x 1 inch self tapping screw;No.4 x 1/4 inch self tapping screw;5 piece No.8 x 1-1/4,https://www.wolseley.co.uk/wcsstore/ExtendedSitesCatalogAssetStore/images/products/AssetPush/wol-web-proof-medium-w/std.lang.all/00/23/UP-D30023_wm.jpg,,,,,,,,,,,,,,,,,,,https://www.wolseley.co.uk/wcsstore/ExtendedSitesCatalogAssetStore/images/products/AssetPush/DTP_AssetPushHighRes/std.lang.all/20/19/Croydex_Product_Catalogue_2019.pdf,https://www.wolseley.co.uk/wcsstore/ExtendedSitesCatalogAssetStore/images/products/AssetPush/DTP_AssetPushHighRes/std.lang.all/ti/on/Croydex_BendyRail_Installation.pdf,,,,,,,
66,PD65403,Coram Premier 8 1200 return panel 200mm Chrome,Coram,291.65,"A modern and attractive semi-frameless design, this Coram Premier 8 shower panel has a 1200mm width and stands at 2000mm for full coverage. Helping to create a spacious shower enclosure, this easy to clean thick glass panel is available in a wide variety of additional dimensions.",Showering/Shower Curtains and Screens/Shower Curtains and Screens.csv -> Coram Premier 8 1200 return panel 200mm Chrome,,,https://www.wolseley.co.uk/wcsstore/ExtendedSitesCatalogAssetStore/images/products/AssetPush/wol-web-proof-medium-w/std.lang.all/54/03/NW-D65401_D65403_wm.jpg,,,,,,,,,,,,,,,,,,,https://www.wolseley.co.uk/wcsstore/ExtendedSitesCatalogAssetStore/images/products/AssetPush/DTP_AssetPushHighRes/std.lang.all/ti/on/Coram_Premier_8_Installation.pdf,https://www.wolseley.co.uk/wcsstore/ExtendedSitesCatalogAssetStore/images/products/AssetPush/DTP_AssetPushHighRes/std.lang.all/ic/al/Coram_Premier_8_Technical.pdf,,,,,,,
67,PD28962,Ionic right handed 2 panel hinged bath screen,Ionic,375.37,"The Ionic right handed two panel hinged bath/shower screen includes a secure 180° inwards swing with built-in stop for adjustable deflection of shower spray and drip drying after use. Fitted with HydraSEAL for additional leak protection, this frameless screen is treated with Mershield Stayclear for easy cleaning and can be installed into existing holes with Easy-Fit for drill-free, mess-free fitting.",Showering/Shower Curtains and Screens/Shower Curtains and Screens.csv -> Ionic right handed 2 panel hinged bath screen,,,https://www.wolseley.co.uk/wcsstore/ExtendedSitesCatalogAssetStore/images/products/AssetPush/wol-web-proof-medium-w/std.lang.all/89/62/UP-D28961_D28962_wm.jpg,,,,,,,,,,,,,,,,,,,https://www.wolseley.co.uk/wcsstore/ExtendedSitesCatalogAssetStore/images/products/AssetPush/DTP_AssetPushHighRes/std.lang.all/3_/14/Ionic_Showering_Brochure_2013_14.pdf,https://www.wolseley.co.uk/wcsstore/ExtendedSitesCatalogAssetStore/images/products/AssetPush/DTP_AssetPushHighRes/std.lang.all/ic/al/Ionic_Bath_Screen_Technical.pdf,https://www.wolseley.co.uk/wcsstore/ExtendedSitesCatalogAssetStore/images/products/AssetPush/DTP_AssetPushHighRes/std.lang.all/ti/on/Ionic_Bath_Screen_Installation.pdf,,,,,,
68,PD29078,IONIC 2 PANEL 1100MM MOVING BATH SCREEN,Ionic,488.08,"Minimalist in design, the Ionic frameless two panel folding 1100mm bath/shower screen has a secure 180° inwards and outwards swing and inbuilt stop mechanism, this practical screen provides generous adjustable protection from sprays and leaks. Reversible for fitting at either end of the bath, this screen is manufactured in robust 8mm glass treated with Mershield Stayclear and includes smart chrome hinges and concealed fittings for easier cleaning. Folding neatly back to the wall, the Ionic screen provides a smart, minimalist solution for splash-free showering.",Showering/Shower Curtains and Screens/Shower Curtains and Screens.csv -> IONIC 2 PANEL 1100MM MOVING BATH SCREEN,,Two panel folding bath screen;2 piece cover caps for wall profile L/R;Wall profile;Cover strip;Moving panel;3 piece screws ST4 x 12;3 piece dia 6 x 30 wall plugs;3 piece flat head screws ST4 x 30;3 piece plastic part for cover strips;2 piece Luna rail en,https://www.wolseley.co.uk/wcsstore/ExtendedSitesCatalogAssetStore/images/products/AssetPush/wol-web-proof-medium-w/std.lang.all/90/78/UP-D29078_wm.jpg,,,,,,,,,,,,,,,,,,,https://www.wolseley.co.uk/wcsstore/ExtendedSitesCatalogAssetStore/images/products/AssetPush/DTP_AssetPushHighRes/std.lang.all/ic/al/D29078_Technical.pdf,https://www.wolseley.co.uk/wcsstore/ExtendedSitesCatalogAssetStore/images/products/AssetPush/DTP_AssetPushHighRes/std.lang.all/ti/on/D29078_Installation.pdf,,,,,,,
69,PC98016,Ideal Standard Contour 21 multi-system angled rail for curtains White,Ideal Standard,535.26,"This dark blue gloss Ideal Standard Contour 21 angled shower curtain rail is designed for use in education, hotel, office, residential, leisure and healthcare settings.",Showering/Shower Curtains and Screens/Shower Curtains and Screens.csv -> Ideal Standard Contour 21 multi-system angled rail for curtains White,,,https://www.wolseley.co.uk/wcsstore/ExtendedSitesCatalogAssetStore/images/products/AssetPush/wol-web-proof-medium-w/std.lang.all/80/16/NW-C98016_wm.jpg,,,,,,,,,,,,,,,,,,,https://www.wolseley.co.uk/wcsstore/ExtendedSitesCatalogAssetStore/images/products/AssetPush/DTP_AssetPushHighRes/std.lang.all/hu/re/IS_GB_Markwik21Plus_Brochure.pdf,,,,,,,,
70,PD28367,Mira Leap side panel only 900mm,Mira,206.25,"Built to last and highly flexible, this 900mm Mira Leap side panel is used to create a bespoke corner shower enclosure using any door from the Leap range. Easy to clean, this toughened glass panel incorporates CleanCoat technology for a long lasting, effortless shine, hidden fixings for a seamless finish and the Twist and Lock installation system for fast fitting.",Showering/Shower Curtains and Screens/Shower Curtains and Screens.csv -> Mira Leap side panel only 900mm,,,https://www.wolseley.co.uk/wcsstore/ExtendedSitesCatalogAssetStore/images/products/AssetPush/wol-web-proof-medium-w/std.lang.all/83/67/UP-D28364_D28367_wm.jpg,,,,,,,,,,,,,,,,,,,https://www.wolseley.co.uk/wcsstore/ExtendedSitesCatalogAssetStore/images/products/AssetPush/DTP_AssetPushHighRes/std.lang.all/ta/ll/Mira_Leap_Side_Panel_S43E_Install.pdf,https://www.wolseley.co.uk/wcsstore/ExtendedSitesCatalogAssetStore/images/products/AssetPush/DTP_AssetPushHighRes/std.lang.all/ui/de/Mira_Leap_Product_Guide.pdf,https://www.wolseley.co.uk/wcsstore/ExtendedSitesCatalogAssetStore/images/products/AssetPush/DTP_AssetPushHighRes/std.lang.all/wi/ng/Mira_Leap_Side_Panels_Drawing.pdf,,,,,,
71,PD16380,Roman Haven6 side panel 800mm,Roman,152.15,"This Roman Haven6 1900 x 800mm side panel is compatible with Haven range bi-fold, pivot and sliding doors.",Showering/Shower Curtains and Screens/Shower Curtains and Screens.csv -> Roman Haven6 side panel 800mm,,,https://www.wolseley.co.uk/wcsstore/ExtendedSitesCatalogAssetStore/images/products/AssetPush/wol-web-proof-medium-w/std.lang.all/63/80/NW-D16380_wm.jpg,,,,,,,,,,,,,,,,,,,https://www.wolseley.co.uk/wcsstore/ExtendedSitesCatalogAssetStore/images/products/AssetPush/DTP_AssetPushHighRes/std.lang.all/ic/al/Roman_H3R_Technical.pdf,https://www.wolseley.co.uk/wcsstore/ExtendedSitesCatalogAssetStore/images/products/AssetPush/DTP_AssetPushHighRes/std.lang.all/ti/on/Roman_H3R_Installation.pdf,,,,,,,
72,PD28957,Ionic 2 panel curved bath screen,Ionic,343.74,"Save space with the Ionic 2 panel curved bath screen with inbuilt chrome towel rail and fitted internal shelves. With a pleasingly smooth pivot action, this two panel curved bath screen slides into place with ease for a more relaxing shower experience while HydraSEAL provides a uniquely reliable barrier to prevent water escaping. Supplied with an Easy-Fit mechanism, replacing an old bath shower screen is simple, with no need to drill new holes into the bathroom wall.",Showering/Shower Curtains and Screens/Shower Curtains and Screens.csv -> Ionic 2 panel curved bath screen,,Curved bath screen;Clear seal;Moving glass panel;Fixed glass panel;Tower rail;Wall profile;5 piece screws (3.9 x 30mm);3 piece wall plugs;2 piece brackets;3 piece screws (4 x 16mm);3 piece screw cover caps;3 piece screw cover cap clips;2 piece wall profi,https://www.wolseley.co.uk/wcsstore/ExtendedSitesCatalogAssetStore/images/products/AssetPush/wol-web-proof-medium-w/std.lang.all/89/57/UP-D28957_wm.jpg,,,,,,,,,,,,,,,,,,,https://www.wolseley.co.uk/wcsstore/ExtendedSitesCatalogAssetStore/images/products/AssetPush/DTP_AssetPushHighRes/std.lang.all/3_/14/Ionic_Showering_Brochure_2013_14.pdf,https://www.wolseley.co.uk/wcsstore/ExtendedSitesCatalogAssetStore/images/products/AssetPush/DTP_AssetPushHighRes/std.lang.all/ti/on/D28957_Installation.pdf,https://www.wolseley.co.uk/wcsstore/ExtendedSitesCatalogAssetStore/images/products/AssetPush/DTP_AssetPushHighRes/std.lang.all/ti/on/Ionic_Single_Bathscreen_Installation.pdf,https://www.wolseley.co.uk/wcsstore/ExtendedSitesCatalogAssetStore/images/products/AssetPush/DTP_AssetPushHighRes/std.lang.all/ic/al/D28957_Technical.pdf,,,,,
73,PD28961,Ionic left handed 2 panel hinged bath screen,Ionic,375.37,"The Ionic left handed two panel hinged bath/shower screen includes a secure 180° inwards swing with built-in stop for adjustable deflection of shower spray and drip drying after use. Fitted with HydraSEAL for additional leak protection, this frameless screen is treated with Mershield Stayclear for easy cleaning and can be installed into existing holes with Easy-Fit for drill-free, mess-free fitting.",Showering/Shower Curtains and Screens/Shower Curtains and Screens.csv -> Ionic left handed 2 panel hinged bath screen,,,https://www.wolseley.co.uk/wcsstore/ExtendedSitesCatalogAssetStore/images/products/AssetPush/wol-web-proof-medium-w/std.lang.all/89/62/UP-D28961_D28962_wm.jpg,,,,,,,,,,,,,,,,,,,https://www.wolseley.co.uk/wcsstore/ExtendedSitesCatalogAssetStore/images/products/AssetPush/DTP_AssetPushHighRes/std.lang.all/3_/14/Ionic_Showering_Brochure_2013_14.pdf,https://www.wolseley.co.uk/wcsstore/ExtendedSitesCatalogAssetStore/images/products/AssetPush/DTP_AssetPushHighRes/std.lang.all/ic/al/Ionic_Bath_Screen_Technical.pdf,https://www.wolseley.co.uk/wcsstore/ExtendedSitesCatalogAssetStore/images/products/AssetPush/DTP_AssetPushHighRes/std.lang.all/ti/on/Ionic_Bath_Screen_Installation.pdf,,,,,,
74,PJ78896,Ideal Standard Connect 2 angle bath screen 800mm Silver/Clear,Ideal Standard,216.77,"Reliably watertight, the Ideal Standard Connect 2 1400 x 800mm bath screen is fitted with a deflector seal to minimise spray and mess when using an over-bath shower. Simply designed, this shower screen is made of robust safety glass has a smart bright silver frame to complement chrome fittings.",Showering/Shower Curtains and Screens/Shower Curtains and Screens.csv -> Ideal Standard Connect 2 angle bath screen 800mm Silver/Clear,,,https://www.wolseley.co.uk/wcsstore/ExtendedSitesCatalogAssetStore/images/products/AssetPush/wol-web-proof-medium-w/std.lang.all/88/96/NW-J78896_wm.jpg,,,,,,,,,,,,,,,,,,,https://www.wolseley.co.uk/wcsstore/ExtendedSitesCatalogAssetStore/images/products/AssetPush/DTP_AssetPushHighRes/std.lang.all/ic/al/Ideal_Standard_T9923EO_Technical.pdf,https://www.wolseley.co.uk/wcsstore/ExtendedSitesCatalogAssetStore/images/products/AssetPush/DTP_AssetPushHighRes/std.lang.all/hu/re/IStandard_LiveTheIdeal_Brochure.pdf,,,,,,,
75,PD03646,Merlyn curtain rail bath screen 300x1800,Merlyn,176.8,"Giving you all the flexibility of a curtain but with the security and longevity of glass, this Merlyn 1500 x 300mm bath screen is made with a 6mm toughened glass. The unique shape of this panel keeps water from splashing out of your shower, filling the gap between the wall and curtain. This screen can be combined with the shower curtain of your choice.",Showering/Shower Curtains and Screens/Shower Curtains and Screens.csv -> Merlyn curtain rail bath screen 300x1800,,,https://www.wolseley.co.uk/wcsstore/ExtendedSitesCatalogAssetStore/images/products/AssetPush/wol-web-proof-medium-w/std.lang.all/36/46/NW-D03646_wm.jpg,,,,,,,,,,,,,,,,,,,https://www.wolseley.co.uk/wcsstore/ExtendedSitesCatalogAssetStore/images/products/AssetPush/DTP_AssetPushHighRes/std.lang.all/ic/al/Merlyn_MB5A_Technical.pdf,https://www.wolseley.co.uk/wcsstore/ExtendedSitesCatalogAssetStore/images/products/AssetPush/DTP_AssetPushHighRes/std.lang.all/ti/on/Merlyn_MB5A_Installation.pdf,,,,,,,
76,PD16381,Roman Haven side panel 900mm,Roman,161.74,"Compatible with the Haven bi-fold, pivot or sliding doors, the Roman Haven 900 x 1900mm shower side panel is a simple, attractive design that will look great in most bathrooms. Made with thick clear glass, this shower panel has a bright silver frame to complement existing taps and shower fittings.",Showering/Shower Curtains and Screens/Shower Curtains and Screens.csv -> Roman Haven side panel 900mm,,Panel; fixing pack; instructions; Guarantee card,https://www.wolseley.co.uk/wcsstore/ExtendedSitesCatalogAssetStore/images/products/AssetPush/wol-web-proof-medium-w/std.lang.all/an/el/Haven_Side_Panel_wm.jpg,Bright Silver,Haven,6mm,Truelife Lifetime,N,Bright Silver,Glass & Aluminium,H3R9CS,Side Panel,N,With 6mm thick glass,Bright silver frame,Plastic top caps with chrome finish,Reversible design for left or right-handed fixing,Lifetime warranty,,,,,,,,,,,,
77,PD03942,Ideal Standard Tempo Cube shower bath screen White,Ideal Standard,322.01,"This Ideal Standard Tempo Cube shower/bath screen incorporates a luxuriant cube-shaped back rest for a little extra indulgence while you soak. Designed to complement the Tempo range of bathroom furniture, this simple, understated screen will also look good with other ranges.",Showering/Shower Curtains and Screens/Shower Curtains and Screens.csv -> Ideal Standard Tempo Cube shower bath screen White,,,https://www.wolseley.co.uk/wcsstore/ExtendedSitesCatalogAssetStore/images/products/AssetPush/wol-web-proof-medium-w/std.lang.all/39/42/UP-D03942_wm.jpg,,,,,,,,,,,,,,,,,,,https://www.wolseley.co.uk/wcsstore/ExtendedSitesCatalogAssetStore/images/products/AssetPush/DTP_AssetPushHighRes/std.lang.all/20/15/IS_Bath_Book_Brchr_2015.pdf,https://www.wolseley.co.uk/wcsstore/ExtendedSitesCatalogAssetStore/images/products/AssetPush/DTP_AssetPushHighRes/std.lang.all/20/14/IS_Essentials_Brcr_2014.pdf,,,,,,,
78,PD28959,Ionic curtain rail bath screen,Ionic,158.84,"Combining the flexibility of a shower curtain with the security of glass, this Ionic curtain rail bath screen protects from splashes and does away with that annoying gap between wall and curtain. Manufactured in 6mm toughened glass, this panel can be used with any shower curtain.",Showering/Shower Curtains and Screens/Shower Curtains and Screens.csv -> Ionic curtain rail bath screen,,,https://www.wolseley.co.uk/wcsstore/ExtendedSitesCatalogAssetStore/images/products/AssetPush/wol-web-proof-medium-w/std.lang.all/89/59/UP-D28959_wm.jpg,,,,,,,,,,,,,,,,,,,https://www.wolseley.co.uk/wcsstore/ExtendedSitesCatalogAssetStore/images/products/AssetPush/DTP_AssetPushHighRes/std.lang.all/ic/al/D28959_Technical.pdf,https://www.wolseley.co.uk/wcsstore/ExtendedSitesCatalogAssetStore/images/products/AssetPush/DTP_AssetPushHighRes/std.lang.all/3_/14/Ionic_Showering_Brochure_2013_14.pdf,https://www.wolseley.co.uk/wcsstore/ExtendedSitesCatalogAssetStore/images/products/AssetPush/DTP_AssetPushHighRes/std.lang.all/ti/on/D28959_Installation.pdf,,,,,,
79,PD47409,Croydex high performance curtain,Croydex,27.47,"Designed for long-lasting use, this Croydex clean, bright white shower curtain is made from 100% polyester with a Proseal coating for unbeatable water repellency. Machine washable and strong, this ready-to-hang shower curtain remains opaque even when wet for added privacy.",Showering/Shower Curtains and Screens/Shower Curtains and Screens.csv -> Croydex high performance curtain,,,https://www.wolseley.co.uk/wcsstore/ExtendedSitesCatalogAssetStore/images/products/AssetPush/wol-web-proof-medium-w/std.lang.all/74/09/UP-D47409_wm.jpg,,,,,,,,,,,,,,,,,,,https://www.wolseley.co.uk/wcsstore/ExtendedSitesCatalogAssetStore/images/products/AssetPush/DTP_AssetPushHighRes/std.lang.all/20/19/Croydex_Product_Catalogue_2019.pdf,https://www.wolseley.co.uk/wcsstore/ExtendedSitesCatalogAssetStore/images/products/AssetPush/DTP_AssetPushHighRes/std.lang.all/hu/re/Croydex_ShowerCurtains_Brochure.pdf,,,,,,,
80,PD30020,Croydex bendy shower rail 2000mm Silver,Croydex,48.82,"This 2M Croydex silver bendy shower rail is supplied with ceiling support, hooks, gliders. With two separate aluminium extrusions and a central flexible PVC core, this rail can be bent at any point to follow the curve of a bath or shower.",Showering/Shower Curtains and Screens/Shower Curtains and Screens.csv -> Croydex bendy shower rail 2000mm Silver,,Bendy rail;2 piece wall brackets;24 piece gliders;26 piece hooks;Ceiling hanger support;Ceiling support bracket;2 piece end stop;2 piece fixing nut;5 piece wall plug;No.6 x 1 inch self tapping screw;No.4 x 1/4 inch self tapping screw;5 piece No.8 x 1-1/4,https://www.wolseley.co.uk/wcsstore/ExtendedSitesCatalogAssetStore/images/products/AssetPush/wol-web-proof-medium-w/std.lang.all/00/20/UP-D30020_wm.jpg,,,,,,,,,,,,,,,,,,,https://www.wolseley.co.uk/wcsstore/ExtendedSitesCatalogAssetStore/images/products/AssetPush/DTP_AssetPushHighRes/std.lang.all/20/19/Croydex_Product_Catalogue_2019.pdf,https://www.wolseley.co.uk/wcsstore/ExtendedSitesCatalogAssetStore/images/products/AssetPush/DTP_AssetPushHighRes/std.lang.all/ti/on/Croydex_BendyRail_Installation.pdf,,,,,,,
