,pid,Title,Brand,Price,Description,category,mfpartnumber,whatisincluded,Image,Attachment 1,Attachment 2,Attachment 3,Connection,Connection Size,Hazardous,Material,Thread Size,Working Pressure,Maximum Operating Temperature,Supplier Product Code,Type,WEEE Compliant,Feature 1,Feature 2,Feature 3,Feature 4,Feature 5,Range,Feature 6,Feature 7,Feature 8,Feature 9,Feature 10,Feature 11,Attachment 4,Attachment 5,Attachment 6
0,PK81191,Danfoss AMZ AMZ112 internally threaded 2-port valve with actuator DN20 230v 6bar 41m3/h,Danfoss,145.0,"This Danfoss AMZ motorised control valve with 3/4"" BSPT female connections is suitable for commercial central heating, solar energy plants and HVAC. It can be used for priority control of hot water supply and heating or priority control of boiler and solid fuel installations (diverting function).",Heating/Burner Parts/Valves/Valves.csv -> Danfoss AMZ AMZ112 internally threaded 2-port valve with actuator DN20 230v 6bar 41m3/h,,,https://www.wolseley.co.uk/wcsstore/ExtendedSitesCatalogAssetStore/images/products/AssetPush/wol-web-proof-medium-w/std.lang.all/11/91/NW-K81191_wm.jpg,https://www.wolseley.co.uk/wcsstore/ExtendedSitesCatalogAssetStore/images/products/AssetPush/DTP_AssetPushHighRes/std.lang.all/ui/de/Danfoss_AMZ_Operation_Guide.pdf,https://www.wolseley.co.uk/wcsstore/ExtendedSitesCatalogAssetStore/images/products/AssetPush/DTP_AssetPushHighRes/std.lang.all/hu/re/Danfoss_AMZ_Brochure.pdf,,,,,,,,,,,,,,,,,,,,,,,,,,
1,P364443,Fantini Banico ZEV ZEVF100 gas solenoid valve automatic-reset 100mm 230v,Fantini Banico,662.61,"Suitable for use in natural gas, LPG and propane applications, this 230V Fantini Banico gas solenoid valve with 100mm BSP connection and automatic reset provides a safely controlled shut-off for gas feed pipes. With 1/4"" inlet and outlet plugs, this valve is compatible with CPI switch and pressure gauges and can be used for connection to proving and interlock systems.",Heating/Burner Parts/Valves/Valves.csv -> Fantini Banico ZEV ZEVF100 gas solenoid valve automatic-reset 100mm 230v,,,https://www.wolseley.co.uk/wcsstore/ExtendedSitesCatalogAssetStore/images/products/AssetPush/wol-web-proof-medium-w/std.lang.all/44/43/NW-364441_364443_wm.jpg,https://www.wolseley.co.uk/wcsstore/ExtendedSitesCatalogAssetStore/images/products/AssetPush/DTP_AssetPushHighRes/std.lang.all/te/ch/Banico_ZEV_F_Solenoid_Valve_Tech.pdf,https://www.wolseley.co.uk/wcsstore/ExtendedSitesCatalogAssetStore/images/products/AssetPush/DTP_AssetPushHighRes/std.lang.all/ui/de/Banico_ZEV_Solenoid_Valve_Guide.pdf,https://www.wolseley.co.uk/wcsstore/ExtendedSitesCatalogAssetStore/images/products/AssetPush/DTP_AssetPushHighRes/std.lang.all/nu/al/Banico_ZEV_Solenoid_Valve_Manual.pdf,,,,,,,,,,,,,,,,,,,,,,,,,
2,P364436,"Fantini Banico gas solenoid valve automatic-reset 2"" 230v",Fantini Banico,126.75,"Used for safe, controlled gas feed pipe shut-off, this Fantini Banico gas solenoid valve with 2"" BSP connection is suitable for natural gas, propane and LPG. The 1/4"" inlet and outlet plugs are suitable for CPI switch and pressure gauges and for connection to proving and interlock systems.","Heating/Burner Parts/Valves/Valves.csv -> Fantini Banico gas solenoid valve automatic-reset 2"" 230v",,,https://www.wolseley.co.uk/wcsstore/ExtendedSitesCatalogAssetStore/images/products/AssetPush/wol-web-proof-medium-w/std.lang.all/44/38/NW-364432_364438_wm.jpg,https://www.wolseley.co.uk/wcsstore/ExtendedSitesCatalogAssetStore/images/products/AssetPush/DTP_AssetPushHighRes/std.lang.all/te/ch/Banico_ZEV_F_Solenoid_Valve_Tech.pdf,https://www.wolseley.co.uk/wcsstore/ExtendedSitesCatalogAssetStore/images/products/AssetPush/DTP_AssetPushHighRes/std.lang.all/ui/de/Banico_ZEV_Solenoid_Valve_Guide.pdf,https://www.wolseley.co.uk/wcsstore/ExtendedSitesCatalogAssetStore/images/products/AssetPush/DTP_AssetPushHighRes/std.lang.all/nu/al/Banico_ZEV_Solenoid_Valve_Manual.pdf,,,,,,,,,,,,,,,,,,,,,,,,,
3,P417696,"Goldseal GSV GSV 50 gas solenoid valve 50mm 2"" 230V BSP EN161",Goldseal,172.04,"Ideal for gas distribution applications, this Gold Seal GSV gas solenoid valve with 2"" BSPT female connection provides isolation and emergency shut-off. Compatible with  a variety of hydrocarbon gases, including natural gas, methane and liquid petroleum gas, this valve incorporates a blue neon light, giving a visual indication that power is at the gas solenoid valve and working correctly, providing an added level of safety.","Heating/Burner Parts/Valves/Valves.csv -> Goldseal GSV GSV 50 gas solenoid valve 50mm 2"" 230V BSP EN161",,,https://www.wolseley.co.uk/wcsstore/ExtendedSitesCatalogAssetStore/images/products/AssetPush/wol-web-proof-medium-w/std.lang.all/76/96/417696_wm.jpg,https://www.wolseley.co.uk/wcsstore/ExtendedSitesCatalogAssetStore/images/products/AssetPush/DTP_AssetPushHighRes/std.lang.all/ti/on/Gold_Seal_GSV_Installation.pdf,https://www.wolseley.co.uk/wcsstore/ExtendedSitesCatalogAssetStore/images/products/AssetPush/DTP_AssetPushHighRes/std.lang.all/ic/al/Gold_Seal_GSV_Technical.pdf,,,,,,,,,,,,,,,,,,,,,,,,,,
4,P449606,"Asco L182 solenoid valve 3/4"" 230v",Asco,77.7,"Suitable for use in a broad range of industrial applications, this Asco series L182 general purpose solenoid valve is designed to control water, air, inert gases, steam and non-aggressive fluids. It is supplied with G 3/4"" connections.","Heating/Burner Parts/Valves/Valves.csv -> Asco L182 solenoid valve 3/4"" 230v",,,https://www.wolseley.co.uk/wcsstore/ExtendedSitesCatalogAssetStore/images/products/AssetPush/wol-web-proof-medium-w/std.lang.all/96/07/NW-449605_449607_wm.jpg,https://www.wolseley.co.uk/wcsstore/ExtendedSitesCatalogAssetStore/images/products/AssetPush/DTP_AssetPushHighRes/std.lang.all/ic/al/Asco_L182_Solenoid_Valve_Technical.pdf,https://www.wolseley.co.uk/wcsstore/ExtendedSitesCatalogAssetStore/images/products/AssetPush/DTP_AssetPushHighRes/std.lang.all/ui/de/Asco_Solenoid_Valve_Guide.pdf,,,,,,,,,,,,,,,,,,,,,,,,,,
5,P364433,"Fantini Banico gas solenoid valve with automatic reset 1"" 230v",Fantini Banico,65.17,"Used for safe, controlled gas feed pipe shut-off, this Fantini Banico gas solenoid valve with 1"" BSP connection is suitable for natural gas, propane and LPG. The 1/4"" inlet and outlet plugs are suitable for CPI switch and pressure gauges and for connection to proving and interlock systems.","Heating/Burner Parts/Valves/Valves.csv -> Fantini Banico gas solenoid valve with automatic reset 1"" 230v",,,https://www.wolseley.co.uk/wcsstore/ExtendedSitesCatalogAssetStore/images/products/AssetPush/wol-web-proof-medium-w/std.lang.all/44/38/NW-364432_364438_wm.jpg,https://www.wolseley.co.uk/wcsstore/ExtendedSitesCatalogAssetStore/images/products/AssetPush/DTP_AssetPushHighRes/std.lang.all/te/ch/Banico_ZEV_F_Solenoid_Valve_Tech.pdf,https://www.wolseley.co.uk/wcsstore/ExtendedSitesCatalogAssetStore/images/products/AssetPush/DTP_AssetPushHighRes/std.lang.all/ui/de/Banico_ZEV_Solenoid_Valve_Guide.pdf,https://www.wolseley.co.uk/wcsstore/ExtendedSitesCatalogAssetStore/images/products/AssetPush/DTP_AssetPushHighRes/std.lang.all/nu/al/Banico_ZEV_Solenoid_Valve_Manual.pdf,,,,,,,,,,,,,,,,,,,,,,,,,
6,P364432,"Fantini Banico gas solenoid valve automatic-reset 3/4"" 230v",Fantini Banico,52.45,"Used for safe, controlled gas feed pipe shut-off, this Fantini Banico gas solenoid valve with 3/4"" BSP connection is suitable for natural gas, propane and LPG. The 1/4"" inlet and outlet plugs are suitable for CPI switch and pressure gauges and for connection to proving and interlock systems.","Heating/Burner Parts/Valves/Valves.csv -> Fantini Banico gas solenoid valve automatic-reset 3/4"" 230v",,,https://www.wolseley.co.uk/wcsstore/ExtendedSitesCatalogAssetStore/images/products/AssetPush/wol-web-proof-medium-w/std.lang.all/44/38/NW-364432_364438_wm.jpg,https://www.wolseley.co.uk/wcsstore/ExtendedSitesCatalogAssetStore/images/products/AssetPush/DTP_AssetPushHighRes/std.lang.all/te/ch/Banico_ZEV_F_Solenoid_Valve_Tech.pdf,https://www.wolseley.co.uk/wcsstore/ExtendedSitesCatalogAssetStore/images/products/AssetPush/DTP_AssetPushHighRes/std.lang.all/ui/de/Banico_ZEV_Solenoid_Valve_Guide.pdf,https://www.wolseley.co.uk/wcsstore/ExtendedSitesCatalogAssetStore/images/products/AssetPush/DTP_AssetPushHighRes/std.lang.all/nu/al/Banico_ZEV_Solenoid_Valve_Manual.pdf,,,,,,,,,,,,,,,,,,,,,,,,,
7,P302645,"Schneider Electric MBX 3 port low pressure hot water valve 2 "" cv=32",Schneider Electric,391.42,"This Schneider Electric MBX three port low pressure hot water valve meets the needs of a wide variety of operating conditions and applications. It includes 2"" female BSP connections.","Heating/Burner Parts/Valves/Valves.csv -> Schneider Electric MBX 3 port low pressure hot water valve 2 "" cv=32",,,https://www.wolseley.co.uk/wcsstore/ExtendedSitesCatalogAssetStore/images/products/AssetPush/wol-web-proof-medium-w/std.lang.all/26/45/NW-302643_302645_wm.jpg,https://www.wolseley.co.uk/wcsstore/ExtendedSitesCatalogAssetStore/images/products/AssetPush/DTP_AssetPushHighRes/std.lang.all/ti/on/SE_MBX_Valve_Installation.pdf,https://www.wolseley.co.uk/wcsstore/ExtendedSitesCatalogAssetStore/images/products/AssetPush/DTP_AssetPushHighRes/std.lang.all/ui/de/SE_Satchwell_Prod_Sel_Guide.pdf,,,,,,,,,,,,,,,,,,,,,,,,,,
8,P329586,Watts Industries Black Teknigas class a gas solenoid valve 1/2inch,Watts Industries,129.22,"Provided with a 1/2"" BSP connection, this Watts Industries Black Teknigas solenoid valve is used first and foremost as a gas safety shut-off valve for gas families 1 (town gas), 2 (natural gas) and 3 (LPG). Also suitable for use as a control and safety valve for automatic burners or as a pilot valve, this solenoid valve is compatible with air provided it is within the valve's pressure range.",Heating/Burner Parts/Valves/Valves.csv -> Watts Industries Black Teknigas class a gas solenoid valve 1/2inch,,,https://www.wolseley.co.uk/wcsstore/ExtendedSitesCatalogAssetStore/images/products/AssetPush/wol-web-proof-medium-w/std.lang.all/95/86/NW-329586_wm.jpg,https://www.wolseley.co.uk/wcsstore/ExtendedSitesCatalogAssetStore/images/products/AssetPush/DTP_AssetPushHighRes/std.lang.all/hu/re/Black_Tecknigas_Combustion_Brochure.pdf,,,,,,,,,,,,,,,,,,,,,,,,,,,
9,P364434,"Fantini Banico gas solenoid valve with automatic reset 1.1/4"" 230v",Fantini Banico,92.86,"Used for safe, controlled gas feed pipe shut-off, this Fantini Banico gas solenoid valve with 1 1/4"" BSP connection is suitable for natural gas, propane and LPG. The 1/4"" inlet and outlet plugs are suitable for CPI switch and pressure gauges and for connection to proving and interlock systems.","Heating/Burner Parts/Valves/Valves.csv -> Fantini Banico gas solenoid valve with automatic reset 1.1/4"" 230v",,,https://www.wolseley.co.uk/wcsstore/ExtendedSitesCatalogAssetStore/images/products/AssetPush/wol-web-proof-medium-w/std.lang.all/44/38/NW-364432_364438_wm.jpg,https://www.wolseley.co.uk/wcsstore/ExtendedSitesCatalogAssetStore/images/products/AssetPush/DTP_AssetPushHighRes/std.lang.all/te/ch/Banico_ZEV_F_Solenoid_Valve_Tech.pdf,https://www.wolseley.co.uk/wcsstore/ExtendedSitesCatalogAssetStore/images/products/AssetPush/DTP_AssetPushHighRes/std.lang.all/ui/de/Banico_ZEV_Solenoid_Valve_Guide.pdf,https://www.wolseley.co.uk/wcsstore/ExtendedSitesCatalogAssetStore/images/products/AssetPush/DTP_AssetPushHighRes/std.lang.all/nu/al/Banico_ZEV_Solenoid_Valve_Manual.pdf,,,,,,,,,,,,,,,,,,,,,,,,,
10,P365359,"Fantini Banico water solenoid valve 20bar 3/4""",Fantini Banico,63.66,"This Fantini Banico solenoid valve with 3/4"" female BSP connection is suitable for water, air, oil, inert gases and other non-corrosive fluids with viscosity up to 2°.","Heating/Burner Parts/Valves/Valves.csv -> Fantini Banico water solenoid valve 20bar 3/4""",,,https://www.wolseley.co.uk/wcsstore/ExtendedSitesCatalogAssetStore/images/products/AssetPush/wol-web-proof-medium-w/std.lang.all/53/59/NW-365359_wm.jpg,https://www.wolseley.co.uk/wcsstore/ExtendedSitesCatalogAssetStore/images/products/AssetPush/DTP_AssetPushHighRes/std.lang.all/ui/de/Banico_Solenoid_Valve_Guide.pdf,,,,,,,,,,,,,,,,,,,,,,,,,,,
11,P309326,Siemens VXG VXG44.32-16 44.32 32mm 3port valve cv=16.0,Siemens,131.13,"Suitable for closed circuits only, the Siemens VXG valve is designed for use in small and medium-sized heating, ventilation and air conditioning systems. A control valve for mixing and diverting functions, this valve with 2"" BSPP male connections can also be used for shut-off.",Heating/Burner Parts/Valves/Valves.csv -> Siemens VXG VXG44.32-16 44.32 32mm 3port valve cv=16.0,,,https://www.wolseley.co.uk/wcsstore/ExtendedSitesCatalogAssetStore/images/products/AssetPush/wol-web-proof-medium-w/std.lang.all/93/27/NW-309326_309327_wm.jpg,https://www.wolseley.co.uk/wcsstore/ExtendedSitesCatalogAssetStore/images/products/AssetPush/DTP_AssetPushHighRes/std.lang.all/ti/on/Siemens_VXG_VVG_VVI_VXI_Declaration.pdf,https://www.wolseley.co.uk/wcsstore/ExtendedSitesCatalogAssetStore/images/products/AssetPush/DTP_AssetPushHighRes/std.lang.all/hu/re/Siemens_VXG44_VVG44_Brochure.pdf,https://www.wolseley.co.uk/wcsstore/ExtendedSitesCatalogAssetStore/images/products/AssetPush/DTP_AssetPushHighRes/std.lang.all/ti/on/Siemens_VXG44_VVG44_Installation.pdf,,,,,,,,,,,,,,,,,,,,,,,,,
12,P365358,"Fantini Banico 2 way solenoid valve body 1/2 "" 0-6 bar",Fantini Banico,32.86,"This Fantini Banico solenoid valve with 1/2"" female BSP connection is suitable for water, air, oil, inert gases and other non-corrosive fluids with viscosity up to 2°.","Heating/Burner Parts/Valves/Valves.csv -> Fantini Banico 2 way solenoid valve body 1/2 "" 0-6 bar",,,https://www.wolseley.co.uk/wcsstore/ExtendedSitesCatalogAssetStore/images/products/AssetPush/wol-web-proof-medium-w/std.lang.all/53/58/NW-365358_wm.jpg,https://www.wolseley.co.uk/wcsstore/ExtendedSitesCatalogAssetStore/images/products/AssetPush/DTP_AssetPushHighRes/std.lang.all/te/ch/Banico_20B-F_NC_Solenoid_Valve_Tech.pdf,https://www.wolseley.co.uk/wcsstore/ExtendedSitesCatalogAssetStore/images/products/AssetPush/DTP_AssetPushHighRes/std.lang.all/ui/de/Banico_Solenoid_Valve_Guide.pdf,,,,,,,,,,,,,,,,,,,,,,,,,,
13,P329584,Watts Industries Black Teknigas 28 class a gas solenoid valve 1/4inch,Watts Industries,122.08,"Provided with a 1/4"" BSP connection, this Watts Industries Black Teknigas solenoid valve is used first and foremost as a gas safety shut-off valve for gas families 1 (town gas), 2 (natural gas) and 3 (LPG). Also suitable for use as a control and safety valve for automatic burners or as a pilot valve, this solenoid valve is compatible with air provided it is within the valve's pressure range.",Heating/Burner Parts/Valves/Valves.csv -> Watts Industries Black Teknigas 28 class a gas solenoid valve 1/4inch,,,https://www.wolseley.co.uk/wcsstore/ExtendedSitesCatalogAssetStore/images/products/AssetPush/wol-web-proof-medium-w/std.lang.all/95/84/NW-329584_wm.jpg,https://www.wolseley.co.uk/wcsstore/ExtendedSitesCatalogAssetStore/images/products/AssetPush/DTP_AssetPushHighRes/std.lang.all/hu/re/Black_Tecknigas_Combustion_Brochure.pdf,,,,,,,,,,,,,,,,,,,,,,,,,,,
14,P469735,"Goldseal Goldseal 15mm  ½"" 230V AC Water Solenoid Valve.  WRAS Approved",Goldseal,65.94,"WRAS approved, this high quality, normally closed Goldseal 15mm 1/2"" 230V AC water solenoid valve is suitable for use in hot and cold water. Made of brass, it has a servo-assisted 0.5 - 16 bar operating pressure and BSP connection.","Heating/Burner Parts/Valves/Valves.csv -> Goldseal Goldseal 15mm  ½"" 230V AC Water Solenoid Valve.  WRAS Approved",,,https://www.wolseley.co.uk/wcsstore/ExtendedSitesCatalogAssetStore/images/products/AssetPush/wol-web-proof-medium-w/std.lang.all/97/52/469735_469752_wm.jpg,,,,BSP,15mm,N,Brass,15mm,0.5-16 Bar,120,GSW13-230VAC,Water Solenoid Valve,N,Normally closed,Brass body,Two-way inlet and outlet ports,WRAS Approved,IP65,,,,,,,,,,
15,P469730,"Goldseal GSVCPI100 cpi switch, Closed position indicator switch for 100mm Goldseal Gas Solenoid valve",Goldseal,67.0,"This Goldseal closed position indicator switch, or CPI switch, is designed for use with the 100mm Goldseal gas solenoid valve.","Heating/Burner Parts/Valves/Valves.csv -> Goldseal GSVCPI100 cpi switch, Closed position indicator switch for 100mm Goldseal Gas Solenoid valve",,,https://www.wolseley.co.uk/wcsstore/ExtendedSitesCatalogAssetStore/images/products/AssetPush/wol-web-proof-medium-w/std.lang.all/97/34/469730_469734_wm.jpg,,,,BSP,¼ BSP,N,Stainless Steel,¼,N/A,60,GSVCPI100,Gas Valve CPI,N,Operational voltage of 250Vac 3A,With IP65 enclosure,Stainless steel construction,"1/4"" BSP connection",,,,,,,,,,,
16,P469732,"Goldseal GSVCPI32-40 cpi switch, Closed position indicator switch for 32mm-40mm Goldseal Gas Solenoid valve",Goldseal,67.0,"This Goldseal closed position indicator switch, or CPI switch, is designed for use with the 32 - 40mm Goldseal gas solenoid valve.","Heating/Burner Parts/Valves/Valves.csv -> Goldseal GSVCPI32-40 cpi switch, Closed position indicator switch for 32mm-40mm Goldseal Gas Solenoid valve",,,https://www.wolseley.co.uk/wcsstore/ExtendedSitesCatalogAssetStore/images/products/AssetPush/wol-web-proof-medium-w/std.lang.all/97/34/469730_469734_wm.jpg,,,,BSP,¼ BSP,N,Stainless Steel,¼,N/A,60,GSVCPI32-40,Gas Valve CPI,N,Operational voltage of 250Vac 3A,With IP65 enclosure,Stainless steel construction,"1/4"" BSP connection",,,,,,,,,,,
17,P301526,"Watts Industries Powerseat Eco screw powerseat valve 3"" 230v",Watts Industries,1278.13,"Offering extremely high flow rates, this electro-hydraulically operated Watts Industries Black Teknigas Powerseat Eco family gas safety shut-off valve is supplied with 3"" connections, removable strainer and a range of switching options. Providing on-off general and safety control of low pressure combustible gases, air and oil, this shut-off valve is suitable for use with 1st (town gas), 2nd (natural gas) and 3rd (LPG) families and offers compatibility with oil with a viscosity of up to 200 seconds Redwood.","Heating/Burner Parts/Valves/Valves.csv -> Watts Industries Powerseat Eco screw powerseat valve 3"" 230v",,,https://www.wolseley.co.uk/wcsstore/ExtendedSitesCatalogAssetStore/images/products/AssetPush/wol-web-proof-medium-w/std.lang.all/15/26/NW-301525_301526_wm.jpg,https://www.wolseley.co.uk/wcsstore/ExtendedSitesCatalogAssetStore/images/products/AssetPush/DTP_AssetPushHighRes/std.lang.all/rc/hr/WI_Black_Teknigas_Powerseat_Brchr.pdf,,,,,,,,,,,,,,,,,,,,,,,,,,,
18,P309339,Siemens Mxg 461 32mm 3port valve and act kv=12,Siemens,762.63,"Fitted with a ready-installed magnetic actuator, the Siemens MXG 461 32mm three-port valve allows for position control and feedback. In addition to providing modulating control of chilled and low temperature systems, this valve is also suitable for the dosing or control of fluids containing mineral oil (SAE05/SAE50), mineral oil-based diesel and heat transfer oils in closed circuits. Installed using 2 3/4"" BSPP connections, the MXG offers high resolution and rangeability along with a short positioning time.",Heating/Burner Parts/Valves/Valves.csv -> Siemens Mxg 461 32mm 3port valve and act kv=12,,,https://www.wolseley.co.uk/wcsstore/ExtendedSitesCatalogAssetStore/images/products/AssetPush/wol-web-proof-medium-w/std.lang.all/93/39/309339_wm.jpg,,,,2 inch BSPP Male,2 inch,N,Cast Iron,2 inch,16,45,MXG461.32-12,Modulating Control Valve,N,Cast iron construction,5M³/h flow rate,Fast positioning time,High-resolution stroke and high rangeability,Equal percentage or linear valve characteristic,MXG,24 VAC/DC voltage,"Indicates operating state, position feedback and manual control",Wear-free inductive stroke measurement,Fail-safe feature,"Low friction, robust design",No maintenance required,,,
19,P350192,"Belimo 3-way characterised control valve internal thread rp 2"" kv=49",Belimo,247.1,"This Belimo three way changeover ball valve with 2"" internal thread is suitable for closed cold and warm water systems. It is used for switching functions and two point controls on the water side of air-handling units and heating systems.","Heating/Burner Parts/Valves/Valves.csv -> Belimo 3-way characterised control valve internal thread rp 2"" kv=49",,,https://www.wolseley.co.uk/wcsstore/ExtendedSitesCatalogAssetStore/images/products/AssetPush/wol-web-proof-medium-w/std.lang.all/01/92/NW-350192_wm.jpg,https://www.wolseley.co.uk/wcsstore/ExtendedSitesCatalogAssetStore/images/products/AssetPush/DTP_AssetPushHighRes/std.lang.all/ti/on/Belimo_R2-S_R3-S_Installation.pdf,https://www.wolseley.co.uk/wcsstore/ExtendedSitesCatalogAssetStore/images/products/AssetPush/DTP_AssetPushHighRes/std.lang.all/ic/al/Belimo_R3015-50-S1-S4_Technical.pdf,https://www.wolseley.co.uk/wcsstore/ExtendedSitesCatalogAssetStore/images/products/AssetPush/DTP_AssetPushHighRes/std.lang.all/ti/on/Belimo_R20-R30_DN15-32_EUDeclaration.pdf,,,,,,,,,,,,,,,,,,,,,,,https://www.wolseley.co.uk/wcsstore/ExtendedSitesCatalogAssetStore/images/products/AssetPush/DTP_AssetPushHighRes/std.lang.all/hu/re/Belimo_AHU_Brochure.pdf,,
20,P469752,"Goldseal Goldseal 50mm  2"" 24V AC Water Solenoid Valve.  WRAS Approved",Goldseal,314.11,"WRAS approved, this high quality, normally closed Goldseal 50mm 2"" 24V AC water solenoid valve is suitable for use in hot and cold water. Made of brass, it has a servo-assisted 0.5 - 16 bar operating pressure and BSP connection.","Heating/Burner Parts/Valves/Valves.csv -> Goldseal Goldseal 50mm  2"" 24V AC Water Solenoid Valve.  WRAS Approved",,,https://www.wolseley.co.uk/wcsstore/ExtendedSitesCatalogAssetStore/images/products/AssetPush/wol-web-proof-medium-w/std.lang.all/97/52/469735_469752_wm.jpg,,,,BSP,250mm,N,Brass,250mm,0.5-16 Bar,120,GSW50-24VAC,Water Solenoid Valve,N,Normally closed,Brass body,Two-way inlet and outlet ports,WRAS Approved,IP65,,,,,,,,,,
21,P469746,"Goldseal water solenoid valve AC WRAS 32mm 1¼"" 24V",Goldseal,209.4,"WRAS approved, this high quality, normally closed Goldseal 32mm 1 1/4"" 24V DC water solenoid valve is suitable for use in hot and cold water. Made of brass, it has a servo-assisted 0.5 - 16 bar operating pressure and BSP connection.","Heating/Burner Parts/Valves/Valves.csv -> Goldseal water solenoid valve AC WRAS 32mm 1¼"" 24V",,,https://www.wolseley.co.uk/wcsstore/ExtendedSitesCatalogAssetStore/images/products/AssetPush/wol-web-proof-medium-w/std.lang.all/97/52/469735_469752_wm.jpg,,,,BSP,1¼ 32mm,N,Brass,1¼ 32mm,0.5-16 Bar,120,GSW35-24VAC,Water Solenoid Valve,N,Normally closed,Brass body,Two-way inlet and outlet ports,WRAS Approved,IP65,,,,,,,,,,
22,P364435,"Fantini Banico gas solenoid valve with automatic reset 1.1/2"" 230v",Fantini Banico,105.36,"Used for safe, controlled gas feed pipe shut-off, this Fantini Banico gas solenoid valve with 1 1/2"" BSP connection is suitable for natural gas, propane and LPG. The 1/4"" inlet and outlet plugs are suitable for CPI switch and pressure gauges and for connection to proving and interlock systems.","Heating/Burner Parts/Valves/Valves.csv -> Fantini Banico gas solenoid valve with automatic reset 1.1/2"" 230v",,,https://www.wolseley.co.uk/wcsstore/ExtendedSitesCatalogAssetStore/images/products/AssetPush/wol-web-proof-medium-w/std.lang.all/44/38/NW-364432_364438_wm.jpg,https://www.wolseley.co.uk/wcsstore/ExtendedSitesCatalogAssetStore/images/products/AssetPush/DTP_AssetPushHighRes/std.lang.all/te/ch/Banico_ZEV_F_Solenoid_Valve_Tech.pdf,https://www.wolseley.co.uk/wcsstore/ExtendedSitesCatalogAssetStore/images/products/AssetPush/DTP_AssetPushHighRes/std.lang.all/ui/de/Banico_ZEV_Solenoid_Valve_Guide.pdf,https://www.wolseley.co.uk/wcsstore/ExtendedSitesCatalogAssetStore/images/products/AssetPush/DTP_AssetPushHighRes/std.lang.all/nu/al/Banico_ZEV_Solenoid_Valve_Manual.pdf,,,,,,,,,,,,,,,,,,,,,,,,,
23,P469748,"Goldseal Goldseal 20mm  1¼"" 24V DC Water Solenoid Valve.  WRAS Approved",Goldseal,209.4,"WRAS approved, this high quality, normally closed Goldseal 20mm 1 1/2"" 24V DC water solenoid valve is suitable for use in hot and cold water. Made of brass, it has a servo-assisted 0.5 - 16 bar operating pressure and BSP connection.","Heating/Burner Parts/Valves/Valves.csv -> Goldseal Goldseal 20mm  1¼"" 24V DC Water Solenoid Valve.  WRAS Approved",,,https://www.wolseley.co.uk/wcsstore/ExtendedSitesCatalogAssetStore/images/products/AssetPush/wol-web-proof-medium-w/std.lang.all/97/52/469735_469752_wm.jpg,,,,BSP,1½ 20mm,N,Brass,1½ 20mm,0.5-16 Bar,120,GSW40-24VDC,Water Solenoid Valve,N,Normally closed,Brass body,Two-way inlet and outlet ports,WRAS Approved,IP65,,,,,,,,,,
24,P469742,"Goldseal Goldseal 25mm  1"" 24V DC Water Solenoid Valve.  WRAS Approved",Goldseal,108.58,"WRAS approved, this high quality, normally closed Goldseal 25mm 1"" 24V DC water solenoid valve is suitable for use in hot and cold water. Made of brass, it has a servo-assisted 0.5 - 16 bar operating pressure and BSP connection.","Heating/Burner Parts/Valves/Valves.csv -> Goldseal Goldseal 25mm  1"" 24V DC Water Solenoid Valve.  WRAS Approved",,,https://www.wolseley.co.uk/wcsstore/ExtendedSitesCatalogAssetStore/images/products/AssetPush/wol-web-proof-medium-w/std.lang.all/97/52/469735_469752_wm.jpg,,,,BSP,125 mm,N,Brass,125mm,0.5-16 Bar,120,GSW25-24VDC,Water Solenoid Valve,N,Normally closed,Brass body,Two-way inlet and outlet ports,WRAS Approved,IP65,,,,,,,,,,
25,P469731,"Goldseal GSVCPI20-25 cpi switch, Closed position indicator switch for 20mm-25mm Goldseal Gas Solenoid valve",Goldseal,67.0,"This Goldseal closed position indicator switch, or CPI switch, is designed for use with the 20 -25mm Goldseal gas solenoid valve.","Heating/Burner Parts/Valves/Valves.csv -> Goldseal GSVCPI20-25 cpi switch, Closed position indicator switch for 20mm-25mm Goldseal Gas Solenoid valve",,,https://www.wolseley.co.uk/wcsstore/ExtendedSitesCatalogAssetStore/images/products/AssetPush/wol-web-proof-medium-w/std.lang.all/97/34/469730_469734_wm.jpg,,,,BSP,¼ BSP,N,Stainless Steel,¼,N/A,60,GSVCPI20-25,Gas Valve CPI,N,Operational voltage of 250Vac 3A,With IP65 enclosure,Stainless steel construction,"1/4"" BSP connection",,,,,,,,,,,
26,P350155,"Belimo 2-way valve RP 1.1/2"" KV=16",Belimo,127.4,"This Belimo two way characterised control valve with 1 1/2"" internal thread is suitable for open and closed cold and warm water systems. It can be used for modulating control of air-handling and heating systems on the water side.","Heating/Burner Parts/Valves/Valves.csv -> Belimo 2-way valve RP 1.1/2"" KV=16",,,https://www.wolseley.co.uk/wcsstore/ExtendedSitesCatalogAssetStore/images/products/AssetPush/wol-web-proof-medium-w/std.lang.all/01/55/NW-350154_350155_wm.jpg,https://www.wolseley.co.uk/wcsstore/ExtendedSitesCatalogAssetStore/images/products/AssetPush/DTP_AssetPushHighRes/std.lang.all/ti/on/Belimo_R2-S_R3-S_Installation.pdf,https://www.wolseley.co.uk/wcsstore/ExtendedSitesCatalogAssetStore/images/products/AssetPush/DTP_AssetPushHighRes/std.lang.all/ui/de/Belimo_Characterised_Ctrl_ValveGuide.pdf,https://www.wolseley.co.uk/wcsstore/ExtendedSitesCatalogAssetStore/images/products/AssetPush/DTP_AssetPushHighRes/std.lang.all/ti/on/Belimo_R20-R30_DN15-32_EUDeclaration.pdf,,,,,,,,,,,,,,,,,,,,,,,https://www.wolseley.co.uk/wcsstore/ExtendedSitesCatalogAssetStore/images/products/AssetPush/DTP_AssetPushHighRes/std.lang.all/te/ch/Belimo_R2015-20-25-32-40-50_Tech.pdf,https://www.wolseley.co.uk/wcsstore/ExtendedSitesCatalogAssetStore/images/products/AssetPush/DTP_AssetPushHighRes/std.lang.all/hu/re/Belimo_AHU_Brochure.pdf,
27,P469738,"Goldseal Goldseal 20mm  3/4"" 230V AC Water Solenoid Valve.  WRAS Approved",Goldseal,73.8,"WRAS approved, this high quality, normally closed Goldseal 20mm 3/4"" 230V AC water solenoid valve is suitable for use in hot and cold water. Made of brass, it has a servo-assisted 0.5 - 16 bar operating pressure and BSP connection.","Heating/Burner Parts/Valves/Valves.csv -> Goldseal Goldseal 20mm  3/4"" 230V AC Water Solenoid Valve.  WRAS Approved",,,https://www.wolseley.co.uk/wcsstore/ExtendedSitesCatalogAssetStore/images/products/AssetPush/wol-web-proof-medium-w/std.lang.all/97/52/469735_469752_wm.jpg,,,,BSP,3/4 20mm,N,Brass,3/4 20mm,0.5-16 Bar,120,GSW20-230VAC,Water Solenoid Valve,N,Normally closed,Brass body,Two-way inlet and outlet ports,WRAS Approved,IP65,,,,,,,,,,
28,P469744,"Goldseal Goldseal 32mm 1¼"" 230V AC Water Solenoid Valve.  WRAS Approved",Goldseal,209.4,"WRAS approved, this high quality, normally closed Goldseal 32mm 1 1/4"" 230V AC water solenoid valve is suitable for use in hot and cold water. Made of brass, it has a servo-assisted 0.5 - 16 bar operating pressure and BSP connection.","Heating/Burner Parts/Valves/Valves.csv -> Goldseal Goldseal 32mm 1¼"" 230V AC Water Solenoid Valve.  WRAS Approved",,,https://www.wolseley.co.uk/wcsstore/ExtendedSitesCatalogAssetStore/images/products/AssetPush/wol-web-proof-medium-w/std.lang.all/97/52/469735_469752_wm.jpg,,,,BSP,1¼ 32mm,N,Brass,1¼ 32mm,0.5-16 Bar,120,GSW35-230VAC,Water Solenoid Valve,N,Normally closed,Brass body,Two-way inlet and outlet ports,WRAS Approved,IP65,,,,,,,,,,
29,P305430,Siemens 2 Port Valve 2 port valve plus actuator 15mm kv3.0,Siemens,921.4,"Offering modulating control of high temperature hot water and steam, the Siemens 15mm two-port valve with magnetic actuator offers a PN16 pressure rating. This valve includes positioning control, a position feedback signal, manual control and a spring-return function.",Heating/Burner Parts/Valves/Valves.csv -> Siemens 2 Port Valve 2 port valve plus actuator 15mm kv3.0,,,https://www.wolseley.co.uk/wcsstore/ExtendedSitesCatalogAssetStore/images/products/AssetPush/wol-web-proof-medium-w/std.lang.all/54/30/305430_wm.jpg,https://www.wolseley.co.uk/wcsstore/ExtendedSitesCatalogAssetStore/images/products/AssetPush/DTP_AssetPushHighRes/std.lang.all/hu/re/Siemens_Heating Controls_Brochure.pdf,https://www.wolseley.co.uk/wcsstore/ExtendedSitesCatalogAssetStore/images/products/AssetPush/DTP_AssetPushHighRes/std.lang.all/ic/al/Siemens_CE1N4361_Technical.pdf,https://www.wolseley.co.uk/wcsstore/ExtendedSitesCatalogAssetStore/images/products/AssetPush/DTP_AssetPushHighRes/std.lang.all/ti/on/Siemens_MVF461H_Installation.pdf,,,,,,,,,,,,,,,,,,,,,,,,,
30,P469734,"Goldseal GSVCPI65-80 cpi switch, Closed position indicator switch for 65mm-80mm Goldseal Gas Solenoid valve",Goldseal,67.0,"This Goldseal closed position indicator switch, or CPI switch, is designed for use with the 65 - 80mm Goldseal gas solenoid valve.","Heating/Burner Parts/Valves/Valves.csv -> Goldseal GSVCPI65-80 cpi switch, Closed position indicator switch for 65mm-80mm Goldseal Gas Solenoid valve",,,https://www.wolseley.co.uk/wcsstore/ExtendedSitesCatalogAssetStore/images/products/AssetPush/wol-web-proof-medium-w/std.lang.all/97/34/469730_469734_wm.jpg,,,,BSP,¼ BSP,N,Stainless Steel,¼,N/A,60,GSVCPI65-80,Gas Valve CPI,N,Operational voltage of 250Vac 3A,With IP65 enclosure,Stainless steel construction,"1/4"" BSP connection",,,,,,,,,,,
31,P301433,"Watts Industries Black Teknigas gp solenoid valve 1"" 230v",Watts Industries,287.3,"Fitted with 1"" BSP connections, this Watts Industries Black Teknigas general purpose valve provides automatic on/off control for air, inert gas, water, light oils and other media compatible with the sealing material. This compact, well-designed servo-operated valve offers high levels of flow efficiency and robustness and an assisted lift mechanism for operation with zero pressure differential.","Heating/Burner Parts/Valves/Valves.csv -> Watts Industries Black Teknigas gp solenoid valve 1"" 230v",,,https://www.wolseley.co.uk/wcsstore/ExtendedSitesCatalogAssetStore/images/products/AssetPush/wol-web-proof-medium-w/std.lang.all/14/33/NW-301431_301433_wm.jpg,https://www.wolseley.co.uk/wcsstore/ExtendedSitesCatalogAssetStore/images/products/AssetPush/DTP_AssetPushHighRes/std.lang.all/ic/al/Black_Teknigas_3000GPV_Technical.pdf,,,,,,,,,,,,,,,,,,,,,,,,,,,
32,P469749,"Goldseal Goldseal 40mm  1¼"" 24V AC Water Solenoid Valve.  WRAS Approved",Goldseal,209.4,"WRAS approved, this high quality, normally closed Goldseal 40mm 1 1/2"" 24V AC water solenoid valve is suitable for use in hot and cold water. Made of brass, it has a servo-assisted 0.5 - 16 bar operating pressure and BSP connection.","Heating/Burner Parts/Valves/Valves.csv -> Goldseal Goldseal 40mm  1¼"" 24V AC Water Solenoid Valve.  WRAS Approved",,,https://www.wolseley.co.uk/wcsstore/ExtendedSitesCatalogAssetStore/images/products/AssetPush/wol-web-proof-medium-w/std.lang.all/97/52/469735_469752_wm.jpg,,,,BSP,140mm,N,Brass,1½ 40mm,0.5-16 Bar,120,GSW40-24VAC,Water Solenoid Valve,N,Normally closed,Brass body,Two-way inlet and outlet ports,WRAS Approved,IP65,,,,,,,,,,
33,P417695,"Goldseal GSV GSV 40 gas solenoid valve 40mm 1/2"" 230V BSP BS EN161",Goldseal,145.61,"Ideal for gas distribution applications, this Gold Seal GSV gas solenoid valve with 1 1/2"" BSPT female connection provides isolation and emergency shut-off. Compatible with  a variety of hydrocarbon gases, including natural gas, methane and liquid petroleum gas, this valve incorporates a blue neon light, giving a visual indication that power is at the gas solenoid valve and working correctly, providing an added level of safety.","Heating/Burner Parts/Valves/Valves.csv -> Goldseal GSV GSV 40 gas solenoid valve 40mm 1/2"" 230V BSP BS EN161",,,https://www.wolseley.co.uk/wcsstore/ExtendedSitesCatalogAssetStore/images/products/AssetPush/wol-web-proof-medium-w/std.lang.all/76/95/417695_wm.jpg,https://www.wolseley.co.uk/wcsstore/ExtendedSitesCatalogAssetStore/images/products/AssetPush/DTP_AssetPushHighRes/std.lang.all/ti/on/Gold_Seal_GSV_Installation.pdf,https://www.wolseley.co.uk/wcsstore/ExtendedSitesCatalogAssetStore/images/products/AssetPush/DTP_AssetPushHighRes/std.lang.all/ic/al/Gold_Seal_GSV_Technical.pdf,,,,,,,,,,,,,,,,,,,,,,,,,,
34,P469740,"Goldseal Goldseal 20mm  3/4"" 24V AC Water Solenoid Valve.  WRAS Approved",Goldseal,73.8,"WRAS approved, this high quality, normally closed Goldseal 20mm 3/4"" 24V AC water solenoid valve is suitable for use in hot and cold water. Made of brass, it has a servo-assisted 0.5 - 16 bar operating pressure and BSP connection.","Heating/Burner Parts/Valves/Valves.csv -> Goldseal Goldseal 20mm  3/4"" 24V AC Water Solenoid Valve.  WRAS Approved",,,https://www.wolseley.co.uk/wcsstore/ExtendedSitesCatalogAssetStore/images/products/AssetPush/wol-web-proof-medium-w/std.lang.all/97/52/469735_469752_wm.jpg,,,,BSP,3/4 20mm,N,Brass,3/4 20mm,0.5-16 Bar,120,GSW20-24VAC,Water Solenoid Valve,N,Normally closed,Brass body,Two-way inlet and outlet ports,WRAS Approved,IP65,,,,,,,,,,
35,P417692,"Goldseal GSV GSV 20 gas solenoid valve 20mm 3/4"" 230V BSP BS EN161",Goldseal,72.22,"Ideal for gas distribution applications, this Gold Seal GSV gas solenoid valve with 3/4"" BSPT female connection provides isolation and emergency shut-off. Compatible with  a variety of hydrocarbon gases, including natural gas, methane and liquid petroleum gas, this valve incorporates a blue neon light, giving a visual indication that power is at the gas solenoid valve and working correctly, providing an added level of safety.","Heating/Burner Parts/Valves/Valves.csv -> Goldseal GSV GSV 20 gas solenoid valve 20mm 3/4"" 230V BSP BS EN161",,,https://www.wolseley.co.uk/wcsstore/ExtendedSitesCatalogAssetStore/images/products/AssetPush/wol-web-proof-medium-w/std.lang.all/76/96/NW-417692_417696_wm.jpg,https://www.wolseley.co.uk/wcsstore/ExtendedSitesCatalogAssetStore/images/products/AssetPush/DTP_AssetPushHighRes/std.lang.all/ti/on/Gold_Seal_GSV_Installation.pdf,https://www.wolseley.co.uk/wcsstore/ExtendedSitesCatalogAssetStore/images/products/AssetPush/DTP_AssetPushHighRes/std.lang.all/ic/al/Gold_Seal_GSV_Technical.pdf,,,,,,,,,,,,,,,,,,,,,,,,,,
36,P423283,Asco 210 solenoid valve 1/2'' 230V,Asco,189.47,"Requiring no minimum operating pressure, this Asco 210 solenoid valve is a two way shut-off valve for control of air, inert gases, water, oil and other gases/liquids compatible with the sealing material used. It has 1/2"" RP threaded connections.",Heating/Burner Parts/Valves/Valves.csv -> Asco 210 solenoid valve 1/2'' 230V,,,https://www.wolseley.co.uk/wcsstore/ExtendedSitesCatalogAssetStore/images/products/AssetPush/wol-web-proof-medium-w/std.lang.all/32/83/NW-423283_wm.jpg,https://www.wolseley.co.uk/wcsstore/ExtendedSitesCatalogAssetStore/images/products/AssetPush/DTP_AssetPushHighRes/std.lang.all/ic/al/Asco_210_Solenoid_Valve_Technical.pdf,,,,,,,,,,,,,,,,,,,,,,,,,,,
37,P423293,Asco 262 magnetic latch valve 15mm,Asco,155.57,"Designed for high operating pressures, this Asco 262 solenoid valve for high pressure fluids does not require a minimum operating pressure. It has a large selection of seal options to provide broad chemical compatibility and 15mm connections.",Heating/Burner Parts/Valves/Valves.csv -> Asco 262 magnetic latch valve 15mm,,,https://www.wolseley.co.uk/wcsstore/ExtendedSitesCatalogAssetStore/images/products/AssetPush/wol-web-proof-medium-w/std.lang.all/32/93/NW-423293_wm.jpg,https://www.wolseley.co.uk/wcsstore/ExtendedSitesCatalogAssetStore/images/products/AssetPush/DTP_AssetPushHighRes/std.lang.all/ic/al/Asco_262_Solenoid_Valve_Technical.pdf,,,,,,,,,,,,,,,,,,,,,,,,,,,
38,P364442,Fantini Banico ZEV ZEVF80 gas solenoid valve automatic-reset 80mm 230v,Fantini Banico,384.81,"Suitable for use in natural gas, LPG and propane applications, this 230V Fantini Banico gas solenoid valve with 80mm BSP connection and automatic reset provides a safely controlled shut-off for gas feed pipes. With 1/4"" inlet and outlet plugs, this valve is compatible with CPI switch and pressure gauges and can be used for connection to proving and interlock systems.",Heating/Burner Parts/Valves/Valves.csv -> Fantini Banico ZEV ZEVF80 gas solenoid valve automatic-reset 80mm 230v,,,https://www.wolseley.co.uk/wcsstore/ExtendedSitesCatalogAssetStore/images/products/AssetPush/wol-web-proof-medium-w/std.lang.all/44/43/NW-364441_364443_wm.jpg,https://www.wolseley.co.uk/wcsstore/ExtendedSitesCatalogAssetStore/images/products/AssetPush/DTP_AssetPushHighRes/std.lang.all/te/ch/Banico_ZEV_F_Solenoid_Valve_Tech.pdf,https://www.wolseley.co.uk/wcsstore/ExtendedSitesCatalogAssetStore/images/products/AssetPush/DTP_AssetPushHighRes/std.lang.all/ui/de/Banico_ZEV_Solenoid_Valve_Guide.pdf,https://www.wolseley.co.uk/wcsstore/ExtendedSitesCatalogAssetStore/images/products/AssetPush/DTP_AssetPushHighRes/std.lang.all/nu/al/Banico_ZEV_Solenoid_Valve_Manual.pdf,,,,,,,,,,,,,,,,,,,,,,,,,
39,P364441,Fantini Banico ZEV ZEVF65 gas solenoid valve automatic-reset 65mm 230v,Fantini Banico,322.92,"Suitable for use in natural gas, LPG and propane applications, this 230V Fantini Banico gas solenoid valve with 65mm BSP connection and automatic reset provides a safely controlled shut-off for gas feed pipes. With 1/4"" inlet and outlet plugs, this valve is compatible with CPI switch and pressure gauges and can be used for connection to proving and interlock systems.",Heating/Burner Parts/Valves/Valves.csv -> Fantini Banico ZEV ZEVF65 gas solenoid valve automatic-reset 65mm 230v,,,https://www.wolseley.co.uk/wcsstore/ExtendedSitesCatalogAssetStore/images/products/AssetPush/wol-web-proof-medium-w/std.lang.all/44/43/NW-364441_364443_wm.jpg,https://www.wolseley.co.uk/wcsstore/ExtendedSitesCatalogAssetStore/images/products/AssetPush/DTP_AssetPushHighRes/std.lang.all/te/ch/Banico_ZEV_F_Solenoid_Valve_Tech.pdf,https://www.wolseley.co.uk/wcsstore/ExtendedSitesCatalogAssetStore/images/products/AssetPush/DTP_AssetPushHighRes/std.lang.all/ui/de/Banico_ZEV_Solenoid_Valve_Guide.pdf,https://www.wolseley.co.uk/wcsstore/ExtendedSitesCatalogAssetStore/images/products/AssetPush/DTP_AssetPushHighRes/std.lang.all/nu/al/Banico_ZEV_Solenoid_Valve_Manual.pdf,,,,,,,,,,,,,,,,,,,,,,,,,
40,P423280,Asco 210 solenoid valve 3/4'' 230v,Asco,273.97,"Requiring no minimum operating pressure, this Asco 210 solenoid valve is a two way shut-off valve for control of air, inert gases, water, oil and other gases/liquids compatible with the sealing material used. It has 3/4"" RP threaded connections.",Heating/Burner Parts/Valves/Valves.csv -> Asco 210 solenoid valve 3/4'' 230v,,,https://www.wolseley.co.uk/wcsstore/ExtendedSitesCatalogAssetStore/images/products/AssetPush/wol-web-proof-medium-w/std.lang.all/32/80/NW-423280_wm.jpg,https://www.wolseley.co.uk/wcsstore/ExtendedSitesCatalogAssetStore/images/products/AssetPush/DTP_AssetPushHighRes/std.lang.all/ic/al/Asco_210_Solenoid_Valve_Technical.pdf,,,,,,,,,,,,,,,,,,,,,,,,,,,
41,P365472,"Fantini Banico ZEV ZEVF150 gas solenoid valve automatic-reset 6 "" 230v",Fantini Banico,1820.93,"Suitable for use in natural gas, LPG and propane applications, this 230V Fantini Banico gas solenoid valve with 150mm BSP connection and automatic reset provides a safely controlled shut-off for gas feed pipes. With 1/4"" inlet and outlet plugs, this valve is compatible with CPI switch and pressure gauges and can be used for connection to proving and interlock systems.","Heating/Burner Parts/Valves/Valves.csv -> Fantini Banico ZEV ZEVF150 gas solenoid valve automatic-reset 6 "" 230v",,,https://www.wolseley.co.uk/wcsstore/ExtendedSitesCatalogAssetStore/images/products/AssetPush/wol-web-proof-medium-w/std.lang.all/54/72/NW-365471_365472_wm.jpg,https://www.wolseley.co.uk/wcsstore/ExtendedSitesCatalogAssetStore/images/products/AssetPush/DTP_AssetPushHighRes/std.lang.all/te/ch/Banico_ZEV_F_Solenoid_Valve_Tech.pdf,https://www.wolseley.co.uk/wcsstore/ExtendedSitesCatalogAssetStore/images/products/AssetPush/DTP_AssetPushHighRes/std.lang.all/ui/de/Banico_ZEV_Solenoid_Valve_Guide.pdf,https://www.wolseley.co.uk/wcsstore/ExtendedSitesCatalogAssetStore/images/products/AssetPush/DTP_AssetPushHighRes/std.lang.all/nu/al/Banico_ZEV_Solenoid_Valve_Manual.pdf,,,,,,,,,,,,,,,,,,,,,,,,,
42,P469733,"Goldseal GSVCPI50 cpi switch, Closed position indicator switch for 50mm Goldseal Gas Solenoid valve",Goldseal,67.0,"This Goldseal closed position indicator switch, or CPI switch, is designed for use with the 50mm Goldseal gas solenoid valve.","Heating/Burner Parts/Valves/Valves.csv -> Goldseal GSVCPI50 cpi switch, Closed position indicator switch for 50mm Goldseal Gas Solenoid valve",,,https://www.wolseley.co.uk/wcsstore/ExtendedSitesCatalogAssetStore/images/products/AssetPush/wol-web-proof-medium-w/std.lang.all/97/34/469730_469734_wm.jpg,,,,BSP,¼ BSP,N,Stainless Steel,¼,N/A,60,GSVCPI50,Gas Valve CPI,N,Operational voltage of 250Vac 3A,With IP65 enclosure,Stainless steel construction,"1/4"" BSP connection",,,,,,,,,,,
43,PK98328,"Sirai L182D01-1/2-230/50 solenoid valve 1/2"" 230/50",Sirai,93.87,"Made of brass with EPDM seals, this Sirai solenoid valve is a two-way normally closed (2/2 NC) pilot-operated electric valve with 1/2"" BSP connections. It is intended for use in mains/potable water under pressure and in temperature up to 140°C","Heating/Burner Parts/Valves/Valves.csv -> Sirai L182D01-1/2-230/50 solenoid valve 1/2"" 230/50",,,https://www.wolseley.co.uk/wcsstore/ExtendedSitesCatalogAssetStore/images/products/AssetPush/wol-web-proof-medium-w/std.lang.all/83/28/NW-K98328_wm.jpg,https://www.wolseley.co.uk/wcsstore/ExtendedSitesCatalogAssetStore/images/products/AssetPush/DTP_AssetPushHighRes/std.lang.all/ic/al/Sirai_L182_Solenoid_Valve_Technical.pdf,,,,,,,,,,,,,,,,,,,,,,,,,,,
44,P469739,"Goldseal Goldseal 20mm  3/4"" 24V DC Water Solenoid Valve.  WRAS Approved",Goldseal,73.8,"WRAS approved, this high quality, normally closed Goldseal 20mm 3/4"" 24V DC water solenoid valve is suitable for use in hot and cold water. Made of brass, it has a servo-assisted 0.5 - 16 bar operating pressure and BSP connection.","Heating/Burner Parts/Valves/Valves.csv -> Goldseal Goldseal 20mm  3/4"" 24V DC Water Solenoid Valve.  WRAS Approved",,,https://www.wolseley.co.uk/wcsstore/ExtendedSitesCatalogAssetStore/images/products/AssetPush/wol-web-proof-medium-w/std.lang.all/97/52/469735_469752_wm.jpg,,,,BSP,3/4 20mm,N,Brass,3/4 20mm,0.5-16 Bar,120,GSW20-24VDC,Water Solenoid Valve,N,Normally closed,Brass body,Two-way inlet and outlet ports,WRAS Approved,IP65,,,,,,,,,,
45,P302621,Schneider Electric MBF 3 port low pressure hot water valve 65 mm cv=63,Schneider Electric,781.21,"Supplied with 65mm connections, this Schneider Electric MBF three port rotary-shoe type valve is used as a mixing or diverting valve in hot or chilled water in heating, ventilating and air conditioning applications. This valve is driven by the MD20 damper actuator using appropriate linkage.",Heating/Burner Parts/Valves/Valves.csv -> Schneider Electric MBF 3 port low pressure hot water valve 65 mm cv=63,,,https://www.wolseley.co.uk/wcsstore/ExtendedSitesCatalogAssetStore/images/products/AssetPush/wol-web-proof-medium-w/std.lang.all/26/33/NW-302621_302633_wm.jpg,https://www.wolseley.co.uk/wcsstore/ExtendedSitesCatalogAssetStore/images/products/AssetPush/DTP_AssetPushHighRes/std.lang.all/og/ue/SE_Valves_Actuators_Catalogue.pdf,https://www.wolseley.co.uk/wcsstore/ExtendedSitesCatalogAssetStore/images/products/AssetPush/DTP_AssetPushHighRes/std.lang.all/te/ch/SE_MB_MBF_RotaryShoeValv_Tech.pdf,,,,,,,,,,,,,,,,,,,,,,,,,,
46,P309324,Siemens VXG VXG44.20-6.3 44.20 20mm 3port valve cv=6.3,Siemens,96.4,"Suitable for closed circuits only, the Siemens VXG valve is designed for use in small and medium-sized heating, ventilation and air conditioning systems. A control valve for mixing and diverting functions, this valve with 1 1/4"" BSPP male connections can also be used for shut-off.",Heating/Burner Parts/Valves/Valves.csv -> Siemens VXG VXG44.20-6.3 44.20 20mm 3port valve cv=6.3,,,https://www.wolseley.co.uk/wcsstore/ExtendedSitesCatalogAssetStore/images/products/AssetPush/wol-web-proof-medium-w/std.lang.all/93/25/NW-309323_309325_wm.jpg,https://www.wolseley.co.uk/wcsstore/ExtendedSitesCatalogAssetStore/images/products/AssetPush/DTP_AssetPushHighRes/std.lang.all/ti/on/Siemens_VXG_VVG_VVI_VXI_Declaration.pdf,https://www.wolseley.co.uk/wcsstore/ExtendedSitesCatalogAssetStore/images/products/AssetPush/DTP_AssetPushHighRes/std.lang.all/hu/re/Siemens_VXG44_VVG44_Brochure.pdf,https://www.wolseley.co.uk/wcsstore/ExtendedSitesCatalogAssetStore/images/products/AssetPush/DTP_AssetPushHighRes/std.lang.all/ti/on/Siemens_VXG44_VVG44_Installation.pdf,,,,,,,,,,,,,,,,,,,,,,,,,
47,P364430,"Fantini Banico gas solenoid valve automatic-reset 1/2"" 230v",Fantini Banico,42.99,"Used for safe, controlled gas feed pipe shut-off, this Fantini Banico gas solenoid valve with 1/2"" BSP connection is suitable for natural gas, propane and LPG. The 1/4"" inlet and outlet plugs are suitable for CPI switch and pressure gauges and for connection to proving and interlock systems.","Heating/Burner Parts/Valves/Valves.csv -> Fantini Banico gas solenoid valve automatic-reset 1/2"" 230v",,,https://www.wolseley.co.uk/wcsstore/ExtendedSitesCatalogAssetStore/images/products/AssetPush/wol-web-proof-medium-w/std.lang.all/44/30/NW-364430_wm.jpg,https://www.wolseley.co.uk/wcsstore/ExtendedSitesCatalogAssetStore/images/products/AssetPush/DTP_AssetPushHighRes/std.lang.all/te/ch/Banico_ZEV_F_Solenoid_Valve_Tech.pdf,https://www.wolseley.co.uk/wcsstore/ExtendedSitesCatalogAssetStore/images/products/AssetPush/DTP_AssetPushHighRes/std.lang.all/ui/de/Banico_ZEV_Solenoid_Valve_Guide.pdf,https://www.wolseley.co.uk/wcsstore/ExtendedSitesCatalogAssetStore/images/products/AssetPush/DTP_AssetPushHighRes/std.lang.all/nu/al/Banico_ZEV_Solenoid_Valve_Manual.pdf,,,,,,,,,,,,,,,,,,,,,,,,,
48,P469741,"Goldseal Goldseal 25mm  1"" 230V AC Water Solenoid Valve.  WRAS Approved",Goldseal,108.58,"WRAS approved, this high quality, normally closed Goldseal 25mm 1"" 230V AC water solenoid valve is suitable for use in hot and cold water. Made of brass, it has a servo-assisted 0.5 - 16 bar operating pressure and BSP connection.","Heating/Burner Parts/Valves/Valves.csv -> Goldseal Goldseal 25mm  1"" 230V AC Water Solenoid Valve.  WRAS Approved",,,https://www.wolseley.co.uk/wcsstore/ExtendedSitesCatalogAssetStore/images/products/AssetPush/wol-web-proof-medium-w/std.lang.all/97/52/469735_469752_wm.jpg,,,,BSP,125 mm,N,Brass,125mm,0.5-16 Bar,120,GSW25-230VAC,Water Solenoid Valve,N,Normally closed,Brass body,Two-way inlet and outlet ports,WRAS Approved,IP65,,,,,,,,,,
49,P449605,Asco L182 solenoid valve1/2'' 230v,Asco,60.8,"Suitable for use in a broad range of industrial applications, this Asco series L182 general purpose solenoid valve is designed to control water, air, inert gases, steam and non-aggressive fluids. It is supplied with G 1/2"" connections.",Heating/Burner Parts/Valves/Valves.csv -> Asco L182 solenoid valve1/2'' 230v,,,https://www.wolseley.co.uk/wcsstore/ExtendedSitesCatalogAssetStore/images/products/AssetPush/wol-web-proof-medium-w/std.lang.all/96/07/NW-449605_449607_wm.jpg,https://www.wolseley.co.uk/wcsstore/ExtendedSitesCatalogAssetStore/images/products/AssetPush/DTP_AssetPushHighRes/std.lang.all/ic/al/Asco_L182_Solenoid_Valve_Technical.pdf,https://www.wolseley.co.uk/wcsstore/ExtendedSitesCatalogAssetStore/images/products/AssetPush/DTP_AssetPushHighRes/std.lang.all/ui/de/Asco_Solenoid_Valve_Guide.pdf,,,,,,,,,,,,,,,,,,,,,,,,,,
50,P305748,Siemens flanged 3 port valve actuator 65mm kv=50,Siemens,1338.86,"Designed for modulating control of high temperature hot water of steam, this Siemens two port PN16 valve with magnetic actuator has 32mm connection, positioning control, a position feedback signal, spring-return function and manual control.",Heating/Burner Parts/Valves/Valves.csv -> Siemens flanged 3 port valve actuator 65mm kv=50,,,https://www.wolseley.co.uk/wcsstore/ExtendedSitesCatalogAssetStore/images/products/AssetPush/wol-web-proof-medium-w/std.lang.all/57/48/NW-305748_wm.jpg,https://www.wolseley.co.uk/wcsstore/ExtendedSitesCatalogAssetStore/images/products/AssetPush/DTP_AssetPushHighRes/std.lang.all/ti/on/Siemens_MXG461_MXF461_EU_Declaration.pdf,https://www.wolseley.co.uk/wcsstore/ExtendedSitesCatalogAssetStore/images/products/AssetPush/DTP_AssetPushHighRes/std.lang.all/la/rn/Siemens_MXG461_MXF461_Envirn_Declarn.pdf,https://www.wolseley.co.uk/wcsstore/ExtendedSitesCatalogAssetStore/images/products/AssetPush/DTP_AssetPushHighRes/std.lang.all/ic/al/Siemens_MXG461-MXF461_Technical.pdf,,,,,,,,,,,,,,,,,,,,,,,https://www.wolseley.co.uk/wcsstore/ExtendedSitesCatalogAssetStore/images/products/AssetPush/DTP_AssetPushHighRes/std.lang.all/la/rn/Siemens_MXG461_MXF461_Supplr_Declarn.pdf,,
51,P302643,"Schneider Electric MBX 3 port low pressure hot water valve 1.1/4 "" cv=12",Schneider Electric,276.58,"This Schneider Electric MBX three port low pressure hot water valve meets the needs of a wide variety of operating conditions and applications. It includes 1 1/4"" female BSP connections.","Heating/Burner Parts/Valves/Valves.csv -> Schneider Electric MBX 3 port low pressure hot water valve 1.1/4 "" cv=12",,,https://www.wolseley.co.uk/wcsstore/ExtendedSitesCatalogAssetStore/images/products/AssetPush/wol-web-proof-medium-w/std.lang.all/26/45/NW-302643_302645_wm.jpg,https://www.wolseley.co.uk/wcsstore/ExtendedSitesCatalogAssetStore/images/products/AssetPush/DTP_AssetPushHighRes/std.lang.all/ti/on/SE_MBX_Valve_Installation.pdf,https://www.wolseley.co.uk/wcsstore/ExtendedSitesCatalogAssetStore/images/products/AssetPush/DTP_AssetPushHighRes/std.lang.all/ui/de/SE_Satchwell_Prod_Sel_Guide.pdf,,,,,,,,,,,,,,,,,,,,,,,,,,
52,P302644,"Schneider Electric MBX 3 port low pressure hot water valve 1.1/2 "" cv=20",Schneider Electric,335.62,"This Schneider Electric MBX three port low pressure hot water valve meets the needs of a wide variety of operating conditions and applications. It includes 1 1/2"" female BSP connections.","Heating/Burner Parts/Valves/Valves.csv -> Schneider Electric MBX 3 port low pressure hot water valve 1.1/2 "" cv=20",,,https://www.wolseley.co.uk/wcsstore/ExtendedSitesCatalogAssetStore/images/products/AssetPush/wol-web-proof-medium-w/std.lang.all/26/45/NW-302643_302645_wm.jpg,https://www.wolseley.co.uk/wcsstore/ExtendedSitesCatalogAssetStore/images/products/AssetPush/DTP_AssetPushHighRes/std.lang.all/ti/on/SE_MBX_Valve_Installation.pdf,https://www.wolseley.co.uk/wcsstore/ExtendedSitesCatalogAssetStore/images/products/AssetPush/DTP_AssetPushHighRes/std.lang.all/ui/de/SE_Satchwell_Prod_Sel_Guide.pdf,,,,,,,,,,,,,,,,,,,,,,,,,,
53,P469750,"Goldseal Goldseal 50mm  2"" 230V AC Water Solenoid Valve.  WRAS Approved",Goldseal,314.11,"WRAS approved, this high quality, normally closed Goldseal 50mm 2"" 230V AC water solenoid valve is suitable for use in hot and cold water. Made of brass, it has a servo-assisted 0.5 - 16 bar operating pressure and BSP connection.","Heating/Burner Parts/Valves/Valves.csv -> Goldseal Goldseal 50mm  2"" 230V AC Water Solenoid Valve.  WRAS Approved",,,https://www.wolseley.co.uk/wcsstore/ExtendedSitesCatalogAssetStore/images/products/AssetPush/wol-web-proof-medium-w/std.lang.all/97/52/469735_469752_wm.jpg,,,,BSP,250mm,N,Brass,250mm,0.5-16 Bar,120,GSW50-230VAC,Water Solenoid Valve,N,Normally closed,Brass body,Two-way inlet and outlet ports,WRAS Approved,IP65,,,,,,,,,,
54,P417694,"Goldseal GSV GSV 32 gas solenoid valve 32mm 1/4"" 230V BSP BS EN161",Goldseal,133.68,"Ideal for gas distribution applications, this Gold Seal GSV gas solenoid valve with 1 1/4"" BSPT female connection provides isolation and emergency shut-off. Compatible with  a variety of hydrocarbon gases, including natural gas, methane and liquid petroleum gas, this valve incorporates a blue neon light, giving a visual indication that power is at the gas solenoid valve and working correctly, providing an added level of safety.","Heating/Burner Parts/Valves/Valves.csv -> Goldseal GSV GSV 32 gas solenoid valve 32mm 1/4"" 230V BSP BS EN161",,,https://www.wolseley.co.uk/wcsstore/ExtendedSitesCatalogAssetStore/images/products/AssetPush/wol-web-proof-medium-w/std.lang.all/76/94/417694_wm.jpg,https://www.wolseley.co.uk/wcsstore/ExtendedSitesCatalogAssetStore/images/products/AssetPush/DTP_AssetPushHighRes/std.lang.all/ti/on/Gold_Seal_GSV_Installation.pdf,https://www.wolseley.co.uk/wcsstore/ExtendedSitesCatalogAssetStore/images/products/AssetPush/DTP_AssetPushHighRes/std.lang.all/ic/al/Gold_Seal_GSV_Technical.pdf,,,,,,,,,,,,,,,,,,,,,,,,,,
55,P891340,"Flamco Meibes BSP M PM valve 3/4""",Flamco,350.02,"This Flamco Meibes PM (proportional quantity) hydraulic valve with G 3/4"" connection requires no external energy for the regulation of hot water priority mode in residential units during hot water tapping. Opening  domestic water and heating water media flows via the plate heat exchanger when hot water is drawn off, this valve closes after shut-off to prevent continued heating of the heat exchanger.","Heating/Burner Parts/Valves/Valves.csv -> Flamco Meibes BSP M PM valve 3/4""",,PM valve;5x seals,https://www.wolseley.co.uk/wcsstore/ExtendedSitesCatalogAssetStore/images/products/AssetPush/wol-web-proof-medium-w/std.lang.all/13/40/NW-891340_wm.jpg,https://www.wolseley.co.uk/wcsstore/ExtendedSitesCatalogAssetStore/images/products/AssetPush/DTP_AssetPushHighRes/std.lang.all/ic/al/Flamco_PM_Valves_Technical.pdf,,,,,,,,,,,,,,,,,,,,,,,,,,,
56,P469736,"Goldseal Goldseal 15mm  ½"" 24V DC Water Solenoid Valve.  WRAS Approved",Goldseal,65.94,"WRAS approved, this high quality, normally closed Goldseal 15mm 1/2"" 24V DC water solenoid valve is suitable for use in hot and cold water. Made of brass, it has a servo-assisted 0.5 - 16 bar operating pressure and BSP connection.","Heating/Burner Parts/Valves/Valves.csv -> Goldseal Goldseal 15mm  ½"" 24V DC Water Solenoid Valve.  WRAS Approved",,,https://www.wolseley.co.uk/wcsstore/ExtendedSitesCatalogAssetStore/images/products/AssetPush/wol-web-proof-medium-w/std.lang.all/97/52/469735_469752_wm.jpg,,,,BSP,15mm,N,Brass,15mm,0.5-16 Bar,120,GSW13-24VDC,Water Solenoid Valve,N,Normally closed,Brass body,Two-way inlet and outlet ports,WRAS Approved,IP65,,,,,,,,,,
57,P350189,"Belimo 3-way valve RP 2"" KV=40",Belimo,359.1,"This Belimo three way characterised control valve with 2"" Rp internal thread is suitable for closed cold and warm water systems. It is used for modulating control of air-handling and heating systems on the water side.","Heating/Burner Parts/Valves/Valves.csv -> Belimo 3-way valve RP 2"" KV=40",,,https://www.wolseley.co.uk/wcsstore/ExtendedSitesCatalogAssetStore/images/products/AssetPush/wol-web-proof-medium-w/std.lang.all/01/89/NW-350189_wm.jpg,https://www.wolseley.co.uk/wcsstore/ExtendedSitesCatalogAssetStore/images/products/AssetPush/DTP_AssetPushHighRes/std.lang.all/te/ch/Belimo_R3015-20-25-40-58-S1-S4_Tech.pdf,https://www.wolseley.co.uk/wcsstore/ExtendedSitesCatalogAssetStore/images/products/AssetPush/DTP_AssetPushHighRes/std.lang.all/ti/on/Belimo_R2-S_R3-S_Installation.pdf,https://www.wolseley.co.uk/wcsstore/ExtendedSitesCatalogAssetStore/images/products/AssetPush/DTP_AssetPushHighRes/std.lang.all/ui/de/Belimo_Characterised_Ctrl_ValveGuide.pdf,,,,,,,,,,,,,,,,,,,,,,,https://www.wolseley.co.uk/wcsstore/ExtendedSitesCatalogAssetStore/images/products/AssetPush/DTP_AssetPushHighRes/std.lang.all/hu/re/Belimo_AHU_Brochure.pdf,https://www.wolseley.co.uk/wcsstore/ExtendedSitesCatalogAssetStore/images/products/AssetPush/DTP_AssetPushHighRes/std.lang.all/ti/on/Belimo_R20-R30_DN15-32_EUDeclaration.pdf,
58,P417691,"Goldseal Gold Seal Valves gas solenoid valve 15mm 1/2"" 230V BSP BS EN161",Goldseal,53.93,"Compatible with hydrocarbon gases such as natural gas, LPG and methane, the Goldseal GSV 15mm 230V EN 161 solenoid valve supplies isolation and emergency shut-off in gas distribution. Fitted with 1/2"" connections, this valve is normally closed but is capable of fast opening when energised.","Heating/Burner Parts/Valves/Valves.csv -> Goldseal Gold Seal Valves gas solenoid valve 15mm 1/2"" 230V BSP BS EN161",,,https://www.wolseley.co.uk/wcsstore/ExtendedSitesCatalogAssetStore/images/products/AssetPush/wol-web-proof-medium-w/std.lang.all/76/91/NW-417691_wm.jpg,https://www.wolseley.co.uk/wcsstore/ExtendedSitesCatalogAssetStore/images/products/AssetPush/DTP_AssetPushHighRes/std.lang.all/ta/ll/Goldseal_GSV_Install.pdf,https://www.wolseley.co.uk/wcsstore/ExtendedSitesCatalogAssetStore/images/products/AssetPush/DTP_AssetPushHighRes/std.lang.all/_t/ds/Goldseal_GSV_Gas_Valve_TDS.pdf,,,,,,,,,,,,,,,,,,,,,,,,,,
59,P302622,SWL MBF 4782 80MM 3PORT LPHW VALVE CV=80,Schneider Electric,927.57,"Supplied with 80mm connections, this Schneider Electric MBF three port rotary-shoe type valve is used as a mixing or diverting valve in hot or chilled water in heating, ventilating and air conditioning applications. This valve is driven by the MD20 damper actuator using appropriate linkage.",Heating/Burner Parts/Valves/Valves.csv -> SWL MBF 4782 80MM 3PORT LPHW VALVE CV=80,,,https://www.wolseley.co.uk/wcsstore/ExtendedSitesCatalogAssetStore/images/products/AssetPush/wol-web-proof-medium-w/std.lang.all/26/33/NW-302621_302633_wm.jpg,https://www.wolseley.co.uk/wcsstore/ExtendedSitesCatalogAssetStore/images/products/AssetPush/DTP_AssetPushHighRes/std.lang.all/og/ue/SE_Valves_Actuators_Catalogue.pdf,https://www.wolseley.co.uk/wcsstore/ExtendedSitesCatalogAssetStore/images/products/AssetPush/DTP_AssetPushHighRes/std.lang.all/te/ch/SE_MB_MBF_RotaryShoeValv_Tech.pdf,,,,,,,,,,,,,,,,,,,,,,,,,,
60,P469751,"Goldseal Goldseal 50mm  2"" 24V DC Water Solenoid Valve.  WRAS Approved",Goldseal,314.11,"WRAS approved, this high quality, normally closed Goldseal 50mm 2"" 24V DC water solenoid valve is suitable for use in hot and cold water. Made of brass, it has a servo-assisted 0.5 - 16 bar operating pressure and BSP connection.","Heating/Burner Parts/Valves/Valves.csv -> Goldseal Goldseal 50mm  2"" 24V DC Water Solenoid Valve.  WRAS Approved",,,https://www.wolseley.co.uk/wcsstore/ExtendedSitesCatalogAssetStore/images/products/AssetPush/wol-web-proof-medium-w/std.lang.all/97/52/469735_469752_wm.jpg,,,,BSP,250mm,N,Brass,250mm,0.5-16 Bar,120,GSW50-24VDC,Water Solenoid Valve,N,Normally closed,Brass body,Two-way inlet and outlet ports,WRAS Approved,IP65,,,,,,,,,,
61,P309325,Siemens VXG VXG44.25-10 44.25 25mm 3port valve cv=10.0,Siemens,105.61,"Suitable for closed circuits only, the Siemens VXG valve is designed for use in small and medium-sized heating, ventilation and air conditioning systems. A control valve for mixing and diverting functions, this valve with 1 1/2"" BSPP male connections can also be used for shut-off.",Heating/Burner Parts/Valves/Valves.csv -> Siemens VXG VXG44.25-10 44.25 25mm 3port valve cv=10.0,,,https://www.wolseley.co.uk/wcsstore/ExtendedSitesCatalogAssetStore/images/products/AssetPush/wol-web-proof-medium-w/std.lang.all/93/25/NW-309323_309325_wm.jpg,https://www.wolseley.co.uk/wcsstore/ExtendedSitesCatalogAssetStore/images/products/AssetPush/DTP_AssetPushHighRes/std.lang.all/ti/on/Siemens_VXG_VVG_VVI_VXI_Declaration.pdf,https://www.wolseley.co.uk/wcsstore/ExtendedSitesCatalogAssetStore/images/products/AssetPush/DTP_AssetPushHighRes/std.lang.all/hu/re/Siemens_VXG44_VVG44_Brochure.pdf,https://www.wolseley.co.uk/wcsstore/ExtendedSitesCatalogAssetStore/images/products/AssetPush/DTP_AssetPushHighRes/std.lang.all/ti/on/Siemens_VXG44_VVG44_Installation.pdf,,,,,,,,,,,,,,,,,,,,,,,,,
62,P469743,"Goldseal Goldseal 25mm  1"" 24V AC Water Solenoid Valve.  WRAS Approved",Goldseal,108.58,"WRAS approved, this high quality, normally closed Goldseal 25mm 1"" 24V AC water solenoid valve is suitable for use in hot and cold water. Made of brass, it has a servo-assisted 0.5 - 16 bar operating pressure and BSP connection.","Heating/Burner Parts/Valves/Valves.csv -> Goldseal Goldseal 25mm  1"" 24V AC Water Solenoid Valve.  WRAS Approved",,,https://www.wolseley.co.uk/wcsstore/ExtendedSitesCatalogAssetStore/images/products/AssetPush/wol-web-proof-medium-w/std.lang.all/97/52/469735_469752_wm.jpg,,,,BSP,125 mm,N,Brass,125mm,0.5-16 Bar,120,GSW25-24VAC,Water Solenoid Valve,N,Normally closed,Brass body,Two-way inlet and outlet ports,WRAS Approved,IP65,,,,,,,,,,
63,P423277,Asco 210 solenoid valve 1/2'' 230v,Asco,212.02,"Requiring no minimum operating pressure, this Asco 210 solenoid valve is a two way shut-off valve for control of air, inert gases, water, oil and other gases/liquids compatible with the sealing material used. It has 1/2"" RP threaded connections.",Heating/Burner Parts/Valves/Valves.csv -> Asco 210 solenoid valve 1/2'' 230v,,,https://www.wolseley.co.uk/wcsstore/ExtendedSitesCatalogAssetStore/images/products/AssetPush/wol-web-proof-medium-w/std.lang.all/32/77/NW-423277_wm.jpg,https://www.wolseley.co.uk/wcsstore/ExtendedSitesCatalogAssetStore/images/products/AssetPush/DTP_AssetPushHighRes/std.lang.all/ic/al/Asco_210_Solenoid_Valve_Technical.pdf,,,,,,,,,,,,,,,,,,,,,,,,,,,
64,P417697,"Goldseal Gold Seal Valves gas solenoid valve 65mm 2 1/2"" 230V PN8 IP54 EN161",Goldseal,456.97,"Compatible with hydrocarbon gases such as natural gas, LPG and methane, the Goldseal GSV 65mm 230V PN8 EN 161 solenoid valve supplies isolation and emergency shut-off in gas distribution. Fitted with 2 1/2"" connections, this valve is normally closed but is capable of fast opening when energised.","Heating/Burner Parts/Valves/Valves.csv -> Goldseal Gold Seal Valves gas solenoid valve 65mm 2 1/2"" 230V PN8 IP54 EN161",,,https://www.wolseley.co.uk/wcsstore/ExtendedSitesCatalogAssetStore/images/products/AssetPush/wol-web-proof-medium-w/std.lang.all/76/97/417697_wm.jpg,https://www.wolseley.co.uk/wcsstore/ExtendedSitesCatalogAssetStore/images/products/AssetPush/DTP_AssetPushHighRes/std.lang.all/ta/ll/Goldseal_GSV_Install.pdf,https://www.wolseley.co.uk/wcsstore/ExtendedSitesCatalogAssetStore/images/products/AssetPush/DTP_AssetPushHighRes/std.lang.all/_t/ds/Goldseal_GSV_Gas_Valve_TDS.pdf,,,,,,,,,,,,,,,,,,,,,,,,,,
65,PK98338,"Sirai solenoid valve 1"" 230/50",Sirai,185.51,"Made of brass with EPDM seals, this Sirai solenoid valve is a two way normally closed (2/2 NC) pilot-operated electric valve with 1"" BSP connections. It is suitable for use in mains/potable water under pressure.","Heating/Burner Parts/Valves/Valves.csv -> Sirai solenoid valve 1"" 230/50",,,https://www.wolseley.co.uk/wcsstore/ExtendedSitesCatalogAssetStore/images/products/AssetPush/wol-web-proof-medium-w/std.lang.all/83/38/NW-K98338_wm.jpg,https://www.wolseley.co.uk/wcsstore/ExtendedSitesCatalogAssetStore/images/products/AssetPush/DTP_AssetPushHighRes/std.lang.all/ic/al/Sirai_L182_Solenoid_Valve_Technical.pdf,,,,,,,,,,,,,,,,,,,,,,,,,,,
66,P469737,"Goldseal Goldseal 15mm  ½"" 24V ACC Water Solenoid Valve.  WRAS Approved",Goldseal,65.94,"WRAS approved, this high quality, normally closed Goldseal 15mm 1/2"" 24V ACC water solenoid valve is suitable for use in hot and cold water. Made of brass, it has a servo-assisted 0.5 - 16 bar operating pressure and BSP connection.","Heating/Burner Parts/Valves/Valves.csv -> Goldseal Goldseal 15mm  ½"" 24V ACC Water Solenoid Valve.  WRAS Approved",,,https://www.wolseley.co.uk/wcsstore/ExtendedSitesCatalogAssetStore/images/products/AssetPush/wol-web-proof-medium-w/std.lang.all/97/52/469735_469752_wm.jpg,,,,BSP,15mm,N,Brass,15mm,0.5-16 Bar,120,GSW13-24VAC,Water Solenoid Valve,N,Normally closed,Brass body,Two-way inlet and outlet ports,WRAS Approved,IP65,,,,,,,,,,
67,P469747,"Goldseal Goldseal 40mm  1½"" 230V AC Water Solenoid Valve.  WRAS Approved",Goldseal,209.4,"WRAS approved, this high quality, normally closed Goldseal 40mm 1 1/2"" 230V AC water solenoid valve is suitable for use in hot and cold water. Made of brass, it has a servo-assisted 0.5 - 16 bar operating pressure and BSP connection.","Heating/Burner Parts/Valves/Valves.csv -> Goldseal Goldseal 40mm  1½"" 230V AC Water Solenoid Valve.  WRAS Approved",,,https://www.wolseley.co.uk/wcsstore/ExtendedSitesCatalogAssetStore/images/products/AssetPush/wol-web-proof-medium-w/std.lang.all/97/52/469735_469752_wm.jpg,,,,BSP,140mm,N,Brass,1½ 40mm,0.5-16 Bar,120,GSW40-230VAC,Water Solenoid Valve,N,Normally closed,Brass body,Two-way inlet and outlet ports,WRAS Approved,IP65,,,,,,,,,,
68,P417698,"Goldseal Gold Seal Valves gas solenoid valve 80mm 3"" 230V PN16 IP54 EN161",Goldseal,501.44,"Compatible with hydrocarbon gases such as natural gas, LPG and methane, the Goldseal GSV 80mm 230V PN16 IP54 EN 161 solenoid valve supplies isolation and emergency shut-off in gas distribution. Fitted with 3"" connections, this valve is normally closed but is capable of fast opening when energised.","Heating/Burner Parts/Valves/Valves.csv -> Goldseal Gold Seal Valves gas solenoid valve 80mm 3"" 230V PN16 IP54 EN161",,,https://www.wolseley.co.uk/wcsstore/ExtendedSitesCatalogAssetStore/images/products/AssetPush/wol-web-proof-medium-w/std.lang.all/76/98/417698_wm.jpg,https://www.wolseley.co.uk/wcsstore/ExtendedSitesCatalogAssetStore/images/products/AssetPush/DTP_AssetPushHighRes/std.lang.all/ta/ll/Goldseal_GSV_Install.pdf,https://www.wolseley.co.uk/wcsstore/ExtendedSitesCatalogAssetStore/images/products/AssetPush/DTP_AssetPushHighRes/std.lang.all/_t/ds/Goldseal_GSV_Gas_Valve_TDS.pdf,,,,,,,,,,,,,,,,,,,,,,,,,,
69,P449607,"Asco L182 solenoid valve 1"" 230v",Asco,120.15,"Suitable for use in a broad range of industrial applications, this Asco series L182 general purpose solenoid valve is designed to control water, air, inert gases, steam and non-aggressive fluids. It is supplied with G 1"" connections.","Heating/Burner Parts/Valves/Valves.csv -> Asco L182 solenoid valve 1"" 230v",,,https://www.wolseley.co.uk/wcsstore/ExtendedSitesCatalogAssetStore/images/products/AssetPush/wol-web-proof-medium-w/std.lang.all/96/07/NW-449605_449607_wm.jpg,https://www.wolseley.co.uk/wcsstore/ExtendedSitesCatalogAssetStore/images/products/AssetPush/DTP_AssetPushHighRes/std.lang.all/ic/al/Asco_L182_Solenoid_Valve_Technical.pdf,https://www.wolseley.co.uk/wcsstore/ExtendedSitesCatalogAssetStore/images/products/AssetPush/DTP_AssetPushHighRes/std.lang.all/ui/de/Asco_Solenoid_Valve_Guide.pdf,,,,,,,,,,,,,,,,,,,,,,,,,,
70,P309327,Siemens VXG VXG44.40-25 44.40 40mm 3port valve cv=25.0,Siemens,174.36,"Suitable for closed circuits only, the Siemens VXG valve is designed for use in small and medium-sized heating, ventilation and air conditioning systems. A control valve for mixing and diverting functions, this valve with 2"" BSPP male connections can also be used for shut-off.",Heating/Burner Parts/Valves/Valves.csv -> Siemens VXG VXG44.40-25 44.40 40mm 3port valve cv=25.0,,,https://www.wolseley.co.uk/wcsstore/ExtendedSitesCatalogAssetStore/images/products/AssetPush/wol-web-proof-medium-w/std.lang.all/93/27/NW-309326_309327_wm.jpg,https://www.wolseley.co.uk/wcsstore/ExtendedSitesCatalogAssetStore/images/products/AssetPush/DTP_AssetPushHighRes/std.lang.all/ti/on/Siemens_VXG_VVG_VVI_VXI_Declaration.pdf,https://www.wolseley.co.uk/wcsstore/ExtendedSitesCatalogAssetStore/images/products/AssetPush/DTP_AssetPushHighRes/std.lang.all/hu/re/Siemens_VXG44_VVG44_Brochure.pdf,https://www.wolseley.co.uk/wcsstore/ExtendedSitesCatalogAssetStore/images/products/AssetPush/DTP_AssetPushHighRes/std.lang.all/ti/on/Siemens_VXG44_VVG44_Installation.pdf,,,,,,,,,,,,,,,,,,,,,,,,,
71,P417699,"Goldseal GSV GSV 100 gas solenoid valve 100mm 4"" 230V PN16 IP54 EN161",Goldseal,922.49,"Ideal for gas distribution applications, this Gold Seal GSV gas solenoid valve with 4"" flanged connection provides isolation and emergency shut-off. Compatible with  a variety of hydrocarbon gases, including natural gas, methane and liquid petroleum gas, this valve incorporates a blue neon light, giving a visual indication that power is at the gas solenoid valve and working correctly, providing an added level of safety.","Heating/Burner Parts/Valves/Valves.csv -> Goldseal GSV GSV 100 gas solenoid valve 100mm 4"" 230V PN16 IP54 EN161",,,https://www.wolseley.co.uk/wcsstore/ExtendedSitesCatalogAssetStore/images/products/AssetPush/wol-web-proof-medium-w/std.lang.all/76/99/417699_wm.jpg,https://www.wolseley.co.uk/wcsstore/ExtendedSitesCatalogAssetStore/images/products/AssetPush/DTP_AssetPushHighRes/std.lang.all/ti/on/Gold_Seal_GSV_Installation.pdf,https://www.wolseley.co.uk/wcsstore/ExtendedSitesCatalogAssetStore/images/products/AssetPush/DTP_AssetPushHighRes/std.lang.all/ic/al/Gold_Seal_GSV_Technical.pdf,,,,,,,,,,,,,,,,,,,,,,,,,,
72,P417693,"Goldseal GSV GSV 25 gas solenoid valve 25mm 1"" 230V BSP BS EN161",Goldseal,84.28,"Ideal for gas distribution applications, this Gold Seal GSV gas solenoid valve with 1"" BSPT female connection provides isolation and emergency shut-off. Compatible with  a variety of hydrocarbon gases, including natural gas, methane and liquid petroleum gas, this valve incorporates a blue neon light, giving a visual indication that power is at the gas solenoid valve and working correctly, providing an added level of safety.","Heating/Burner Parts/Valves/Valves.csv -> Goldseal GSV GSV 25 gas solenoid valve 25mm 1"" 230V BSP BS EN161",,,https://www.wolseley.co.uk/wcsstore/ExtendedSitesCatalogAssetStore/images/products/AssetPush/wol-web-proof-medium-w/std.lang.all/76/96/NW-417692_417696_wm.jpg,https://www.wolseley.co.uk/wcsstore/ExtendedSitesCatalogAssetStore/images/products/AssetPush/DTP_AssetPushHighRes/std.lang.all/ti/on/Gold_Seal_GSV_Installation.pdf,https://www.wolseley.co.uk/wcsstore/ExtendedSitesCatalogAssetStore/images/products/AssetPush/DTP_AssetPushHighRes/std.lang.all/ic/al/Gold_Seal_GSV_Technical.pdf,,,,,,,,,,,,,,,,,,,,,,,,,,
73,P469745,"Goldseal water solenoid valve DC WRAS 32mm 1¼"" 24V",Goldseal,209.4,"WRAS approved, this high quality, normally closed Goldseal 32mm 1 1/4"" 24V DC water solenoid valve is suitable for use in hot and cold water. Made of brass, it has a servo-assisted 0.5 - 16 bar operating pressure and BSP connection.","Heating/Burner Parts/Valves/Valves.csv -> Goldseal water solenoid valve DC WRAS 32mm 1¼"" 24V",,,https://www.wolseley.co.uk/wcsstore/ExtendedSitesCatalogAssetStore/images/products/AssetPush/wol-web-proof-medium-w/std.lang.all/97/52/469735_469752_wm.jpg,,,,BSP,1¼ 32mm,N,Brass,1¼ 32mm,0.5-16 Bar,120,GSW35-24VDC,Water Solenoid Valve,N,Normally closed,Brass body,Two-way inlet and outlet ports,WRAS Approved,IP65,,,,,,,,,,
74,P305435,Siemens 2 Port Valve 2 port valve plus actuator 32mm kv12.0,Siemens,1593.31,"Designed for modulating control of high temperature hot water of steam, this Siemens two port PN16 valve with magnetic actuator has 32mm connection, positioning control, a position feedback signal, spring-return function and manual control.",Heating/Burner Parts/Valves/Valves.csv -> Siemens 2 Port Valve 2 port valve plus actuator 32mm kv12.0,,,https://www.wolseley.co.uk/wcsstore/ExtendedSitesCatalogAssetStore/images/products/AssetPush/wol-web-proof-medium-w/std.lang.all/54/36/NW-305435_305436_wm.jpg,https://www.wolseley.co.uk/wcsstore/ExtendedSitesCatalogAssetStore/images/products/AssetPush/DTP_AssetPushHighRes/std.lang.all/ti/on/Siemens_MVF461H_EU_Declaration.pdf,https://www.wolseley.co.uk/wcsstore/ExtendedSitesCatalogAssetStore/images/products/AssetPush/DTP_AssetPushHighRes/std.lang.all/la/rn/Siemens_MVF461H_Supplr_Declarn.pdf,https://www.wolseley.co.uk/wcsstore/ExtendedSitesCatalogAssetStore/images/products/AssetPush/DTP_AssetPushHighRes/std.lang.all/la/rn/Siemens_MVF461H_Envirn_Declarn.pdf,,,,,,,,,,,,,,,,,,,,,,,https://www.wolseley.co.uk/wcsstore/ExtendedSitesCatalogAssetStore/images/products/AssetPush/DTP_AssetPushHighRes/std.lang.all/ic/al/Siemens_MVF461H_Technical.pdf,https://www.wolseley.co.uk/wcsstore/ExtendedSitesCatalogAssetStore/images/products/AssetPush/DTP_AssetPushHighRes/std.lang.all/ta/ll/Siemens_MXG461B_MVF461H_Install.pdf,https://www.wolseley.co.uk/wcsstore/ExtendedSitesCatalogAssetStore/images/products/AssetPush/DTP_AssetPushHighRes/std.lang.all/ti/on/Siemens_ASE12_Installation.pdf
75,PK98333,"Sirai L182D01-3/4-230/50 solenoid valve 3/4"" 230/50",Sirai,119.97,"Made of brass with EPDM seals, this Sirai solenoid valve is a two-way normally closed (2/2 NC) pilot-operated electric valve with 3/4"" BSP connections. It is intended for use in mains/potable water under pressure and in temperature up to 140°C","Heating/Burner Parts/Valves/Valves.csv -> Sirai L182D01-3/4-230/50 solenoid valve 3/4"" 230/50",,,https://www.wolseley.co.uk/wcsstore/ExtendedSitesCatalogAssetStore/images/products/AssetPush/wol-web-proof-medium-w/std.lang.all/83/33/NW-K98333_wm.jpg,https://www.wolseley.co.uk/wcsstore/ExtendedSitesCatalogAssetStore/images/products/AssetPush/DTP_AssetPushHighRes/std.lang.all/ic/al/Sirai_L182_Solenoid_Valve_Technical.pdf,,,,,,,,,,,,,,,,,,,,,,,,,,,
76,P309351,Siemens VXG VXG41.50 41 50 50mm 3port valve kv=40.0,Siemens,358.64,"Suitable for use in both closed and open circuits, this Siemens VXG control valve with 2 3/4"" BSPP male connection is a control valve for mixing and diverting functions in heating, ventilation and air conditioning systems.",Heating/Burner Parts/Valves/Valves.csv -> Siemens VXG VXG41.50 41 50 50mm 3port valve kv=40.0,,,https://www.wolseley.co.uk/wcsstore/ExtendedSitesCatalogAssetStore/images/products/AssetPush/wol-web-proof-medium-w/std.lang.all/93/51/NW-309351_wm.jpg,https://www.wolseley.co.uk/wcsstore/ExtendedSitesCatalogAssetStore/images/products/AssetPush/DTP_AssetPushHighRes/std.lang.all/ti/on/Siemens_VXG41_VVG41_Installation.pdf,https://www.wolseley.co.uk/wcsstore/ExtendedSitesCatalogAssetStore/images/products/AssetPush/DTP_AssetPushHighRes/std.lang.all/ti/on/Siemens_VXG_VVG_VVI_VXI_Declaration.pdf,https://www.wolseley.co.uk/wcsstore/ExtendedSitesCatalogAssetStore/images/products/AssetPush/DTP_AssetPushHighRes/std.lang.all/hu/re/Siemens_VXG41_Brochure.pdf,,,,,,,,,,,,,,,,,,,,,,,,,
