,pid,Title,Brand,Price,Description,category,mfpartnumber,whatisincluded,Image,Attachment 1,Attachment 2,Attachment 3,Attachment 4,Attachment 5,Connection,Connection Size,Hazardous,Thread Standard,Material,Thread Size,Maximum Operating Temperature,Supplier Product Code,Type,WEEE Compliant,Application,Feature 1,Feature 2,Feature 3,Feature 4,Feature 5,Pack Quantity,Range,Sector,Depth (mm),Warranty
0,P171676,Saracen 2 in 1 thermostatic mixing valve 15mm,Saracen,27.25,"Providing accurate temperature control, the Saracen 2-in-1 anti-scald thermostatic mixing valve is supplied with 15mm copper x copper compression end connections.",Commercial Plumbing/Commercial Flushing Controls and Valves/Commercial Flushing Controls and Valves.csv -> Saracen 2 in 1 thermostatic mixing valve 15mm,,,https://www.wolseley.co.uk/wcsstore/ExtendedSitesCatalogAssetStore/images/products/AssetPush/wol-web-proof-medium-w/std.lang.all/16/76/NW-171676_wm.jpg,https://www.wolseley.co.uk/wcsstore/ExtendedSitesCatalogAssetStore/images/products/AssetPush/DTP_AssetPushHighRes/std.lang.all/_i/om/171676-79_Saracen_IOM.pdf,https://www.wolseley.co.uk/wcsstore/ExtendedSitesCatalogAssetStore/images/products/AssetPush/DTP_AssetPushHighRes/std.lang.all/ac/en/A4_Saracen.pdf,https://www.wolseley.co.uk/wcsstore/ExtendedSitesCatalogAssetStore/images/products/AssetPush/DTP_AssetPushHighRes/std.lang.all/ti/on/Saracen_TMV2_TMV3_Installation.pdf,https://www.wolseley.co.uk/wcsstore/ExtendedSitesCatalogAssetStore/images/products/AssetPush/DTP_AssetPushHighRes/std.lang.all/16/76/A4_Saracen_171676.pdf,https://www.wolseley.co.uk/wcsstore/ExtendedSitesCatalogAssetStore/images/products/AssetPush/DTP_AssetPushHighRes/std.lang.all/ic/al/Saracen_TMV_Technical.pdf,,,,,,,,,,,,,,,,,,,,,
1,PD00775,Siamp Optima 50 dual flush outlet valve,Siamp,27.5,"The compact, water saving Siamp Optima 50 dual flush valve is cable operated allowing actuation at distance, lateral or head-on.",Commercial Plumbing/Commercial Flushing Controls and Valves/Commercial Flushing Controls and Valves.csv -> Siamp Optima 50 dual flush outlet valve,,,https://www.wolseley.co.uk/wcsstore/ExtendedSitesCatalogAssetStore/images/products/AssetPush/wol-web-proof-medium-w/std.lang.all/07/75/NW-D00775_wm.jpg,https://www.wolseley.co.uk/wcsstore/ExtendedSitesCatalogAssetStore/images/products/AssetPush/DTP_AssetPushHighRes/std.lang.all/ic/al/Siamp_Optima_50_Technical.pdf,https://www.wolseley.co.uk/wcsstore/ExtendedSitesCatalogAssetStore/images/products/AssetPush/DTP_AssetPushHighRes/std.lang.all/20/14/Siamp_Product_Catalogue_2014.pdf,https://www.wolseley.co.uk/wcsstore/ExtendedSitesCatalogAssetStore/images/products/AssetPush/DTP_AssetPushHighRes/std.lang.all/ti/on/Siamp_Optima_50_Installation.pdf,,,,,,,,,,,,,,,,,,,,,,,
2,PB92116,Thomas Dudley Hydroflo 324298 delay bottom side inlet valve,Thomas Dudley,16.99,This Thomas Dudley Hydroflo side inlet valve with delay fill tail is suitable for low and high pressure water supplies and has been pressure tested from 0.1 - 20 bar.,Commercial Plumbing/Commercial Flushing Controls and Valves/Commercial Flushing Controls and Valves.csv -> Thomas Dudley Hydroflo 324298 delay bottom side inlet valve,,,https://www.wolseley.co.uk/wcsstore/ExtendedSitesCatalogAssetStore/images/products/AssetPush/wol-web-proof-medium-w/std.lang.all/21/16/B92116_wm.jpg,https://www.wolseley.co.uk/wcsstore/ExtendedSitesCatalogAssetStore/images/products/AssetPush/DTP_AssetPushHighRes/std.lang.all/og/ue/Thomas_Dudley_Product_Catalogue.pdf,,,,,,,,,,,,,,,,,,,,,,,,,
3,P171677,Saracen 2 in 1 thermostatic mixing valve 22mm,Saracen,37.58,"Providing accurate temperature control, the Saracen 2-in-1 anti-scald thermostatic mixing valve is supplied with 22mm copper x copper compression end connections.",Commercial Plumbing/Commercial Flushing Controls and Valves/Commercial Flushing Controls and Valves.csv -> Saracen 2 in 1 thermostatic mixing valve 22mm,,,https://www.wolseley.co.uk/wcsstore/ExtendedSitesCatalogAssetStore/images/products/AssetPush/wol-web-proof-medium-w/std.lang.all/16/77/NW-171677_wm.jpg,https://www.wolseley.co.uk/wcsstore/ExtendedSitesCatalogAssetStore/images/products/AssetPush/DTP_AssetPushHighRes/std.lang.all/da/ta/171677_Saracen_Data.pdf,https://www.wolseley.co.uk/wcsstore/ExtendedSitesCatalogAssetStore/images/products/AssetPush/DTP_AssetPushHighRes/std.lang.all/_i/om/171676-79_Saracen_IOM.pdf,https://www.wolseley.co.uk/wcsstore/ExtendedSitesCatalogAssetStore/images/products/AssetPush/DTP_AssetPushHighRes/std.lang.all/ac/en/A4_Saracen.pdf,https://www.wolseley.co.uk/wcsstore/ExtendedSitesCatalogAssetStore/images/products/AssetPush/DTP_AssetPushHighRes/std.lang.all/ti/on/Saracen_TMV2_TMV3_Installation.pdf,https://www.wolseley.co.uk/wcsstore/ExtendedSitesCatalogAssetStore/images/products/AssetPush/DTP_AssetPushHighRes/std.lang.all/ic/al/Saracen_TMV_Technical.pdf,,,,,,,,,,,,,,,,,,,,,
4,P171678,Saracen 4 in 1 thermostatic mixing valve 15mm,Saracen,50.13,"Providing accurate temperature control, the Saracen 4-in-1 anti-scald thermostatic mixing valve is supplied with an angle valve and 15mm copper x copper compression end connections.",Commercial Plumbing/Commercial Flushing Controls and Valves/Commercial Flushing Controls and Valves.csv -> Saracen 4 in 1 thermostatic mixing valve 15mm,,Thermostatic mixing valveAngle valve,https://www.wolseley.co.uk/wcsstore/ExtendedSitesCatalogAssetStore/images/products/AssetPush/wol-web-proof-medium-w/std.lang.all/16/78/NW-171678_wm.jpg,https://www.wolseley.co.uk/wcsstore/ExtendedSitesCatalogAssetStore/images/products/AssetPush/DTP_AssetPushHighRes/std.lang.all/_i/om/171676-79_Saracen_IOM.pdf,https://www.wolseley.co.uk/wcsstore/ExtendedSitesCatalogAssetStore/images/products/AssetPush/DTP_AssetPushHighRes/std.lang.all/ac/en/A4_Saracen.pdf,https://www.wolseley.co.uk/wcsstore/ExtendedSitesCatalogAssetStore/images/products/AssetPush/DTP_AssetPushHighRes/std.lang.all/ti/on/Saracen_TMV2_TMV3_Installation.pdf,https://www.wolseley.co.uk/wcsstore/ExtendedSitesCatalogAssetStore/images/products/AssetPush/DTP_AssetPushHighRes/std.lang.all/ic/al/Saracen_TMV_Technical.pdf,,,,,,,,,,,,,,,,,,,,,,
5,PB79104,Cistermiser IRC Urinal Flushing Infrared Control Valve IRC,Cistermiser,256.03,"The Cistermiser cistern-flushing urinal control valve with infrared motion sensor and solenoid valve assembly automatically manages water supply to a urinal cistern, activating the solenoid valve when motion is sensed, allowing water into the cistern. With a robust brass valve, compact body and an eco-friendly, cost saving Economy mode, this unit has front access to the battery compartment for convenient replacement and rear access to terminals.",Commercial Plumbing/Commercial Flushing Controls and Valves/Commercial Flushing Controls and Valves.csv -> Cistermiser IRC Urinal Flushing Infrared Control Valve IRC,,Control valveSolenoid valveSensor module,https://www.wolseley.co.uk/wcsstore/ExtendedSitesCatalogAssetStore/images/products/AssetPush/wol-web-proof-medium-w/std.lang.all/91/04/NW-B79104_wm.jpg,https://www.wolseley.co.uk/wcsstore/ExtendedSitesCatalogAssetStore/images/products/AssetPush/DTP_AssetPushHighRes/std.lang.all/og/ue/Cistermiser_Specification_Catalogue.pdf,https://www.wolseley.co.uk/wcsstore/ExtendedSitesCatalogAssetStore/images/products/AssetPush/DTP_AssetPushHighRes/std.lang.all/ic/al/B79104_Technical.pdf,https://www.wolseley.co.uk/wcsstore/ExtendedSitesCatalogAssetStore/images/products/AssetPush/DTP_AssetPushHighRes/std.lang.all/ti/on/Cistermiser_IRCUrinal_Installation.pdf,,,,,,,,,,,,,,,,,,,,,,,
6,PB79100,Cistermiser Hydraulic Control Valve Standard Flush Cntrl Valve,Cistermiser,141.25,"The Cistermiser hydraulic control valve is designed for use with a urinal-flushing cistern. Built with a hydraulic valve mechanism with no mains or battery power required, this standard pressure automatic urinal flush promotes hygiene and ensures constant cleanliness.",Commercial Plumbing/Commercial Flushing Controls and Valves/Commercial Flushing Controls and Valves.csv -> Cistermiser Hydraulic Control Valve Standard Flush Cntrl Valve,,,https://www.wolseley.co.uk/wcsstore/ExtendedSitesCatalogAssetStore/images/products/AssetPush/wol-web-proof-medium-w/std.lang.all/91/01/NW-B79100_B79101_wm.jpg,https://www.wolseley.co.uk/wcsstore/ExtendedSitesCatalogAssetStore/images/products/AssetPush/DTP_AssetPushHighRes/std.lang.all/te/ch/Cistermiser_Hydraulic_Valve_Tech.pdf,https://www.wolseley.co.uk/wcsstore/ExtendedSitesCatalogAssetStore/images/products/AssetPush/DTP_AssetPushHighRes/std.lang.all/og/ue/Cistermiser_Specification_Catalogue.pdf,https://www.wolseley.co.uk/wcsstore/ExtendedSitesCatalogAssetStore/images/products/AssetPush/DTP_AssetPushHighRes/std.lang.all/ta/ll/Cistermiser_Hydraulic_Valve_Install.pdf,https://www.wolseley.co.uk/wcsstore/ExtendedSitesCatalogAssetStore/images/products/AssetPush/DTP_AssetPushHighRes/std.lang.all/ta/ll/Cistermiser_Hydra_Valve_HSLP_Install.pdf,,,,,,,,,,,,,,,,,,,,,,
7,P310912,Honeywell Home TM200VP hw home tm200vp 3/4e 15mm therm-mix valv,Honeywell Home,116.28,"Helping to make showering safer for everyone, this thermostatic mixing valve with scald protection is made of brass and offers 15mm connections and NBR seals. Used for localised control adjacent to point of use outlets, this valve automatically cuts off the hot water inlet should the incoming cold supply fail, providing the hot water inlet temperature is at least 10K higher than that of the mixed water setting.",Commercial Plumbing/Commercial Flushing Controls and Valves/Commercial Flushing Controls and Valves.csv -> Honeywell Home TM200VP hw home tm200vp 3/4e 15mm therm-mix valv,,,https://www.wolseley.co.uk/wcsstore/ExtendedSitesCatalogAssetStore/images/products/AssetPush/wol-web-proof-medium-w/std.lang.all/09/13/NW-310912_310913_wm.jpg,https://www.wolseley.co.uk/wcsstore/ExtendedSitesCatalogAssetStore/images/products/AssetPush/DTP_AssetPushHighRes/std.lang.all/ic/al/Honeywell_Resideo_TM200VP_Technical.pdf,,,,,,,,,,,,,,,,,,,,,,,,,
8,PB79122,Cistermiser replacement solenoid valve kit for IRC cistern valve,Cistermiser,121.83,A Cistermiser replacement solenoid valve kit for infrared urinal flush control valves.,Commercial Plumbing/Commercial Flushing Controls and Valves/Commercial Flushing Controls and Valves.csv -> Cistermiser replacement solenoid valve kit for IRC cistern valve,,Solenoid Valve,https://www.wolseley.co.uk/wcsstore/ExtendedSitesCatalogAssetStore/images/products/AssetPush/wol-web-proof-medium-w/std.lang.all/91/22/NW-B79122_wm.jpg,https://www.wolseley.co.uk/wcsstore/ExtendedSitesCatalogAssetStore/images/products/AssetPush/DTP_AssetPushHighRes/std.lang.all/og/ue/Cistermiser_Specification_Catalogue.pdf,,,,,,,,,,,,,,,,,,,,,,,,,
9,P870119,Reliance Valves Easifit union 4 in 1 TMV 22mm,Reliance Valves,113.12,A Radiance Valves Easifit 4-in-1 22mm TMV union.,Commercial Plumbing/Commercial Flushing Controls and Valves/Commercial Flushing Controls and Valves.csv -> Reliance Valves Easifit union 4 in 1 TMV 22mm,,Thermostatic mixing valve;Isolating valve;Check valve;Strainers;Test port,https://www.wolseley.co.uk/wcsstore/ExtendedSitesCatalogAssetStore/images/products/AssetPush/wol-web-proof-medium-w/std.lang.all/01/19/NW-870118_870119_wm.jpg,https://www.wolseley.co.uk/wcsstore/ExtendedSitesCatalogAssetStore/images/products/AssetPush/DTP_AssetPushHighRes/std.lang.all/ic/al/RWC_Easifit_TMV_Technical.pdf,,,,,,,,,,,,,,,,,,,,,,,,,
10,PD61046,"Rada thermostatic mixer valve 1/2""",Rada,283.79,"Approved for use in healthcare facilities, this Rada 215-T3 DK 1/2"" thermostatic mixing valve with Radatherm cartridge is safe, controllable and suitable for under-basin mounting.","Commercial Plumbing/Commercial Flushing Controls and Valves/Commercial Flushing Controls and Valves.csv -> Rada thermostatic mixer valve 1/2""",,,https://www.wolseley.co.uk/wcsstore/ExtendedSitesCatalogAssetStore/images/products/AssetPush/wol-web-proof-medium-w/std.lang.all/10/46/NW-D61046_wm.jpg,https://www.wolseley.co.uk/wcsstore/ExtendedSitesCatalogAssetStore/images/products/AssetPush/DTP_AssetPushHighRes/std.lang.all/io/ns/Rada_215_T3_DK_Dimensions.pdf,https://www.wolseley.co.uk/wcsstore/ExtendedSitesCatalogAssetStore/images/products/AssetPush/DTP_AssetPushHighRes/std.lang.all/ti/on/Rada_215_222_Series_Installation.pdf,https://www.wolseley.co.uk/wcsstore/ExtendedSitesCatalogAssetStore/images/products/AssetPush/DTP_AssetPushHighRes/std.lang.all/ti/cs/Rada_215_T3_DK_V2_App_Schematics.pdf,https://www.wolseley.co.uk/wcsstore/ExtendedSitesCatalogAssetStore/images/products/AssetPush/DTP_AssetPushHighRes/std.lang.all/hu/re/Rada_ProductRange_Brochure.pdf,https://www.wolseley.co.uk/wcsstore/ExtendedSitesCatalogAssetStore/images/products/AssetPush/DTP_AssetPushHighRes/std.lang.all/ic/al/Rada_215_T3_DK_Technical.pdf,,,,,,,,,,,,,,,,,,,,,
11,P870117,Reliance Valves Easifit union 2 in 1 TMV 22mm,Reliance Valves,87.26,A Radiance Valves Easifit 2-in-1 22mm TMV union.,Commercial Plumbing/Commercial Flushing Controls and Valves/Commercial Flushing Controls and Valves.csv -> Reliance Valves Easifit union 2 in 1 TMV 22mm,,,https://www.wolseley.co.uk/wcsstore/ExtendedSitesCatalogAssetStore/images/products/AssetPush/wol-web-proof-medium-w/std.lang.all/01/17/NW-870116_870117_wm.jpg,https://www.wolseley.co.uk/wcsstore/ExtendedSitesCatalogAssetStore/images/products/AssetPush/DTP_AssetPushHighRes/std.lang.all/ic/al/RWC_Easifit_TMV_Technical.pdf,,,,,,,,,,,,,,,,,,,,,,,,,
12,PD61281,Bristan Sirrus mixing valve 22mm Chrome,Bristan,686.25,"A Bristan 22mm thermostatic TMV3 group blending valve with integral isolation valves, ideal for group applications at pressures down to 0.1 bar.",Commercial Plumbing/Commercial Flushing Controls and Valves/Commercial Flushing Controls and Valves.csv -> Bristan Sirrus mixing valve 22mm Chrome,,Mixing valve,https://www.wolseley.co.uk/wcsstore/ExtendedSitesCatalogAssetStore/images/products/AssetPush/wol-web-proof-medium-w/std.lang.all/12/81/NW-D61281_wm.jpg,https://www.wolseley.co.uk/wcsstore/ExtendedSitesCatalogAssetStore/images/products/AssetPush/DTP_AssetPushHighRes/std.lang.all/wi/ng/Bristan_TS4753ECP_Drawing.pdf,https://www.wolseley.co.uk/wcsstore/ExtendedSitesCatalogAssetStore/images/products/AssetPush/DTP_AssetPushHighRes/std.lang.all/ti/on/Bristan_TS4753ECP_Instruction.pdf,https://www.wolseley.co.uk/wcsstore/ExtendedSitesCatalogAssetStore/images/products/AssetPush/DTP_AssetPushHighRes/std.lang.all/ic/al/Bristan_TS4753ECP_Technical.pdf,,,,,,,,,,,,,,,,,,,,,,,
13,P870116,Reliance Valves Easifit union 2 in 1 TMV 15mm,Reliance Valves,73.35,A Radiance Valves Easifit 2-in-1 15mm TMV union.,Commercial Plumbing/Commercial Flushing Controls and Valves/Commercial Flushing Controls and Valves.csv -> Reliance Valves Easifit union 2 in 1 TMV 15mm,,,https://www.wolseley.co.uk/wcsstore/ExtendedSitesCatalogAssetStore/images/products/AssetPush/wol-web-proof-medium-w/std.lang.all/01/17/NW-870116_870117_wm.jpg,https://www.wolseley.co.uk/wcsstore/ExtendedSitesCatalogAssetStore/images/products/AssetPush/DTP_AssetPushHighRes/std.lang.all/ic/al/RWC_Easifit_TMV_Technical.pdf,,,,,,,,,,,,,,,,,,,,,,,,,
14,P171618,Reliance Valves Heatguard Dual 2 in 1 dual thermostatic mixing valve 15mm,Reliance Valves,98.7,"Made of nickel-plated DZR brass and with viton seals, this RWC Heatguard Dual 2-in-1 thermostatic mixing valve can supply 37LPM at 2.5 bar pressure loss. With a tamperproof cap that can act as a temperature adjustment tool, this three-port TMV has scale-resistant internal components and 15mm compression water inlets with flat faced union connections to comply with building regulations and D08.",Commercial Plumbing/Commercial Flushing Controls and Valves/Commercial Flushing Controls and Valves.csv -> Reliance Valves Heatguard Dual 2 in 1 dual thermostatic mixing valve 15mm,,,https://www.wolseley.co.uk/wcsstore/ExtendedSitesCatalogAssetStore/images/products/AssetPush/wol-web-proof-medium-w/std.lang.all/16/19/NW-171618_171619_wm.jpg,https://www.wolseley.co.uk/wcsstore/ExtendedSitesCatalogAssetStore/images/products/AssetPush/DTP_AssetPushHighRes/std.lang.all/20/16/RWC_Heatguard_Dual_TMV_Tech_2016.pdf,https://www.wolseley.co.uk/wcsstore/ExtendedSitesCatalogAssetStore/images/products/AssetPush/DTP_AssetPushHighRes/std.lang.all/ic/al/RWC_Heatguard_Dual_TMV_Technical.pdf,https://www.wolseley.co.uk/wcsstore/ExtendedSitesCatalogAssetStore/images/products/AssetPush/DTP_AssetPushHighRes/std.lang.all/hu/re/RWC_HeatGuardTMV_Brochure.pdf,https://www.wolseley.co.uk/wcsstore/ExtendedSitesCatalogAssetStore/images/products/AssetPush/DTP_AssetPushHighRes/std.lang.all/st/al/RWC_Heatguard_Dual_TMV_TMV2_3_Instal.pdf,,,,,,,,,,,,,,,,,,,,,,
15,P411094,DVS 6v 6w dc asco valve latching 12.7mm,DVS,68.12,"Designed with a robust brass body, this DVS 6V DC latching valve has a NBR seal and 12.7mm orifice with compression fittings for 15mm pipe.",Commercial Plumbing/Commercial Flushing Controls and Valves/Commercial Flushing Controls and Valves.csv -> DVS 6v 6w dc asco valve latching 12.7mm,,,https://www.wolseley.co.uk/wcsstore/ExtendedSitesCatalogAssetStore/images/products/AssetPush/wol-web-proof-medium-w/std.lang.all/10/94/NW-411094_wm.jpg,https://www.wolseley.co.uk/wcsstore/ExtendedSitesCatalogAssetStore/images/products/AssetPush/DTP_AssetPushHighRes/std.lang.all/rc/ts/DVS_127mm_Valve_Cleaning_Instrcts.pdf,,,,,,,,,,,,,,,,,,,,,,,,,
16,P171623,Reliance Valves Ausimix Compact 4 in 1 thrmostatic mixing valve 15mm,Reliance Valves,117.8,"Offering versatile protection from the dangers of scalding, RWC Ausimix Compact 4-in-1 thermostatic mixing valve is made of DZR brass with a nickel-plated finish. This three-port valve offers viton seals, red/blue levers and 15mm flat face union connections. Telescopic connectors and SharkBite push-fit connections are also available.",Commercial Plumbing/Commercial Flushing Controls and Valves/Commercial Flushing Controls and Valves.csv -> Reliance Valves Ausimix Compact 4 in 1 thrmostatic mixing valve 15mm,,,https://www.wolseley.co.uk/wcsstore/ExtendedSitesCatalogAssetStore/images/products/AssetPush/wol-web-proof-medium-w/std.lang.all/16/24/NW-171623_171624_wm.jpg,https://www.wolseley.co.uk/wcsstore/ExtendedSitesCatalogAssetStore/images/products/AssetPush/DTP_AssetPushHighRes/std.lang.all/ic/al/RWC_Ausimix_Compact_TMV_Technical.pdf,https://www.wolseley.co.uk/wcsstore/ExtendedSitesCatalogAssetStore/images/products/AssetPush/DTP_AssetPushHighRes/std.lang.all/te/ch/RWC_Ausimix_Compact_4in1_TMV_Tech.pdf,https://www.wolseley.co.uk/wcsstore/ExtendedSitesCatalogAssetStore/images/products/AssetPush/DTP_AssetPushHighRes/std.lang.all/ti/on/RWC_Ausimix_TMV2_3_Installation.pdf,,,,,,,,,,,,,,,,,,,,,,,
17,P419891,Altecnic flush and fill valve 28mm,Altecnic,150.0,"Suitable for domestic or small commercial heating systems, the Altecnic 28mm flush and fill valve combines two ball-type isolating valves and a single T-port diverting ball valve. This provides ease of filling and flushing with chemical cleaners or water treatment solutions.",Commercial Plumbing/Commercial Flushing Controls and Valves/Commercial Flushing Controls and Valves.csv -> Altecnic flush and fill valve 28mm,,,https://www.wolseley.co.uk/wcsstore/ExtendedSitesCatalogAssetStore/images/products/AssetPush/wol-web-proof-medium-w/std.lang.all/98/91/419891_wm.jpg,,,,,,Compression,28 mm,N,Compression,Brass,28mm,85,124-1502,Fill & Flush Valve,N,Used to fill and flush the system with cleaning chemicals or water treatment,For use with cleaning chemicals or water treatment,For maximum temperatures of 85째C,Works to minimum temperature of 2째C,Suitable for maximum pressure of 10 bar,Compression ends comply with BS EN 1252-2 for use with R250 (half hard) copper tube,,,,,
18,P870118,Reliance Valves Easifit union 4 in 1 TMV 15mm,Reliance Valves,99.25,A Radiance Valves Easifit 4-in-1 15mm TMV union.,Commercial Plumbing/Commercial Flushing Controls and Valves/Commercial Flushing Controls and Valves.csv -> Reliance Valves Easifit union 4 in 1 TMV 15mm,,,https://www.wolseley.co.uk/wcsstore/ExtendedSitesCatalogAssetStore/images/products/AssetPush/wol-web-proof-medium-w/std.lang.all/01/19/NW-870118_870119_wm.jpg,https://www.wolseley.co.uk/wcsstore/ExtendedSitesCatalogAssetStore/images/products/AssetPush/DTP_AssetPushHighRes/std.lang.all/ic/al/RWC_Easifit_TMV_Technical.pdf,,,,,,,,,,,,,,,,,,,,,,,,,
19,PD63655,Intatec Intamix thermostatic mixing valve 15mm,Intatec,43.15,"Delivering safe, blended hot water to outlets including taps, showers and bidets, this Intatec Intamix thermostatic mixing valve is suitable for single outlet use. Suitable for use in schools, healthcare settings and leisure centres, this three-port valve is made of robust brass and has 15mm connections.",Commercial Plumbing/Commercial Flushing Controls and Valves/Commercial Flushing Controls and Valves.csv -> Intatec Intamix thermostatic mixing valve 15mm,,Thermostatic mixing valveIntegral check valvesStrainersIsolation ball valvesTest ports,https://www.wolseley.co.uk/wcsstore/ExtendedSitesCatalogAssetStore/images/products/AssetPush/wol-web-proof-medium-w/std.lang.all/36/55/NW-D63655_wm.jpg,https://www.wolseley.co.uk/wcsstore/ExtendedSitesCatalogAssetStore/images/products/AssetPush/DTP_AssetPushHighRes/std.lang.all/he/et/D63655_Spares_Sheet.pdf,https://www.wolseley.co.uk/wcsstore/ExtendedSitesCatalogAssetStore/images/products/AssetPush/DTP_AssetPushHighRes/std.lang.all/ic/al/Intatec_Intamix_Technical.pdf,https://www.wolseley.co.uk/wcsstore/ExtendedSitesCatalogAssetStore/images/products/AssetPush/DTP_AssetPushHighRes/std.lang.all/ti/on/Intatec_Intamix_Installation.pdf,,,,,,,,,,,,,,,,,,,,,,,
20,PD06420,Saracen WhiffAway Waterless Urinals waterless valves (Pack of 10),Saracen,120.75,Saracen Waterless Urinal Replacement Valves (x10 valves).  Blister pack of 10 x Replacement Valves/Hygiene Seals.  Helpline provided for technical support,Commercial Plumbing/Commercial Flushing Controls and Valves/Commercial Flushing Controls and Valves.csv -> Saracen WhiffAway Waterless Urinals waterless valves (Pack of 10),,,https://www.wolseley.co.uk/wcsstore/ExtendedSitesCatalogAssetStore/images/products/AssetPush/wol-web-proof-medium-w/std.lang.all/64/20/NW-D06420_wm.jpg,,,,,,,,N,,,,,WHIF-NRV-40MM,Waterless Valve,N,,Made from plastic,Suitable for Saracen waterless urinal system,,,,pack of 10,WhiffAway Waterless Urinals,"Office/Retail/Washrooms,Education,Healthcare,Hotels/Leisure,Sport/Fitness",30,
21,P171679,Saracen 4 in 1 thermostatic mixing valve UA 22mm,Saracen,64.06,"Providing accurate temperature control, the Saracen 4-in-1 anti-scald thermostatic mixing valve is supplied with an angle valve and 22mm copper x copper compression end connections.",Commercial Plumbing/Commercial Flushing Controls and Valves/Commercial Flushing Controls and Valves.csv -> Saracen 4 in 1 thermostatic mixing valve UA 22mm,,Thermostatic mixing valveAngle valve,https://www.wolseley.co.uk/wcsstore/ExtendedSitesCatalogAssetStore/images/products/AssetPush/wol-web-proof-medium-w/std.lang.all/16/79/NW-171679_wm.jpg,https://www.wolseley.co.uk/wcsstore/ExtendedSitesCatalogAssetStore/images/products/AssetPush/DTP_AssetPushHighRes/std.lang.all/_i/om/171676-79_Saracen_IOM.pdf,https://www.wolseley.co.uk/wcsstore/ExtendedSitesCatalogAssetStore/images/products/AssetPush/DTP_AssetPushHighRes/std.lang.all/ac/en/A4_Saracen.pdf,https://www.wolseley.co.uk/wcsstore/ExtendedSitesCatalogAssetStore/images/products/AssetPush/DTP_AssetPushHighRes/std.lang.all/ti/on/Saracen_TMV2_TMV3_Installation.pdf,https://www.wolseley.co.uk/wcsstore/ExtendedSitesCatalogAssetStore/images/products/AssetPush/DTP_AssetPushHighRes/std.lang.all/ic/al/Saracen_TMV_Technical.pdf,,,,,,,,,,,,,,,,,,,,,,
22,PC16432,Delabie Tempostop basin/urinal cartridge 15sec,Delabie,40.35,This Douglas Delabie 15 second basin/urinal cartridge is suitable for Tempostop urinals or basins.,Commercial Plumbing/Commercial Flushing Controls and Valves/Commercial Flushing Controls and Valves.csv -> Delabie Tempostop basin/urinal cartridge 15sec,,,https://www.wolseley.co.uk/wcsstore/ExtendedSitesCatalogAssetStore/images/products/AssetPush/wol-web-proof-medium-w/std.lang.all/64/32/C16432_wm.jpg,,,,,,,,N,,,,,743010,Cartridge for Tempostop Basin/Urinal,N,,15 second operation,For use with Tempost basin or urinal products,,,,,Tempostop,Sport/Fitness;Education,35,30-year warranty
23,PB97946,Twyford Concealed Cisterns concealed cistern single flush lever side supply internal overflow 4ltr,Twyford,78.66,This Twyford 4L concealed cistern with single flush and delayed action inlet valve is suitable for front or back wall fixing.,Commercial Plumbing/Commercial Flushing Controls and Valves/Commercial Flushing Controls and Valves.csv -> Twyford Concealed Cisterns concealed cistern single flush lever side supply internal overflow 4ltr,,,https://www.wolseley.co.uk/wcsstore/ExtendedSitesCatalogAssetStore/images/products/AssetPush/wol-web-proof-medium-w/std.lang.all/79/46/NW-B97946_wm.jpg,https://www.wolseley.co.uk/wcsstore/ExtendedSitesCatalogAssetStore/images/products/AssetPush/DTP_AssetPushHighRes/std.lang.all/rw/ng/Twyford_ConcealedCisternsLever_Drwng.pdf,https://www.wolseley.co.uk/wcsstore/ExtendedSitesCatalogAssetStore/images/products/AssetPush/DTP_AssetPushHighRes/std.lang.all/te/ch/Twyford_Concealed_CisternsLever_Tech.pdf,https://www.wolseley.co.uk/wcsstore/ExtendedSitesCatalogAssetStore/images/products/AssetPush/DTP_AssetPushHighRes/std.lang.all/ta/ll/Twyford_CX9540XX_CX9564XX_Install.pdf,https://www.wolseley.co.uk/wcsstore/ExtendedSitesCatalogAssetStore/images/products/AssetPush/DTP_AssetPushHighRes/std.lang.all/hu/re/Twyford_ConcledCisternMatrixBrochure.pdf,,,,,,,,,,,,,,,,,,,,,,
24,PJ10190,Armitage Shanks Septa Pro mechanical metal dual flushplate,Armitage Shanks,123.27,"Suitable for commercial bathrooms, the vandal-resistant Armitage Shanks Septa Pro mechanical dual flush plate is compatible with Prosys in-wall WC frames and concealed cisterns.",Commercial Plumbing/Commercial Flushing Controls and Valves/Commercial Flushing Controls and Valves.csv -> Armitage Shanks Septa Pro mechanical metal dual flushplate,,,https://www.wolseley.co.uk/wcsstore/ExtendedSitesCatalogAssetStore/images/products/AssetPush/wol-web-proof-medium-w/std.lang.all/01/90/J10190_wm.jpg,,,,,,,,N,,,,,S0858AA,Mechanical flushplate,N,,Mechanical actuation,Dual flush,Vandal resistant,,,,Septa Pro,,17,
25,PB98494,ELECTROFLO NO TOUCH FLUSH ACTIV WAVE S2,Thomas Dudley,402.31,"Suitable for installation up to 750mm from a cistern, this Thomas Dudley Wave S2 touch-free dual flush plate is suitable for use in built-in bathroom furniture, tiles, partitioning and walls. Compatible with Vantage, Miniflow and Pushflo cisterns, the Wave S2 offers smooth pneumatic operation and has a chrome-plated finish.",Commercial Plumbing/Commercial Flushing Controls and Valves/Commercial Flushing Controls and Valves.csv -> ELECTROFLO NO TOUCH FLUSH ACTIV WAVE S2,,,https://www.wolseley.co.uk/wcsstore/ExtendedSitesCatalogAssetStore/images/products/AssetPush/wol-web-proof-medium-w/std.lang.all/84/94/NW-B98494_wm.jpg,https://www.wolseley.co.uk/wcsstore/ExtendedSitesCatalogAssetStore/images/products/AssetPush/DTP_AssetPushHighRes/std.lang.all/og/ue/Thomas_Dudley_Product_Catalogue.pdf,,,,,,,,,,,,,,,,,,,,,,,,,
26,P171615,Reliance Valves Heatguard Dual 4 in 1 dual thermostatic mixing valve 15mm,Reliance Valves,153.32,"Made of nickel-plated DZR brass and with viton seals, this RWC Heatguard Dual 4-in-1 thermostatic mixing valve can supply 37LPM at 2.5 bar pressure loss. With a tamperproof cap that can act as a temperature adjustment tool, this three-port TMV has scale-resistant internal components and 15mm compression water inlets with flat faced union connections to comply with building regulations and D08.",Commercial Plumbing/Commercial Flushing Controls and Valves/Commercial Flushing Controls and Valves.csv -> Reliance Valves Heatguard Dual 4 in 1 dual thermostatic mixing valve 15mm,,,https://www.wolseley.co.uk/wcsstore/ExtendedSitesCatalogAssetStore/images/products/AssetPush/wol-web-proof-medium-w/std.lang.all/16/17/NW-171615_171617_wm.jpg,https://www.wolseley.co.uk/wcsstore/ExtendedSitesCatalogAssetStore/images/products/AssetPush/DTP_AssetPushHighRes/std.lang.all/20/16/RWC_Heatguard_Dual_TMV_Tech_2016.pdf,https://www.wolseley.co.uk/wcsstore/ExtendedSitesCatalogAssetStore/images/products/AssetPush/DTP_AssetPushHighRes/std.lang.all/ic/al/RWC_Heatguard_Dual_TMV_Technical.pdf,https://www.wolseley.co.uk/wcsstore/ExtendedSitesCatalogAssetStore/images/products/AssetPush/DTP_AssetPushHighRes/std.lang.all/hu/re/RWC_HeatGuardTMV_Brochure.pdf,https://www.wolseley.co.uk/wcsstore/ExtendedSitesCatalogAssetStore/images/products/AssetPush/DTP_AssetPushHighRes/std.lang.all/st/al/RWC_Heatguard_Dual_TMV_TMV2_3_Instal.pdf,,,,,,,,,,,,,,,,,,,,,,
27,P171621,Reliance Valves Ausimix Compact 2 in 1 thrmostatic mixing valve 15mm,Reliance Valves,87.07,"Offering versatile protection from the dangers of scalding, RWC Ausimix Compact 2-in-1 thermostatic mixing valve is made of DZR brass with a nickel-plated finish. This three-port valve offers viton seals and 15mm flat face union connections. Telescopic connectors and SharkBite push-fit connections are also available.",Commercial Plumbing/Commercial Flushing Controls and Valves/Commercial Flushing Controls and Valves.csv -> Reliance Valves Ausimix Compact 2 in 1 thrmostatic mixing valve 15mm,,,https://www.wolseley.co.uk/wcsstore/ExtendedSitesCatalogAssetStore/images/products/AssetPush/wol-web-proof-medium-w/std.lang.all/16/22/NW-171621_171622_wm.jpg,https://www.wolseley.co.uk/wcsstore/ExtendedSitesCatalogAssetStore/images/products/AssetPush/DTP_AssetPushHighRes/std.lang.all/ic/al/RWC_Ausimix_Compact_TMV_Technical.pdf,https://www.wolseley.co.uk/wcsstore/ExtendedSitesCatalogAssetStore/images/products/AssetPush/DTP_AssetPushHighRes/std.lang.all/ti/on/RWC_Ausimix_TMV2_3_Installation.pdf,,,,,,,,,,,,,,,,,,,,,,,,
28,P171624,Reliance Valves Ausimix Compact 4 in 1 thrmostatic mixing valve 22mm,Reliance Valves,134.31,"Offering versatile protection from the dangers of scalding, RWC Ausimix Compact 4-in-1 thermostatic mixing valve is made of DZR brass with a nickel-plated finish. This three-port valve offers viton seals, red/blue levers and 22mm flat face union connections. Telescopic connectors and SharkBite push-fit connections are also available.",Commercial Plumbing/Commercial Flushing Controls and Valves/Commercial Flushing Controls and Valves.csv -> Reliance Valves Ausimix Compact 4 in 1 thrmostatic mixing valve 22mm,,,https://www.wolseley.co.uk/wcsstore/ExtendedSitesCatalogAssetStore/images/products/AssetPush/wol-web-proof-medium-w/std.lang.all/16/24/NW-171623_171624_wm.jpg,https://www.wolseley.co.uk/wcsstore/ExtendedSitesCatalogAssetStore/images/products/AssetPush/DTP_AssetPushHighRes/std.lang.all/te/ch/RWC_Ausimix_Compact_4in1_TMV_Tech.pdf,https://www.wolseley.co.uk/wcsstore/ExtendedSitesCatalogAssetStore/images/products/AssetPush/DTP_AssetPushHighRes/std.lang.all/ic/al/RWC_Ausimix_Compact_TMV_Technical.pdf,https://www.wolseley.co.uk/wcsstore/ExtendedSitesCatalogAssetStore/images/products/AssetPush/DTP_AssetPushHighRes/std.lang.all/ti/on/RWC_Ausimix_TMV2_3_Installation.pdf,,,,,,,,,,,,,,,,,,,,,,,
29,PD62693,Bristan Sirrus Mini T Thermostatic Mixing Valve 15mm,Bristan,63.75,"Helping to make water outlets safer, this Bristan Sirrus thermostatic mixing valve is made of brass with 15mm connections. This three-port blending valve is supplied with serviceable filters.",Commercial Plumbing/Commercial Flushing Controls and Valves/Commercial Flushing Controls and Valves.csv -> Bristan Sirrus Mini T Thermostatic Mixing Valve 15mm,,Thermostatic mixing valve;Check valve;Filters,https://www.wolseley.co.uk/wcsstore/ExtendedSitesCatalogAssetStore/images/products/AssetPush/wol-web-proof-medium-w/std.lang.all/26/93/NW-D62693_wm.jpg,https://www.wolseley.co.uk/wcsstore/ExtendedSitesCatalogAssetStore/images/products/AssetPush/DTP_AssetPushHighRes/std.lang.all/ti/on/Bristan_TMV_MT503_Installation.pdf,https://www.wolseley.co.uk/wcsstore/ExtendedSitesCatalogAssetStore/images/products/AssetPush/DTP_AssetPushHighRes/std.lang.all/ic/al/D62693_Technical.pdf,https://www.wolseley.co.uk/wcsstore/ExtendedSitesCatalogAssetStore/images/products/AssetPush/DTP_AssetPushHighRes/std.lang.all/wi/ng/D62693_Drawing.pdf,,,,,,,,,,,,,,,,,,,,,,,
30,PB98512,Thomas Dudley Kinetic infrared urinal flush control box and solenoid valve,Thomas Dudley,259.16,This Thomas Dudley Kinetic infrared urinal flush control offers 12 hour hygiene and 24 hour economy flush modes.,Commercial Plumbing/Commercial Flushing Controls and Valves/Commercial Flushing Controls and Valves.csv -> Thomas Dudley Kinetic infrared urinal flush control box and solenoid valve,,Infrared tamper proof control box;1m lead with plug;Solenoid valve;Adaptor fittings;Flush mounting kit,https://www.wolseley.co.uk/wcsstore/ExtendedSitesCatalogAssetStore/images/products/AssetPush/wol-web-proof-medium-w/std.lang.all/85/12/NW-B98512_wm.jpg,https://www.wolseley.co.uk/wcsstore/ExtendedSitesCatalogAssetStore/images/products/AssetPush/DTP_AssetPushHighRes/std.lang.all/ic/al/TD_Kinetic_Flush_Control_Technical.pdf,https://www.wolseley.co.uk/wcsstore/ExtendedSitesCatalogAssetStore/images/products/AssetPush/DTP_AssetPushHighRes/std.lang.all/tr/ol/Dudley_Kinetic_Urinal_Control.pdf,https://www.wolseley.co.uk/wcsstore/ExtendedSitesCatalogAssetStore/images/products/AssetPush/DTP_AssetPushHighRes/std.lang.all/2-/23/TD_Products-Parts_Catalogue_2022-23.pdf,https://www.wolseley.co.uk/wcsstore/ExtendedSitesCatalogAssetStore/images/products/AssetPush/DTP_AssetPushHighRes/std.lang.all/ti/on/TD_Kinetic_FlushControl_Installation.pdf,https://www.wolseley.co.uk/wcsstore/ExtendedSitesCatalogAssetStore/images/products/AssetPush/DTP_AssetPushHighRes/std.lang.all/_n/ew/Dudley_Kinetic_Urinal_Control_New.pdf,,,,,,,,,,,,,,,,,,,,,
31,P419890,Altecnic flush and fill valve 22mm,Altecnic,71.74,"Suitable for domestic or small commercial heating systems, the Altecnic 22mm flush and fill valve combines two ball-type isolating valves and a single T-port diverting ball valve. This provides ease of filling and flushing with chemical cleaners or water treatment solutions.",Commercial Plumbing/Commercial Flushing Controls and Valves/Commercial Flushing Controls and Valves.csv -> Altecnic flush and fill valve 22mm,,,https://www.wolseley.co.uk/wcsstore/ExtendedSitesCatalogAssetStore/images/products/AssetPush/wol-web-proof-medium-w/std.lang.all/98/90/419890_wm.jpg,,,,,,Compression,22 mm,N,Compression,Brass,22 mm,85,124-1501,Fill & Flush Valve,N,Used to fill and flush the system with cleaning chemicals or water treatment,For use with cleaning chemicals or water treatment,For maximum temperatures of 85째C,Works to minimum temperature of 2째C,Suitable for maximum pressure of 10 bar,Compression ends comply with BS EN 1252-2 for use with R250 (half hard) copper tube,,,,,
32,PD61368,Bristan Sirrus mixing valve 15mm Chrome,Bristan,438.01,"Suitable for single point or group applications, this Bristan Sirrus 15mm mixing valve is finished in classic chrome. It offers thermostatic operation for safe shut-off should either the hot or cold water supply to an outlet fail.",Commercial Plumbing/Commercial Flushing Controls and Valves/Commercial Flushing Controls and Valves.csv -> Bristan Sirrus mixing valve 15mm Chrome,,Thermostatic mixing valve;Check valve;Filters,https://www.wolseley.co.uk/wcsstore/ExtendedSitesCatalogAssetStore/images/products/AssetPush/wol-web-proof-medium-w/std.lang.all/13/68/NW-D61368_wm.jpg,https://www.wolseley.co.uk/wcsstore/ExtendedSitesCatalogAssetStore/images/products/AssetPush/DTP_AssetPushHighRes/std.lang.all/ti/on/Bristan_TMV3_Installation.pdf,https://www.wolseley.co.uk/wcsstore/ExtendedSitesCatalogAssetStore/images/products/AssetPush/DTP_AssetPushHighRes/std.lang.all/wi/ng/D61368_Drawing.pdf,https://www.wolseley.co.uk/wcsstore/ExtendedSitesCatalogAssetStore/images/products/AssetPush/DTP_AssetPushHighRes/std.lang.all/ic/al/D61368_Technical.pdf,,,,,,,,,,,,,,,,,,,,,,,
33,PG73877,F1102 IR URINAL FLUSH BATTERY POWERED,Franke,259.36,"This battery-operated Franke Sissons infra-red urinal flush controller limits water waste to significantly reduce costs and maintain hygiene in a public bathroom. Easy and fast to install, with inbuilt vandal-resistance and durable long life construction, this smart automatic control system automatically detects when urinals have been used, flushing automatically for hands-off hygiene. During long periods of inactivity, for example over weekends and during holidays, the urinal is flushed at least once every 12 or 24 hours as selected by the user.",Commercial Plumbing/Commercial Flushing Controls and Valves/Commercial Flushing Controls and Valves.csv -> F1102 IR URINAL FLUSH BATTERY POWERED,,,https://www.wolseley.co.uk/wcsstore/ExtendedSitesCatalogAssetStore/images/products/AssetPush/wol-web-proof-medium-w/std.lang.all/38/77/NW-G73877_wm.jpg,https://www.wolseley.co.uk/wcsstore/ExtendedSitesCatalogAssetStore/images/products/AssetPush/DTP_AssetPushHighRes/std.lang.all/hu/re/Franke_WS_Stadia_Brochure.pdf,https://www.wolseley.co.uk/wcsstore/ExtendedSitesCatalogAssetStore/images/products/AssetPush/DTP_AssetPushHighRes/std.lang.all/hu/re/Franke_WS_Transport_Brochure.pdf,https://www.wolseley.co.uk/wcsstore/ExtendedSitesCatalogAssetStore/images/products/AssetPush/DTP_AssetPushHighRes/std.lang.all/ic/al/G73877_Technical.pdf,https://www.wolseley.co.uk/wcsstore/ExtendedSitesCatalogAssetStore/images/products/AssetPush/DTP_AssetPushHighRes/std.lang.all/ui/de/Franke_FF11xx_Installation_Guide.pdf,,,,,,,,,,,,,,,,,,,,,,
34,PC85164,Pegler VSH Tectite TX402 TMV3/2 mixing valve 15mm,Pegler,112.01,"This Pegler Yorkshire Tectite TX402 thermostatic mixing valve is suitable for use in a wide range of settings, from health and social care to domestic and commercial. Made of brass, this three-port valve offers 15mm push-fit connections.",Commercial Plumbing/Commercial Flushing Controls and Valves/Commercial Flushing Controls and Valves.csv -> Pegler VSH Tectite TX402 TMV3/2 mixing valve 15mm,,,https://www.wolseley.co.uk/wcsstore/ExtendedSitesCatalogAssetStore/images/products/AssetPush/wol-web-proof-medium-w/std.lang.all/51/64/NW-C85164_wm.jpg,https://www.wolseley.co.uk/wcsstore/ExtendedSitesCatalogAssetStore/images/products/AssetPush/DTP_AssetPushHighRes/std.lang.all/ca/te/PY_TMV_T_Type_WRAS_Certificate.pdf,https://www.wolseley.co.uk/wcsstore/ExtendedSitesCatalogAssetStore/images/products/AssetPush/DTP_AssetPushHighRes/std.lang.all/ca/te/PY_BSI_Kitemark_Certificate.pdf,https://www.wolseley.co.uk/wcsstore/ExtendedSitesCatalogAssetStore/images/products/AssetPush/DTP_AssetPushHighRes/std.lang.all/ti/on/PY_TMV_TX_Installation.pdf,https://www.wolseley.co.uk/wcsstore/ExtendedSitesCatalogAssetStore/images/products/AssetPush/DTP_AssetPushHighRes/std.lang.all/ca/te/PY_TMV2_TX_NSF_Certificate.pdf,https://www.wolseley.co.uk/wcsstore/ExtendedSitesCatalogAssetStore/images/products/AssetPush/DTP_AssetPushHighRes/std.lang.all/ca/te/PY_TMV3_TX_NSF_Certificate.pdf,,,,,,,,,,,,,,,,,,,,,
35,PD61727,Rada Meynell thermostatic mixing valve 15/3,Rada,129.46,"The Rada Meynell 15/3 thermostatic mixing valve is a 1/2"" point-of-use valve, suitable for under-basin installation. It is supplied with a white plastic outer casing and integral check valves and strainers.",Commercial Plumbing/Commercial Flushing Controls and Valves/Commercial Flushing Controls and Valves.csv -> Rada Meynell thermostatic mixing valve 15/3,,,https://www.wolseley.co.uk/wcsstore/ExtendedSitesCatalogAssetStore/images/products/AssetPush/wol-web-proof-medium-w/std.lang.all/17/27/NW-D61727_wm.jpg,https://www.wolseley.co.uk/wcsstore/ExtendedSitesCatalogAssetStore/images/products/AssetPush/DTP_AssetPushHighRes/std.lang.all/io/ns/Rada_Meynell_15_3_Dimensions.pdf,https://www.wolseley.co.uk/wcsstore/ExtendedSitesCatalogAssetStore/images/products/AssetPush/DTP_AssetPushHighRes/std.lang.all/st/al/Rada_Meynell_15_3_Mixng_Valve_Instal.pdf,https://www.wolseley.co.uk/wcsstore/ExtendedSitesCatalogAssetStore/images/products/AssetPush/DTP_AssetPushHighRes/std.lang.all/hu/re/Rada_ProductRange_Brochure.pdf,https://www.wolseley.co.uk/wcsstore/ExtendedSitesCatalogAssetStore/images/products/AssetPush/DTP_AssetPushHighRes/std.lang.all/ti/cs/Rada_Meynell_15_3_V2_App_Schematics.pdf,https://www.wolseley.co.uk/wcsstore/ExtendedSitesCatalogAssetStore/images/products/AssetPush/DTP_AssetPushHighRes/std.lang.all/te/ch/Rada_Meynell_15_3_Mixng_Valve_Tech.pdf,,,,,,,,,,,,,,,,,,,,,
36,PC30660,Ideal Standard Conceala 2 extended lever spindle 250mm Chrome Plated,Ideal Standard,86.37,The contemporary designed Ideal Standard Conceala 2 flushing lever with extended 250mm spindle is made of chrome-plated metal for a finish to suit most bathrooms.,Commercial Plumbing/Commercial Flushing Controls and Valves/Commercial Flushing Controls and Valves.csv -> Ideal Standard Conceala 2 extended lever spindle 250mm Chrome Plated,,,https://www.wolseley.co.uk/wcsstore/ExtendedSitesCatalogAssetStore/images/products/AssetPush/wol-web-proof-medium-w/std.lang.all/06/60/NW-C30660_wm.jpg,https://www.wolseley.co.uk/wcsstore/ExtendedSitesCatalogAssetStore/images/products/AssetPush/DTP_AssetPushHighRes/std.lang.all/20/19/IS_Spares_Catalogue_2019.pdf,https://www.wolseley.co.uk/wcsstore/ExtendedSitesCatalogAssetStore/images/products/AssetPush/DTP_AssetPushHighRes/std.lang.all/te/ch/IS_Conceala_2_S4491AA_Tech.pdf,,,,,,,,,,,,,,,,,,,,,,,,
37,P187578,Reliance Valves Heatguard 4 in 1 heatguard TMV3 22mm,Reliance Valves,207.41,"The gunmetal RWC Heatguard TMV3-8 thermostatic mixing valve is a high performance thermostatic mixing valve is fully approved to NHS standards for safe use in healthcare settings. Fitted with viton seals, the Heatguard TMV3-8 has 22mm compression connections.",Commercial Plumbing/Commercial Flushing Controls and Valves/Commercial Flushing Controls and Valves.csv -> Reliance Valves Heatguard 4 in 1 heatguard TMV3 22mm,,,https://www.wolseley.co.uk/wcsstore/ExtendedSitesCatalogAssetStore/images/products/AssetPush/wol-web-proof-medium-w/std.lang.all/75/78/NW-187578_wm.jpg,https://www.wolseley.co.uk/wcsstore/ExtendedSitesCatalogAssetStore/images/products/AssetPush/DTP_AssetPushHighRes/std.lang.all/ti/on/RWC_Heatguard_TMV3_8_Installation.pdf,https://www.wolseley.co.uk/wcsstore/ExtendedSitesCatalogAssetStore/images/products/AssetPush/DTP_AssetPushHighRes/std.lang.all/ic/al/RWC_Heatguard_TMV3_8_Technical.pdf,,,,,,,,,,,,,,,,,,,,,,,,
38,PC85162,Pegler Yorkshire PEG402UAX TMV3/2 15mm mix valve,Pegler,194.4,"Made of brass with a chrome-plated finish, this Pegler Yorkshire PEG402UAX Anti-Scald thermostatic mixing valve has 15mm copper x copper end connections and blue and red levers. Eliminating the risk of scalding, this three-port valve can be used in domestic installation as well as in health and social care, schools and commercial applications.",Commercial Plumbing/Commercial Flushing Controls and Valves/Commercial Flushing Controls and Valves.csv -> Pegler Yorkshire PEG402UAX TMV3/2 15mm mix valve,,,https://www.wolseley.co.uk/wcsstore/ExtendedSitesCatalogAssetStore/images/products/AssetPush/wol-web-proof-medium-w/std.lang.all/51/62/NW-C85160_C85162_wm.jpg,https://www.wolseley.co.uk/wcsstore/ExtendedSitesCatalogAssetStore/images/products/AssetPush/DTP_AssetPushHighRes/std.lang.all/ca/te/PY_TMV_T_Type_WRAS_Certificate.pdf,https://www.wolseley.co.uk/wcsstore/ExtendedSitesCatalogAssetStore/images/products/AssetPush/DTP_AssetPushHighRes/std.lang.all/ti/on/PY_TMV3_TMV2_Installation.pdf,https://www.wolseley.co.uk/wcsstore/ExtendedSitesCatalogAssetStore/images/products/AssetPush/DTP_AssetPushHighRes/std.lang.all/ic/al/PY_Anti_Scald_TMV_Technical.pdf,https://www.wolseley.co.uk/wcsstore/ExtendedSitesCatalogAssetStore/images/products/AssetPush/DTP_AssetPushHighRes/std.lang.all/ca/te/PY_TMV3_TX_NSF_Certificate.pdf,https://www.wolseley.co.uk/wcsstore/ExtendedSitesCatalogAssetStore/images/products/AssetPush/DTP_AssetPushHighRes/std.lang.all/ca/te/PY_TMV2_TX_NSF_Certificate.pdf,,,,,,,,,,,,,,,,,,,,,
39,P171467,Reliance Valves Heatguard 2 in 1 thermostatic mixing valve 15mm,Reliance Valves,170.97,"The gunmetal RWC Heatguard TMV3-8 2-in-1 thermostatic mixing valve is a high performance thermostatic mixing valve is fully approved to NHS standards for safe use in healthcare settings. Fitted with viton seals, the Heatguard TMV3-8 has 15mm compression connections.",Commercial Plumbing/Commercial Flushing Controls and Valves/Commercial Flushing Controls and Valves.csv -> Reliance Valves Heatguard 2 in 1 thermostatic mixing valve 15mm,,,https://www.wolseley.co.uk/wcsstore/ExtendedSitesCatalogAssetStore/images/products/AssetPush/wol-web-proof-medium-w/std.lang.all/14/67/NW-171467_wm.jpg,https://www.wolseley.co.uk/wcsstore/ExtendedSitesCatalogAssetStore/images/products/AssetPush/DTP_AssetPushHighRes/std.lang.all/hu/re/RWC_HeatGuardTMV_Brochure.pdf,https://www.wolseley.co.uk/wcsstore/ExtendedSitesCatalogAssetStore/images/products/AssetPush/DTP_AssetPushHighRes/std.lang.all/ti/on/RWC_Heatguard_TMV3_8_Installation.pdf,https://www.wolseley.co.uk/wcsstore/ExtendedSitesCatalogAssetStore/images/products/AssetPush/DTP_AssetPushHighRes/std.lang.all/ic/al/RWC_Heatguard_TMV3_8_Technical.pdf,,,,,,,,,,,,,,,,,,,,,,,
40,PD61047,"Rada thermostatic mixer valve 3/4""",Rada,448.57,"Approved for use in healthcare settings, the Rada 222-T3 DK thermostatic mixing valve is suitable for under-bath mounting and incorporates the unique Radatherm cartridge.","Commercial Plumbing/Commercial Flushing Controls and Valves/Commercial Flushing Controls and Valves.csv -> Rada thermostatic mixer valve 3/4""",,,https://www.wolseley.co.uk/wcsstore/ExtendedSitesCatalogAssetStore/images/products/AssetPush/wol-web-proof-medium-w/std.lang.all/10/47/NW-D61047_wm.jpg,https://www.wolseley.co.uk/wcsstore/ExtendedSitesCatalogAssetStore/images/products/AssetPush/DTP_AssetPushHighRes/std.lang.all/ic/al/Rada_222_T3_Mixing_Valve_Technical.pdf,https://www.wolseley.co.uk/wcsstore/ExtendedSitesCatalogAssetStore/images/products/AssetPush/DTP_AssetPushHighRes/std.lang.all/ti/on/Rada_215_222_Series_Installation.pdf,https://www.wolseley.co.uk/wcsstore/ExtendedSitesCatalogAssetStore/images/products/AssetPush/DTP_AssetPushHighRes/std.lang.all/hu/re/Rada_ProductRange_Brochure.pdf,https://www.wolseley.co.uk/wcsstore/ExtendedSitesCatalogAssetStore/images/products/AssetPush/DTP_AssetPushHighRes/std.lang.all/ti/cs/Rada_222_T3_DK_V2_App_Schematics.pdf,https://www.wolseley.co.uk/wcsstore/ExtendedSitesCatalogAssetStore/images/products/AssetPush/DTP_AssetPushHighRes/std.lang.all/io/ns/Rada_222_T3_Dimensions.pdf,,,,,,,,,,,,,,,,,,,,,
41,P870208,JG Speedfit Easifit thermostatic mixing valve 15mm,JG Speedfit,50.83,"Ultra-compact, lightweight and suitable for fitting in even the tightest of spots, this RWC Easifit 2-in-1 thermostatic mixing valve doesn't just protect from scalding, it also helps to reduce water waste and energy consumption. Precisely blending hot and cold water to a safe and comfortable temperature, the Easifit protects users from accidental burns and makes water flow reliably comfortable. Functioning at flow rates right down to 1LPM, this brass valve is resistant to scale and other contaminants for a longer usable life. Fitted with viton seals and 15mm push-fit connections and incorporating JG Speedfit, the three-port Easifit offers fast, simple installation without tools.",Commercial Plumbing/Commercial Flushing Controls and Valves/Commercial Flushing Controls and Valves.csv -> JG Speedfit Easifit thermostatic mixing valve 15mm,,,https://www.wolseley.co.uk/wcsstore/ExtendedSitesCatalogAssetStore/images/products/AssetPush/wol-web-proof-medium-w/std.lang.all/02/08/NW-870208_wm.jpg,https://www.wolseley.co.uk/wcsstore/ExtendedSitesCatalogAssetStore/images/products/AssetPush/DTP_AssetPushHighRes/std.lang.all/ic/al/RWC_Easifit_TMV_Technical.pdf,,,,,,,,,,,,,,,,,,,,,,,,,
42,P171616,Reliance Valves Heatguard Dual 4 in 1 dual thermostatic mixing valve 22mm,Reliance Valves,181.01,"Made of nickel-plated DZR brass and with viton seals, this RWC Heatguard Dual 4-in-1 thermostatic mixing valve can supply 37LPM at 2.5 bar pressure loss. With a tamperproof cap that can act as a temperature adjustment tool, this three-port TMV has scale-resistant internal components and 22mm compression water inlets with flat faced union connections to comply with building regulations and D08.",Commercial Plumbing/Commercial Flushing Controls and Valves/Commercial Flushing Controls and Valves.csv -> Reliance Valves Heatguard Dual 4 in 1 dual thermostatic mixing valve 22mm,,,https://www.wolseley.co.uk/wcsstore/ExtendedSitesCatalogAssetStore/images/products/AssetPush/wol-web-proof-medium-w/std.lang.all/16/17/NW-171615_171617_wm.jpg,https://www.wolseley.co.uk/wcsstore/ExtendedSitesCatalogAssetStore/images/products/AssetPush/DTP_AssetPushHighRes/std.lang.all/20/16/RWC_Heatguard_Dual_TMV_Tech_2016.pdf,https://www.wolseley.co.uk/wcsstore/ExtendedSitesCatalogAssetStore/images/products/AssetPush/DTP_AssetPushHighRes/std.lang.all/ic/al/RWC_Heatguard_Dual_TMV_Technical.pdf,https://www.wolseley.co.uk/wcsstore/ExtendedSitesCatalogAssetStore/images/products/AssetPush/DTP_AssetPushHighRes/std.lang.all/hu/re/RWC_HeatGuardTMV_Brochure.pdf,https://www.wolseley.co.uk/wcsstore/ExtendedSitesCatalogAssetStore/images/products/AssetPush/DTP_AssetPushHighRes/std.lang.all/st/al/RWC_Heatguard_Dual_TMV_TMV2_3_Instal.pdf,,,,,,,,,,,,,,,,,,,,,,
43,PJ76142,Grohe Dal flush pipe wth connector,Grohe,12.86,GROHE WC Extension for concealed cisterns.,Commercial Plumbing/Commercial Flushing Controls and Valves/Commercial Flushing Controls and Valves.csv -> Grohe Dal flush pipe wth connector,,Flush pipe extension only,https://www.wolseley.co.uk/wcsstore/ExtendedSitesCatalogAssetStore/images/products/AssetPush/wol-web-proof-medium-w/std.lang.all/61/42/J76142_wm.jpg,https://www.wolseley.co.uk/wcsstore/ExtendedSitesCatalogAssetStore/images/products/AssetPush/DTP_AssetPushHighRes/std.lang.all/ic/al/Grohe_FlushPipe_Technical.pdf,https://www.wolseley.co.uk/wcsstore/ExtendedSitesCatalogAssetStore/images/products/AssetPush/DTP_AssetPushHighRes/std.lang.all/hu/re/Grohe_EnjoyWater_Brochure.pdf,,,,,,,,,,,,,,,,,,,,,,,,
44,P311010,Honeywell Home TM200VP hw home tmv3 15mm mixing valve 4 in 1,Honeywell Home,123.85,"Helping to make showering safer for everyone, this thermostatic mixing valve with scald protection is made of brass and offers 15mm connections and NBR seals plus red and blue levers. Used for localised control adjacent to point of use outlets, this valve automatically cuts off the hot water inlet should the incoming cold supply fail, providing the hot water inlet temperature is at least 10K higher than that of the mixed water setting.",Commercial Plumbing/Commercial Flushing Controls and Valves/Commercial Flushing Controls and Valves.csv -> Honeywell Home TM200VP hw home tmv3 15mm mixing valve 4 in 1,,,https://www.wolseley.co.uk/wcsstore/ExtendedSitesCatalogAssetStore/images/products/AssetPush/wol-web-proof-medium-w/std.lang.all/10/10/NW-311010_wm.jpg,https://www.wolseley.co.uk/wcsstore/ExtendedSitesCatalogAssetStore/images/products/AssetPush/DTP_AssetPushHighRes/std.lang.all/ic/al/Honeywell_Resideo_TM200VP_Technical.pdf,,,,,,,,,,,,,,,,,,,,,,,,,
45,P171619,Reliance Valves Heatguard Dual 2 in 1 dual thermostatic mixing valve 22mm,Reliance Valves,115.33,"Made of nickel-plated DZR brass and with viton seals, this RWC Heatguard Dual 2-in-1 thermostatic mixing valve can supply 37LPM at 2.5 bar pressure loss. With a tamperproof cap that can act as a temperature adjustment tool, this three-port TMV has scale-resistant internal components and 22mm compression water inlets with flat faced union connections to comply with building regulations and D08.",Commercial Plumbing/Commercial Flushing Controls and Valves/Commercial Flushing Controls and Valves.csv -> Reliance Valves Heatguard Dual 2 in 1 dual thermostatic mixing valve 22mm,,,https://www.wolseley.co.uk/wcsstore/ExtendedSitesCatalogAssetStore/images/products/AssetPush/wol-web-proof-medium-w/std.lang.all/16/19/NW-171618_171619_wm.jpg,https://www.wolseley.co.uk/wcsstore/ExtendedSitesCatalogAssetStore/images/products/AssetPush/DTP_AssetPushHighRes/std.lang.all/20/16/RWC_Heatguard_Dual_TMV_Tech_2016.pdf,https://www.wolseley.co.uk/wcsstore/ExtendedSitesCatalogAssetStore/images/products/AssetPush/DTP_AssetPushHighRes/std.lang.all/ic/al/RWC_Heatguard_Dual_TMV_Technical.pdf,https://www.wolseley.co.uk/wcsstore/ExtendedSitesCatalogAssetStore/images/products/AssetPush/DTP_AssetPushHighRes/std.lang.all/hu/re/RWC_HeatGuardTMV_Brochure.pdf,https://www.wolseley.co.uk/wcsstore/ExtendedSitesCatalogAssetStore/images/products/AssetPush/DTP_AssetPushHighRes/std.lang.all/st/al/RWC_Heatguard_Dual_TMV_TMV2_3_Instal.pdf,,,,,,,,,,,,,,,,,,,,,,
46,P110246,Mixcal Careflo Plus 15/22mm mx thermostatic mixing valve,Mixcal Careflo Plus,178.0,"Designed specifically for use in healthcare premises such as hospitals and care homes, the Mixcal Careflo 15/22mm MX thermostatic mixing valve has a manual override function allowing for a complete flush, rather than just a partial flush.",Commercial Plumbing/Commercial Flushing Controls and Valves/Commercial Flushing Controls and Valves.csv -> Mixcal Careflo Plus 15/22mm mx thermostatic mixing valve,,,https://www.wolseley.co.uk/wcsstore/ExtendedSitesCatalogAssetStore/images/products/AssetPush/wol-web-proof-medium-w/std.lang.all/45/-6/110245-6_wm.jpg,,,,,,Compression,15 mm/22 mm,N,Compression,DZR - Chrome plated,15/22mm,85,101-3002,TMV,N,"BS 7942:2011, National Health Service model engineering specification D08",Thermal disinfection can be performed through to outlets using special tool and manual override,Thermal disinfection protects against Legionella and other microbial organisms,For use in BS 7942:2011 NHS model engineering specification D08,,,,,,,
47,PU61213,Geberit Sigma01 dual flush plate Jet Black,Geberit,71.19,"Made of tough plastic with an easy to clean jet black finish, this Geberit Sigma01 164 x 246 x 12.7mm dual flush plate offers a water-saving dual-flush.",Commercial Plumbing/Commercial Flushing Controls and Valves/Commercial Flushing Controls and Valves.csv -> Geberit Sigma01 dual flush plate Jet Black,,Flush plate;Mounting frame;2x distance bolts;2x actuator rods,https://www.wolseley.co.uk/wcsstore/ExtendedSitesCatalogAssetStore/images/products/AssetPush/wol-web-proof-medium-w/std.lang.all/12/13/NW-U61213_wm.jpg,https://www.wolseley.co.uk/wcsstore/ExtendedSitesCatalogAssetStore/images/products/AssetPush/DTP_AssetPushHighRes/std.lang.all/ui/de/Geberit_Sanitary_Product_Guide.pdf,https://www.wolseley.co.uk/wcsstore/ExtendedSitesCatalogAssetStore/images/products/AssetPush/DTP_AssetPushHighRes/std.lang.all/st/al/Geberit_Sigma_DualFlush_Plate_Instal.pdf,https://www.wolseley.co.uk/wcsstore/ExtendedSitesCatalogAssetStore/images/products/AssetPush/DTP_AssetPushHighRes/std.lang.all/20/21/Geberit_Product_Catalogue_2021.pdf,https://www.wolseley.co.uk/wcsstore/ExtendedSitesCatalogAssetStore/images/products/AssetPush/DTP_AssetPushHighRes/std.lang.all/te/ch/Geberit_Sigma01_DualFlush_Plate_Tech.pdf,,,,,,,,,,,,,,,,,,,,,,
48,PB47530,Cistermiser Sensazone single-sensor water control valve complete kit - 22mm,Cistermiser,232.82,"Suitable for the control of water supply in a washroom, the Cistermiser Sensazone single-sensor water control valve complete kit is part of the Sensazone system. This system is designed to oversee the control of water, lights and fans in commercial washrooms. Fitted with motion sensors, Sensazone prevents water and electricity waste and eliminates the risk of flooding by responding only when a room is occupied. Sensazone controls up to three 2W 2/2 bi-stable (latching) solenoid valves per sensor.",Commercial Plumbing/Commercial Flushing Controls and Valves/Commercial Flushing Controls and Valves.csv -> Cistermiser Sensazone single-sensor water control valve complete kit - 22mm,,Shut-off controller;Motion-detection occupancy sensor;Solenoid valve;Mains power adapter,https://www.wolseley.co.uk/wcsstore/ExtendedSitesCatalogAssetStore/images/products/AssetPush/wol-web-proof-medium-w/std.lang.all/75/30/NW-B47529_B47530_wm.jpg,https://www.wolseley.co.uk/wcsstore/ExtendedSitesCatalogAssetStore/images/products/AssetPush/DTP_AssetPushHighRes/std.lang.all/ti/on/Cistermiser_Sensazone_Installation.pdf,https://www.wolseley.co.uk/wcsstore/ExtendedSitesCatalogAssetStore/images/products/AssetPush/DTP_AssetPushHighRes/std.lang.all/hu/re/Cistermiser_Sensazone_Brochure.pdf,,,,,,,,,,,,,,,,,,,,,,,,
49,PC85160,Pegler Yorkshire PEG402UA TMV3/2 15mm mix valve,Pegler,185.46,"Made of brass with a chrome-plated finish, this Pegler Yorkshire PEG402UA Anti-Scald thermostatic mixing valve has 15mm copper x copper end connections and blue and red levers. Eliminating the risk of scalding, this three-port valve can be used in domestic installation as well as in health and social care, schools and commercial applications.",Commercial Plumbing/Commercial Flushing Controls and Valves/Commercial Flushing Controls and Valves.csv -> Pegler Yorkshire PEG402UA TMV3/2 15mm mix valve,,,https://www.wolseley.co.uk/wcsstore/ExtendedSitesCatalogAssetStore/images/products/AssetPush/wol-web-proof-medium-w/std.lang.all/51/62/NW-C85160_C85162_wm.jpg,https://www.wolseley.co.uk/wcsstore/ExtendedSitesCatalogAssetStore/images/products/AssetPush/DTP_AssetPushHighRes/std.lang.all/ca/te/PY_TMV_T_Type_WRAS_Certificate.pdf,https://www.wolseley.co.uk/wcsstore/ExtendedSitesCatalogAssetStore/images/products/AssetPush/DTP_AssetPushHighRes/std.lang.all/ti/on/PY_TMV3_TMV2_Installation.pdf,https://www.wolseley.co.uk/wcsstore/ExtendedSitesCatalogAssetStore/images/products/AssetPush/DTP_AssetPushHighRes/std.lang.all/ic/al/PY_Anti_Scald_TMV_Technical.pdf,https://www.wolseley.co.uk/wcsstore/ExtendedSitesCatalogAssetStore/images/products/AssetPush/DTP_AssetPushHighRes/std.lang.all/ca/te/PY_TMV3_TX_NSF_Certificate.pdf,https://www.wolseley.co.uk/wcsstore/ExtendedSitesCatalogAssetStore/images/products/AssetPush/DTP_AssetPushHighRes/std.lang.all/ca/te/PY_TMV2_TX_NSF_Certificate.pdf,,,,,,,,,,,,,,,,,,,,,
50,P171468,Reliance Valves 4-in-1 heatguard TMV3 15mm,Reliance Valves,172.07,"Offering high levels of performance, the Reliance Valves Heatguard 4-in-1 15mm TMV3 valve is fully approved for safe use in healthcare premises. This thermostatic valve ensures safe, comfortable water delivery, adjusting the mix in case of pressure drops in either a hot or cold supply.",Commercial Plumbing/Commercial Flushing Controls and Valves/Commercial Flushing Controls and Valves.csv -> Reliance Valves 4-in-1 heatguard TMV3 15mm,,TMV,https://www.wolseley.co.uk/wcsstore/ExtendedSitesCatalogAssetStore/images/products/AssetPush/wol-web-proof-medium-w/std.lang.all/14/68/171468_wm.jpg,https://www.wolseley.co.uk/wcsstore/ExtendedSitesCatalogAssetStore/images/products/AssetPush/DTP_AssetPushHighRes/std.lang.all/hu/re/RWC_HeatGuardTMV_Brochure.pdf,https://www.wolseley.co.uk/wcsstore/ExtendedSitesCatalogAssetStore/images/products/AssetPush/DTP_AssetPushHighRes/std.lang.all/ic/al/RWC_HgTMV3-8_Technical.pdf,https://www.wolseley.co.uk/wcsstore/ExtendedSitesCatalogAssetStore/images/products/AssetPush/DTP_AssetPushHighRes/std.lang.all/ic/al/RWC_HeatGuard_Technical.pdf,https://www.wolseley.co.uk/wcsstore/ExtendedSitesCatalogAssetStore/images/products/AssetPush/DTP_AssetPushHighRes/std.lang.all/__/ig/RWC_HG TMV3-8 _IG.pdf,,,,,,,,,,,,,,,,,,,,,,
51,P870564,1IN FBSP 4IN1 GROUP TMV,Reliance Valves,799.54,"This Reliance Water Controls Euromixer thermostatic mixer valve is supplied with 1"" FBSP connections. This 4-in-1 valve provides isolation, filtration and cross-flow prevention as well as a gauge port for testing, all in one simple, compact unit. Designed for installation convenience, this valve offers the option of adjustable or lockable temperature control.",Commercial Plumbing/Commercial Flushing Controls and Valves/Commercial Flushing Controls and Valves.csv -> 1IN FBSP 4IN1 GROUP TMV,,Thermostatic mixing valve;Isolating valve;High flow barrel type strainer;1/4inch BSP test point,https://www.wolseley.co.uk/wcsstore/ExtendedSitesCatalogAssetStore/images/products/AssetPush/wol-web-proof-medium-w/std.lang.all/05/64/NW-870564_wm.jpg,https://www.wolseley.co.uk/wcsstore/ExtendedSitesCatalogAssetStore/images/products/AssetPush/DTP_AssetPushHighRes/std.lang.all/ic/al/RWC_Euromixer_TMV_Technical.pdf,https://www.wolseley.co.uk/wcsstore/ExtendedSitesCatalogAssetStore/images/products/AssetPush/DTP_AssetPushHighRes/std.lang.all/ti/on/RWC_Euromixer_TMV_Installation.pdf,,,,,,,,,,,,,,,,,,,,,,,,
52,PU86017,Geberit Kappa20 dual flush plate Matt Chrome,Geberit,63.35,"Suitable for Kappa concealed cisterns, this Geberit Kappa20 142 x 213 x 16mm flush plate is made of plastic with a matte chrome-plated surface.",Commercial Plumbing/Commercial Flushing Controls and Valves/Commercial Flushing Controls and Valves.csv -> Geberit Kappa20 dual flush plate Matt Chrome,,Flush plate;Mounting frame;2x distance bolts;2x actuator rods;Fastening material,https://www.wolseley.co.uk/wcsstore/ExtendedSitesCatalogAssetStore/images/products/AssetPush/wol-web-proof-medium-w/std.lang.all/60/17/NW-U86017_wm.jpg,https://www.wolseley.co.uk/wcsstore/ExtendedSitesCatalogAssetStore/images/products/AssetPush/DTP_AssetPushHighRes/std.lang.all/ic/al/Geberit_Kappa20_FlushPlate_Technical.pdf,https://www.wolseley.co.uk/wcsstore/ExtendedSitesCatalogAssetStore/images/products/AssetPush/DTP_AssetPushHighRes/std.lang.all/ta/ll/Geberit_Kappa20_Flush_Plate_Install.pdf,https://www.wolseley.co.uk/wcsstore/ExtendedSitesCatalogAssetStore/images/products/AssetPush/DTP_AssetPushHighRes/std.lang.all/ui/de/Geberit_Sanitary_Product_Guide.pdf,https://www.wolseley.co.uk/wcsstore/ExtendedSitesCatalogAssetStore/images/products/AssetPush/DTP_AssetPushHighRes/std.lang.all/20/21/Geberit_Product_Catalogue_2021.pdf,,,,,,,,,,,,,,,,,,,,,,
53,PJ12956,Grohe dual flush circle button control,Grohe,7.68,GROHE Round Push Button Actuation  50 mm with Eco button for use in combination with bath furniture or removable claddings for cistern inspection.,Commercial Plumbing/Commercial Flushing Controls and Valves/Commercial Flushing Controls and Valves.csv -> Grohe dual flush circle button control,,Button Only,https://www.wolseley.co.uk/wcsstore/ExtendedSitesCatalogAssetStore/images/products/AssetPush/wol-web-proof-medium-w/std.lang.all/29/56/NW-J12956_wm.jpg,https://www.wolseley.co.uk/wcsstore/ExtendedSitesCatalogAssetStore/images/products/AssetPush/DTP_AssetPushHighRes/std.lang.all/ic/al/J12956_Technical.pdf,,,,,,,,,,,,,,,,,,,,,,,,,
54,P171568,Reliance Valves Heatguard LS2 2 in 1 thermostatic mixing valve,Reliance Valves,129.84,"The TMV2 RWC Heatguard LS2 thermostatic mixing valve is made of gunmetal and offers nitrile seals and 15mm connections. Ideal for retrofit applications, this three-port L pattern mixing valve is designed with opposing hot inlet and mixed outlet ports.",Commercial Plumbing/Commercial Flushing Controls and Valves/Commercial Flushing Controls and Valves.csv -> Reliance Valves Heatguard LS2 2 in 1 thermostatic mixing valve,,Thermostatic mixing valve;Check valve;Strainers,https://www.wolseley.co.uk/wcsstore/ExtendedSitesCatalogAssetStore/images/products/AssetPush/wol-web-proof-medium-w/std.lang.all/15/68/NW-171568_wm.jpg,https://www.wolseley.co.uk/wcsstore/ExtendedSitesCatalogAssetStore/images/products/AssetPush/DTP_AssetPushHighRes/std.lang.all/hu/re/RWC_HeatGuardTMV_Brochure.pdf,https://www.wolseley.co.uk/wcsstore/ExtendedSitesCatalogAssetStore/images/products/AssetPush/DTP_AssetPushHighRes/std.lang.all/ic/al/171568_Technical.pdf,,,,,,,,,,,,,,,,,,,,,,,,
