,pid,Title,Brand,Price,Description,category,mfpartnumber,whatisincluded,Image,Attachment 1,Attachment 2,Range,Hazardous,Sheath Colour,Voltage Rating,Cross Sectional Area (mm),Conductor Strand Type,Pack Length,Harmonised Code,Pack Type,Conductor Material,Insulation Material,Number of Cores,Number of Strands,Operating Temperature Range (C),Outer Diameter,Sheath Material,Strands Size,Standards,Supplier Product Code,Type,WEEE Compliant,Feature 1,Diameter,Pack Quantity,Colour,Depth (mm),Back Box Type,Material,Number of Gangs,Feature 2,Feature 3,Feature 4,Feature 5,Feature 6,Feature 7,Feature 8,Feature 9,Feature 10,Feature 11,Feature 12,Feature 13,Feature 14,Feature 15,Feature 16,Feature 17,Feature 18,Feature 19,Amps,Voltage (V),Ways,Application,Size,Dimensions (L x W x D)
0,P459248,Regin Electrical Connectors 5-way connector (1 pr),Regin,8.49,"Highly robust, this quality Regin five-way electrical connector makes the wiring in boilers more efficient, meaning simpler servicing and easier maintenance. It is supplied with a strain relief for additional safety.",Trade Essentials/Electrical Essentials/Electrical Essentials.csv -> Regin Electrical Connectors 5-way connector (1 pr),,,https://www.wolseley.co.uk/wcsstore/ExtendedSitesCatalogAssetStore/images/products/AssetPush/wol-web-proof-medium-w/std.lang.all/92/48/NW-459248_wm.jpg,https://www.wolseley.co.uk/wcsstore/ExtendedSitesCatalogAssetStore/images/products/AssetPush/DTP_AssetPushHighRes/std.lang.all/al/og/Regin_Eleccon_Catalog.pdf,https://www.wolseley.co.uk/wcsstore/ExtendedSitesCatalogAssetStore/images/products/AssetPush/DTP_AssetPushHighRes/std.lang.all/ta/ll/Regin_3_or_5_way_Connector_Install.pdf,,,,,,,,,,,,,,,,,,,,,,,,,,,,,,,,,,,,,,,,,,,,,,,,,,,,,
1,PE01085,Doncaster 3093Y 3 core heat resisting electrical cable 0.75mm2 reel 50mtr White,Doncaster,1.72,"Heat resisting ordinary duty flexible cords are used where the risk of mechanical damage and mechanical stresses is normal, i.e. when cables are subject to low mechanical stresses in the areas of application, and the risk of mechanical damage is low, as is the case to be expected in the normal use of small to medium size equipment in domestic and commercial as well as in light industrial premises. Examples of appliances that use heat resisting ordinary duty flexible cords are portable tools, immersion heaters, washing machines, cookers and refrigerators; especially in higher temperature zones.",Trade Essentials/Electrical Essentials/Electrical Essentials.csv -> Doncaster 3093Y 3 core heat resisting electrical cable 0.75mm2 reel 50mtr White,,,https://www.wolseley.co.uk/wcsstore/ExtendedSitesCatalogAssetStore/images/products/AssetPush/wol-web-proof-medium-w/std.lang.all/10/85/NW-E01085_wm.jpg,https://www.wolseley.co.uk/wcsstore/ExtendedSitesCatalogAssetStore/images/products/AssetPush/DTP_AssetPushHighRes/std.lang.all/ic/al/Doncaster_309_Y_Cables_Technical.pdf,,,,,,,,,,,,,,,,,,,,,,,,,,,,,,,,,,,,,,,,,,,,,,,,,,,,,,
2,PE01095,Doncaster 3095Y 5 core heat resisting electrical cable per coil 0.75mm 2 reel 50mtr White,Doncaster,1.52,"Heat resisting ordinary duty flexible cords are used where the risk of mechanical damage and mechanical stresses is normal, i.e. when cables are subject to low mechanical stresses in the areas of application, and the risk of mechanical damage is low, as is the case to be expected in the normal use of small to medium size equipment in domestic and commercial as well as in light industrial premises. Examples of appliances that use heat resisting ordinary duty flexible cords are portable tools, immersion heaters, washing machines, cookers and refrigerators; especially in higher temperature zones.",Trade Essentials/Electrical Essentials/Electrical Essentials.csv -> Doncaster 3095Y 5 core heat resisting electrical cable per coil 0.75mm 2 reel 50mtr White,,,https://www.wolseley.co.uk/wcsstore/ExtendedSitesCatalogAssetStore/images/products/AssetPush/wol-web-proof-medium-w/std.lang.all/10/95/NW-E01095_wm.jpg,https://www.wolseley.co.uk/wcsstore/ExtendedSitesCatalogAssetStore/images/products/AssetPush/DTP_AssetPushHighRes/std.lang.all/ic/al/Doncaster_309_Y_Cables_Technical.pdf,,,,,,,,,,,,,,,,,,,,,,,,,,,,,,,,,,,,,,,,,,,,,,,,,,,,,,
3,PM93023,Trench medium duty cable tray 150mm x 3m,Trench,23.1,Medium Duty Pre Galvanised Cable Tray,Trade Essentials/Electrical Essentials/Electrical Essentials.csv -> Trench medium duty cable tray 150mm x 3m,,,https://www.wolseley.co.uk/wcsstore/ExtendedSitesCatalogAssetStore/images/products/AssetPush/wol-web-proof-medium-w/std.lang.all/30/23/NW-M93023_wm.jpg,https://www.wolseley.co.uk/wcsstore/ExtendedSitesCatalogAssetStore/images/products/AssetPush/DTP_AssetPushHighRes/std.lang.all/ic/al/Trench_Pre_Galv_Cable_Tray_Technical.pdf,https://www.wolseley.co.uk/wcsstore/ExtendedSitesCatalogAssetStore/images/products/AssetPush/DTP_AssetPushHighRes/std.lang.all/ha/rt/Trench_Wall_Chart.pdf,,,,,,,,,,,,,,,,,,,,,,,,,,,,,,,,,,,,,,,,,,,,,,,,,,,,,
4,PM10002,Doncaster NYY nyy 4 core 1.5mm 50mtr rl per reel Black,Doncaster,140.48,A 50M reel of Doncaster NYY black electrical cable.,Trade Essentials/Electrical Essentials/Electrical Essentials.csv -> Doncaster NYY nyy 4 core 1.5mm 50mtr rl per reel Black,,,https://www.wolseley.co.uk/wcsstore/ExtendedSitesCatalogAssetStore/images/products/AssetPush/wol-web-proof-medium-w/std.lang.all/00/02/M10002_wm.jpg,,,NYY,N,Black,600 /1000 V,1.5,Class 1,50,N/A,REEL,Plain annealed copper,PVC,4,1,-15 to 70,12.0 mm,Polyvinyl Chloride,1.38,BS EN 60502-1,NYY4C1.5050,Electrical Cable,N,"PVC Insulated, bedded and sheathed multicore cable  bending radius 12 x Ø manufactured to BS EN 60502-1",,,,,,,,,,,,,,,,,,,,,,,,,,,,,,,
5,PM10997,Scolmore Thorsman all round galvanised band 12 x 0.75mm x 10mtr,Scolmore,7.25,"This Scolmore Thorsman 10M x 12mm galvanised fixing band is suitable for suspended installations and anchoring in electrical, building, heating and ventilation applications.",Trade Essentials/Electrical Essentials/Electrical Essentials.csv -> Scolmore Thorsman all round galvanised band 12 x 0.75mm x 10mtr,,,https://www.wolseley.co.uk/wcsstore/ExtendedSitesCatalogAssetStore/images/products/AssetPush/wol-web-proof-medium-w/std.lang.all/09/97/NW-M10997_wm.jpg,https://www.wolseley.co.uk/wcsstore/ExtendedSitesCatalogAssetStore/images/products/AssetPush/DTP_AssetPushHighRes/std.lang.all/og/ue/SE_Catalogue.pdf,https://www.wolseley.co.uk/wcsstore/ExtendedSitesCatalogAssetStore/images/products/AssetPush/DTP_AssetPushHighRes/std.lang.all/ic/al/SE_2700610_Technical.pdf,,,,,,,,,,,,,,,,,,,,,,,,,,,,,,,,,,,,,,,,,,,,,,,,,,,,,
6,PM10004,Doncaster 318-Y 4core 1.5mm 50m rl per reel BLACK,Doncaster,120.22,"Ideal for appliances such as washing machines, toasters or televisions, this Doncaster 318-Y 50M, 10.5mm diameter ordinary duty cord/flexible is designed for use anywhere at normal risk of mechanical damage and mechanical stresses. This makes it suitable for domestic or commercial use in small to medium sized electrical equipment.",Trade Essentials/Electrical Essentials/Electrical Essentials.csv -> Doncaster 318-Y 4core 1.5mm 50m rl per reel BLACK,,,"https://www.wolseley.co.uk/wcsstore/ExtendedSitesCatalogAssetStore/images/products/AssetPush/wol-web-proof-medium-w/std.lang.all/4-/15/E01109,M10004,12,14-15_wm.jpg",https://www.wolseley.co.uk/wcsstore/ExtendedSitesCatalogAssetStore/images/products/AssetPush/DTP_AssetPushHighRes/std.lang.all/ic/al/Doncaster_Flexible_Cord_Technical.pdf,,,,,,,,,,,,,,,,,,,,,,,,,,,,,,,,,,,,,,,,,,,,,,,,,,,,,,
7,P457287,Regin REGQ141 quick blow glass fuse 20mm 2a (Pack of 3),Regin,1.62,"Regin Products has over 20 years experience in supplying safe, simple and easy to use products for heating and plumbing engineers.",Trade Essentials/Electrical Essentials/Electrical Essentials.csv -> Regin REGQ141 quick blow glass fuse 20mm 2a (Pack of 3),,,https://www.wolseley.co.uk/wcsstore/ExtendedSitesCatalogAssetStore/images/products/AssetPush/wol-web-proof-medium-w/std.lang.all/72/87/457287_wm.jpg,,,,N,,,,,,,,,,,,,,,,,Q141,Fuse,N,ISO 9001 certified,20 mm,pack of 3,,,,,,,,,,,,,,,,,,,,,,,,,,,,,
8,PBE6834,CPE Meter Boxes surface mounted gas meter enclosure box,CPE,46.44,"Designed for surface mounting, this CPE gas meter enclosure box in white is supplied complete with a bracket for ease of fitting.",Trade Essentials/Electrical Essentials/Electrical Essentials.csv -> CPE Meter Boxes surface mounted gas meter enclosure box,,,https://www.wolseley.co.uk/wcsstore/ExtendedSitesCatalogAssetStore/images/products/AssetPush/wol-web-proof-medium-w/std.lang.all/68/34/BE6834_wm.jpg,,,Meter Boxes,N,,,,,,,,,,,,,,,,,MISC0002,Gas Meter Enclosure Box,N,GRP construction,,,White,224,N/A,GRP,0,White colour,Weather-resistant design,Suitable for any domestic gas meter,With key,Includes bracket,,,,,,,,,,,,,,,,,,,
9,PM10010,Doncaster SY sy 1.5mm 5 core 50mtr rl per reel Clear,Doncaster,187.93,"Suitable for use as an interconnecting cable, this Doncaster SY 12.3mm power cable, supplied on a 50M reel, is manufactured for the measurement, control or regulation of the control equipment used on assembly and production lines. It is also suitable for use in conveyors or for computer units, however it is most popularly chosen for building and construction applications, rail and transport infrastructure and for transmission and automation and process control applications. It can also be employed in fixed installations under light mechanical stress. Suitable for use indoors in dry or moist atmospheres, SY class 5 annealed copper cable is also well-protected enough for outdoor applications.",Trade Essentials/Electrical Essentials/Electrical Essentials.csv -> Doncaster SY sy 1.5mm 5 core 50mtr rl per reel Clear,,,https://www.wolseley.co.uk/wcsstore/ExtendedSitesCatalogAssetStore/images/products/AssetPush/wol-web-proof-medium-w/std.lang.all/00/10/NW-M10009_M10010_wm.jpg,https://www.wolseley.co.uk/wcsstore/ExtendedSitesCatalogAssetStore/images/products/AssetPush/DTP_AssetPushHighRes/std.lang.all/da/ta/Doncaster_SY_Control_Technical_Data.pdf,,,,,,,,,,,,,,,,,,,,,,,,,,,,,,,,,,,,,,,,,,,,,,,,,,,,,,
10,P800821,Regin Premier REGK07 professional fuse kit,Regin,86.67,"Regin Products has over 20 years experience in supplying safe, simple and easy to use products for heating and plumbing engineers.",Trade Essentials/Electrical Essentials/Electrical Essentials.csv -> Regin Premier REGK07 professional fuse kit,,,https://www.wolseley.co.uk/wcsstore/ExtendedSitesCatalogAssetStore/images/products/AssetPush/wol-web-proof-medium-w/std.lang.all/08/21/800821_wm.jpg,,,Premier,N,,,,,,,,,,,,,,,,,REGK07,Fuse,N,Quick Blow Glass 20mm 500mA (10),,,,,,,,Quick Blow Glass 20mm 1A (10),Quick Blow Glass 20mm 2A (10),Quick Blow Glass 20mm 315A (10),Quick Blow Ceramic 20mm 4A (10),Quick Blow Glass 32mm 500mA (10),Quick Blow Glass 32mm 1A (10),Quick Blow Glass 32mm 16A (10),Quick Blow Glass 32mm 2A (10),Quick Blow Glass 32mm 3A (10),Ceramic 25mm 2A (5),Ceramic 25mm 3A (10),Ceramic 25mm 5A (10),Ceramic 25mm 13A (10),Anti-Surge Glass 20mm 1A (10),Anti-Surge Ceramic 20mm 1A (5),Anti-Surge Ceramic 32mm 16A (5),Anti-Surge Glass 20mm 125A (10),Anti-Surge Glass 20mm 315A (10),,,,,,
11,PM10008,Doncaster YY yy 0.75mm 2 core 50mtr rl per reel Grey,Doncaster,41.59,"Suitable for use as an interconnecting cable, this Doncaster YY 5.9mm power cable, supplied on a 50M reel, is manufactured for the measurement, control or regulation of the control equipment used on assembly and production lines. It is also suitable for use in conveyors or for computer units and, thanks to its flexibility, this cable is particularly recommended for linking fixed mobile equipment. Suitable for use indoors in dry or moist atmospheres, YY class 5 annealed copper cable is also well-protected enough for outdoor applications.",Trade Essentials/Electrical Essentials/Electrical Essentials.csv -> Doncaster YY yy 0.75mm 2 core 50mtr rl per reel Grey,,,https://www.wolseley.co.uk/wcsstore/ExtendedSitesCatalogAssetStore/images/products/AssetPush/wol-web-proof-medium-w/std.lang.all/00/08/NW-M10008_wm.jpg,https://www.wolseley.co.uk/wcsstore/ExtendedSitesCatalogAssetStore/images/products/AssetPush/DTP_AssetPushHighRes/std.lang.all/da/ta/Doncaster_YY_Control_Technical_Data.pdf,,,,,,,,,,,,,,,,,,,,,,,,,,,,,,,,,,,,,,,,,,,,,,,,,,,,,,
12,P408829,CEF Omega swiched metalclad fused spur 13A,CEF,17.11,"Made of tough, powder-coated steel, this CEF Omega switched fused connection unit offers a frequency of 50/60Hz.",Trade Essentials/Electrical Essentials/Electrical Essentials.csv -> CEF Omega swiched metalclad fused spur 13A,,,https://www.wolseley.co.uk/wcsstore/ExtendedSitesCatalogAssetStore/images/products/AssetPush/wol-web-proof-medium-w/std.lang.all/88/29/NW-408829_wm.jpg,https://www.wolseley.co.uk/wcsstore/ExtendedSitesCatalogAssetStore/images/products/AssetPush/DTP_AssetPushHighRes/std.lang.all/ic/al/CEF_RPP_OM13SSUM_Technical.pdf,,,,,,,,,,,,,,,,,,,,,,,,,,,,,,,,,,,,,,,,,,,,,,,,,,,,,,
13,P408682,CEF Omega switched fused spur and neon 13A,CEF,7.7,"This 230V, 13A CEF Omega switched fused connection unit is made of urea. It offers a frequency of 50/60Hz.",Trade Essentials/Electrical Essentials/Electrical Essentials.csv -> CEF Omega switched fused spur and neon 13A,,,https://www.wolseley.co.uk/wcsstore/ExtendedSitesCatalogAssetStore/images/products/AssetPush/wol-web-proof-medium-w/std.lang.all/86/82/408682_wm.jpg,,,OMEGA,N,,,,,,,,,,,,,,,,,2010-047,Switch Fused Connection Unit,N,13A fuse fitted as standard,,,,,,,1,Frequency 50/60Hz,,,,,,,,,,,,,,,,,,13,230,1,HomesKitchensGarage,,
14,P617057,Specialised Wiring butt splice 15mm Blue (100),Specialised Wiring,0.08,"These Specialised Wiring pre-insulated butt splice terminals are manufactured in a pure electrolytic copper allowing for excellent electrical conductivity. The barrel internal surfaces are rifled, for good contact with conductor strands, and terminal annealed after final machining.",Trade Essentials/Electrical Essentials/Electrical Essentials.csv -> Specialised Wiring butt splice 15mm Blue (100),,,https://www.wolseley.co.uk/wcsstore/ExtendedSitesCatalogAssetStore/images/products/AssetPush/wol-web-proof-medium-w/std.lang.all/70/57/NW-617057_wm.jpg,https://www.wolseley.co.uk/wcsstore/ExtendedSitesCatalogAssetStore/images/products/AssetPush/DTP_AssetPushHighRes/std.lang.all/_r/ev/Specialised_Wiring_Butt_Splices_Rev.pdf,,,,,,,,,,,,,,,,,,,,,,,,,,,,,,,,,,,,,,,,,,,,,,,,,,,,,,
15,P800834,Regin cable ties 250mm (Pack of 30),Regin,2.48,"Supplied in a pack of 30, Regin 250mm length cable ties are an inexpensive, simple cable management solution, allowing users to easily bunch cables for trunking or fix them neatly out of the way to minimise mess and trip hazards.",Trade Essentials/Electrical Essentials/Electrical Essentials.csv -> Regin cable ties 250mm (Pack of 30),,,https://www.wolseley.co.uk/wcsstore/ExtendedSitesCatalogAssetStore/images/products/AssetPush/wol-web-proof-medium-w/std.lang.all/08/34/NW-800834_wm.jpg,https://www.wolseley.co.uk/wcsstore/ExtendedSitesCatalogAssetStore/images/products/AssetPush/DTP_AssetPushHighRes/std.lang.all/20/16/Regin_Products_Brochure_2015-2016.pdf,,,,,,,,,,,,,,,,,,,,,,,,,,,,,,,,,,,,,,,,,,,,,,,,,,,,,,
16,P617056,Specialised Wiring butt splice 15mm Red (100),Specialised Wiring,0.07,"These Specialised Wiring pre-insulated butt splice terminals are manufactured in a pure electrolytic copper allowing for excellent electrical conductivity. The barrel internal surfaces are rifled, for good contact with conductor strands, and terminal annealed after final machining.",Trade Essentials/Electrical Essentials/Electrical Essentials.csv -> Specialised Wiring butt splice 15mm Red (100),,,https://www.wolseley.co.uk/wcsstore/ExtendedSitesCatalogAssetStore/images/products/AssetPush/wol-web-proof-medium-w/std.lang.all/70/56/NW-617056_wm.jpg,https://www.wolseley.co.uk/wcsstore/ExtendedSitesCatalogAssetStore/images/products/AssetPush/DTP_AssetPushHighRes/std.lang.all/_r/ev/Specialised_Wiring_Butt_Splices_Rev.pdf,,,,,,,,,,,,,,,,,,,,,,,,,,,,,,,,,,,,,,,,,,,,,,,,,,,,,,
17,P459246,Regin Electrical Connectors electrical connector with strain relief 3 way (1 pr),Regin,8.89,"Highly robust, this quality Regin three-way 5A electrical connector makes the wiring in boilers more efficient, meaning simpler servicing and easier maintenance. It is supplied with a strain relief for additional safety.",Trade Essentials/Electrical Essentials/Electrical Essentials.csv -> Regin Electrical Connectors electrical connector with strain relief 3 way (1 pr),,,https://www.wolseley.co.uk/wcsstore/ExtendedSitesCatalogAssetStore/images/products/AssetPush/wol-web-proof-medium-w/std.lang.all/92/46/NW-459246_wm.jpg,https://www.wolseley.co.uk/wcsstore/ExtendedSitesCatalogAssetStore/images/products/AssetPush/DTP_AssetPushHighRes/std.lang.all/al/og/Regin_Eleccon_Catalog.pdf,https://www.wolseley.co.uk/wcsstore/ExtendedSitesCatalogAssetStore/images/products/AssetPush/DTP_AssetPushHighRes/std.lang.all/ta/ll/Regin_3_or_5_way_Connector_Install.pdf,,,,,,,,,,,,,,,,,,,,,,,,,,,,,,,,,,,,,,,,,,,,,,,,,,,,,
18,PM93015,Trench medium duty cable tray 100mm x 3m,Trench,19.1,Medium Duty Pre Galvanised Cable Tray,Trade Essentials/Electrical Essentials/Electrical Essentials.csv -> Trench medium duty cable tray 100mm x 3m,,,https://www.wolseley.co.uk/wcsstore/ExtendedSitesCatalogAssetStore/images/products/AssetPush/wol-web-proof-medium-w/std.lang.all/30/15/NW-M93015_wm.jpg,https://www.wolseley.co.uk/wcsstore/ExtendedSitesCatalogAssetStore/images/products/AssetPush/DTP_AssetPushHighRes/std.lang.all/ic/al/Trench_Pre_Galv_Cable_Tray_Technical.pdf,https://www.wolseley.co.uk/wcsstore/ExtendedSitesCatalogAssetStore/images/products/AssetPush/DTP_AssetPushHighRes/std.lang.all/ha/rt/Trench_Wall_Chart.pdf,,,,,,,,,,,,,,,,,,,,,,,,,,,,,,,,,,,,,,,,,,,,,,,,,,,,,
19,PM93008,Trench medium duty cable tray 75mm x 3m,Trench,16.82,Medium Duty Pre Galvanised Cable Tray,Trade Essentials/Electrical Essentials/Electrical Essentials.csv -> Trench medium duty cable tray 75mm x 3m,,,https://www.wolseley.co.uk/wcsstore/ExtendedSitesCatalogAssetStore/images/products/AssetPush/wol-web-proof-medium-w/std.lang.all/30/08/NW-M93008_wm.jpg,https://www.wolseley.co.uk/wcsstore/ExtendedSitesCatalogAssetStore/images/products/AssetPush/DTP_AssetPushHighRes/std.lang.all/ic/al/Trench_Pre_Galv_Cable_Tray_Technical.pdf,https://www.wolseley.co.uk/wcsstore/ExtendedSitesCatalogAssetStore/images/products/AssetPush/DTP_AssetPushHighRes/std.lang.all/ha/rt/Trench_Wall_Chart.pdf,,,,,,,,,,,,,,,,,,,,,,,,,,,,,,,,,,,,,,,,,,,,,,,,,,,,,
20,P457286,Regin REQ140 quick blow glass fuse 20mm 1a (Pack of 3),Regin,1.62,3 per pack,Trade Essentials/Electrical Essentials/Electrical Essentials.csv -> Regin REQ140 quick blow glass fuse 20mm 1a (Pack of 3),,,https://www.wolseley.co.uk/wcsstore/ExtendedSitesCatalogAssetStore/images/products/AssetPush/wol-web-proof-medium-w/std.lang.all/72/86/457286_wm.jpg,,,,N,,,,,,,,,,,,,,,,,Q140,Fuse,N,1a quick blow glass fuse,,pack of 3,,,,,,20mm,,,,,,,,,,,,,,,,,,,,,,,
21,PM10001,Doncaster YY yy 1.5 4 core 50mtr rl per reel Grey,Doncaster,115.33,"Supplied in a 50M reel, this Doncaster YY 8.8mm power cable can be used as an interconnecting cable suitable for measurement, control or regulation in control equipment on assembly and production lines, in conveyors or for computer units. Highly flexible, this cable is commonly used to link fixed and mobile equipment. Well protected, YY cable can be used outdoor, however it is more commonly selected for indoor use in dry or moist conditions.",Trade Essentials/Electrical Essentials/Electrical Essentials.csv -> Doncaster YY yy 1.5 4 core 50mtr rl per reel Grey,,,https://www.wolseley.co.uk/wcsstore/ExtendedSitesCatalogAssetStore/images/products/AssetPush/wol-web-proof-medium-w/std.lang.all/00/01/NW-M10001_wm.jpg,https://www.wolseley.co.uk/wcsstore/ExtendedSitesCatalogAssetStore/images/products/AssetPush/DTP_AssetPushHighRes/std.lang.all/da/ta/Doncaster_YY_Control_Technical_Data.pdf,,,,,,,,,,,,,,,,,,,,,,,,,,,,,,,,,,,,,,,,,,,,,,,,,,,,,,
22,PM09999,Doncaster CY cy 0.75 2core scrnd 50mtr rl per reel Grey,Doncaster,57.08,"Supplied in a 50M reel, this Doncaster CY 7.3mm power cable can be used as an interconnecting cable suitable for measurement, control or regulation in control equipment on assembly and production lines, in conveyors or for computer units. Because the cable's shielding reduces electromagnetic interference, it is especially suited to data transmission tasks. Well protected, CY cable can be used outdoor, however it is more commonly selected for indoor use in dry or moist conditions.",Trade Essentials/Electrical Essentials/Electrical Essentials.csv -> Doncaster CY cy 0.75 2core scrnd 50mtr rl per reel Grey,,,https://www.wolseley.co.uk/wcsstore/ExtendedSitesCatalogAssetStore/images/products/AssetPush/wol-web-proof-medium-w/std.lang.all/00/00/NW-M09999_M10000_wm.jpg,https://www.wolseley.co.uk/wcsstore/ExtendedSitesCatalogAssetStore/images/products/AssetPush/DTP_AssetPushHighRes/std.lang.all/da/ta/Doncaster_CY_Control_Technical_Data.pdf,,,,,,,,,,,,,,,,,,,,,,,,,,,,,,,,,,,,,,,,,,,,,,,,,,,,,,
23,PM93058,Trench medium duty cable tray couplers (2),Trench,3.5,"Made of steel with a pre-galvanised finish, these Trench 177 x 33 x 25mm straight wrapover couplers are designed for medium duty cable trays. Offering a female connection, Trench wrapover couplers eliminate the need for couplers when connecting to lengths.",Trade Essentials/Electrical Essentials/Electrical Essentials.csv -> Trench medium duty cable tray couplers (2),,,https://www.wolseley.co.uk/wcsstore/ExtendedSitesCatalogAssetStore/images/products/AssetPush/wol-web-proof-medium-w/std.lang.all/30/58/NW-M93058_wm.jpg,,,,N,,,,,,,,,,,,,,,,,MDTSC,Straight Coupler,N,Pack of 2,,2,Galvanised,,,Steel,,Medium duty gauge,Pre-galvanised finish,Meets BS EN 61537: 2007 standard,For use with Trench medium duty 25mm return edge cable tray,,,,,,,,,,,,,,,,,,,177 (L) x 33 (W) x 25 mm (H),
24,PM10000,Doncaster CY cy 1.5 2core scrnd 50mtr rl per reel Grey,Doncaster,85.84,"Supplied in a 50M reel, this Doncaster CY 8.1mm power cable can be used as an interconnecting cable suitable for measurement, control or regulation in control equipment on assembly and production lines, in conveyors or for computer units. Because the cable's shielding reduces electromagnetic interference, it is especially suited to data transmission tasks. Well protected, CY cable can be used outdoor, however it is more commonly selected for indoor use in dry or moist conditions.",Trade Essentials/Electrical Essentials/Electrical Essentials.csv -> Doncaster CY cy 1.5 2core scrnd 50mtr rl per reel Grey,,,https://www.wolseley.co.uk/wcsstore/ExtendedSitesCatalogAssetStore/images/products/AssetPush/wol-web-proof-medium-w/std.lang.all/00/00/NW-M09999_M10000_wm.jpg,https://www.wolseley.co.uk/wcsstore/ExtendedSitesCatalogAssetStore/images/products/AssetPush/DTP_AssetPushHighRes/std.lang.all/da/ta/Doncaster_CY_Control_Technical_Data.pdf,,,,,,,,,,,,,,,,,,,,,,,,,,,,,,,,,,,,,,,,,,,,,,,,,,,,,,
25,PM93042,Trench medium duty cable tray 300mm x 3m,Trench,51.44,Medium Duty Pre Galvanised Cable Tray,Trade Essentials/Electrical Essentials/Electrical Essentials.csv -> Trench medium duty cable tray 300mm x 3m,,,https://www.wolseley.co.uk/wcsstore/ExtendedSitesCatalogAssetStore/images/products/AssetPush/wol-web-proof-medium-w/std.lang.all/30/42/NW-M93042_wm.jpg,https://www.wolseley.co.uk/wcsstore/ExtendedSitesCatalogAssetStore/images/products/AssetPush/DTP_AssetPushHighRes/std.lang.all/ic/al/Trench_Pre_Galv_Cable_Tray_Technical.pdf,https://www.wolseley.co.uk/wcsstore/ExtendedSitesCatalogAssetStore/images/products/AssetPush/DTP_AssetPushHighRes/std.lang.all/ha/rt/Trench_Wall_Chart.pdf,,,,,,,,,,,,,,,,,,,,,,,,,,,,,,,,,,,,,,,,,,,,,,,,,,,,,
26,PM93032,Trench medium duty cable tray 225mm x 3m,Trench,39.73,Medium Duty Pre Galvanised Cable Tray,Trade Essentials/Electrical Essentials/Electrical Essentials.csv -> Trench medium duty cable tray 225mm x 3m,,,https://www.wolseley.co.uk/wcsstore/ExtendedSitesCatalogAssetStore/images/products/AssetPush/wol-web-proof-medium-w/std.lang.all/30/32/NW-M93032_wm.jpg,https://www.wolseley.co.uk/wcsstore/ExtendedSitesCatalogAssetStore/images/products/AssetPush/DTP_AssetPushHighRes/std.lang.all/ic/al/Trench_Pre_Galv_Cable_Tray_Technical.pdf,https://www.wolseley.co.uk/wcsstore/ExtendedSitesCatalogAssetStore/images/products/AssetPush/DTP_AssetPushHighRes/std.lang.all/ha/rt/Trench_Wall_Chart.pdf,,,,,,,,,,,,,,,,,,,,,,,,,,,,,,,,,,,,,,,,,,,,,,,,,,,,,
27,P617082,Specialised Wiring ALT cable gland 10-14mm Black (1),Specialised Wiring,0.36,This Specialised Wiring ALT 20mm diameter insulated cable gland is made using polyamide for resistance to a wide variety of substances.,Trade Essentials/Electrical Essentials/Electrical Essentials.csv -> Specialised Wiring ALT cable gland 10-14mm Black (1),,,https://www.wolseley.co.uk/wcsstore/ExtendedSitesCatalogAssetStore/images/products/AssetPush/wol-web-proof-medium-w/std.lang.all/70/82/617082_wm.jpg,https://www.wolseley.co.uk/wcsstore/ExtendedSitesCatalogAssetStore/images/products/AssetPush/DTP_AssetPushHighRes/std.lang.all/og/ue/SWA_Accessories_Catalogue.pdf,,,,,,,,,,,,,,,,,,,,,,,,,,,,,,,,,,,,,,,,,,,,,,,,,,,,,,
28,P408644,F4P polyethylene strip connector 15A (1),F4P,1.85,A F4P 15A polythene strip connector.,Trade Essentials/Electrical Essentials/Electrical Essentials.csv -> F4P polyethylene strip connector 15A (1),,,https://www.wolseley.co.uk/wcsstore/ExtendedSitesCatalogAssetStore/images/products/AssetPush/wol-web-proof-medium-w/std.lang.all/86/44/NW-408644_wm.jpg,https://www.wolseley.co.uk/wcsstore/ExtendedSitesCatalogAssetStore/images/products/AssetPush/DTP_AssetPushHighRes/std.lang.all/ic/al/408644_Technical.pdf,,,,,,,,,,,,,,,,,,,,,,,,,,,,,,,,,,,,,,,,,,,,,,,,,,,,,,
29,P408730,Omegaflex OMEGA OM147P 1 gang deep plastic pattress box 45mm,Omegaflex,2.77,"Made of urea, these Omega OM147P 86 x 86mm deep pattress switch boxes include knock-outs on all sides and in the base. They are suitable for most one gang sockets and connection units.",Trade Essentials/Electrical Essentials/Electrical Essentials.csv -> Omegaflex OMEGA OM147P 1 gang deep plastic pattress box 45mm,,,https://www.wolseley.co.uk/wcsstore/ExtendedSitesCatalogAssetStore/images/products/AssetPush/wol-web-proof-medium-w/std.lang.all/87/30/NW-408730_wm.jpg,https://www.wolseley.co.uk/wcsstore/ExtendedSitesCatalogAssetStore/images/products/AssetPush/DTP_AssetPushHighRes/std.lang.all/ic/al/Omega_OM147P_Technical.pdf,,,,,,,,,,,,,,,,,,,,,,,,,,,,,,,,,,,,,,,,,,,,,,,,,,,,,,
30,P408749,CEF Omega 1 gang blank plate,CEF,0.99,"Supplied with screws, this CEF blank plate is made of urea and is suitable for wall mounting.",Trade Essentials/Electrical Essentials/Electrical Essentials.csv -> CEF Omega 1 gang blank plate,,,https://www.wolseley.co.uk/wcsstore/ExtendedSitesCatalogAssetStore/images/products/AssetPush/wol-web-proof-medium-w/std.lang.all/87/49/NW-408749_wm.jpg,https://www.wolseley.co.uk/wcsstore/ExtendedSitesCatalogAssetStore/images/products/AssetPush/DTP_AssetPushHighRes/std.lang.all/ic/al/CEF_RPP_OM1BP_Technical.pdf,,,,,,,,,,,,,,,,,,,,,,,,,,,,,,,,,,,,,,,,,,,,,,,,,,,,,,
31,P408762,Tamlex Metal Flush Knockout Boxes T1G25 1 gang deep metal KO pattress box 25mm,Tamlex,0.81,"Made of pre-galvanised steel, these Tamlex T1G25 knockout boxes are supplied with dual fixed lugs.",Trade Essentials/Electrical Essentials/Electrical Essentials.csv -> Tamlex Metal Flush Knockout Boxes T1G25 1 gang deep metal KO pattress box 25mm,,,https://www.wolseley.co.uk/wcsstore/ExtendedSitesCatalogAssetStore/images/products/AssetPush/wol-web-proof-medium-w/std.lang.all/87/62/NW-408762_wm.jpg,https://www.wolseley.co.uk/wcsstore/ExtendedSitesCatalogAssetStore/images/products/AssetPush/DTP_AssetPushHighRes/std.lang.all/ic/al/Tamlex_Steel_Boxes_Technical.pdf,,,,,,,,,,,,,,,,,,,,,,,,,,,,,,,,,,,,,,,,,,,,,,,,,,,,,,
32,P408667,CEF Omega switched connection unit 13a,CEF,6.49,"This 230V, 13A CEF Omega switched fused connection unit is made of urea and has a square edged face plate. It offers a frequency of 50/60Hz.",Trade Essentials/Electrical Essentials/Electrical Essentials.csv -> CEF Omega switched connection unit 13a,,,https://www.wolseley.co.uk/wcsstore/ExtendedSitesCatalogAssetStore/images/products/AssetPush/wol-web-proof-medium-w/std.lang.all/86/67/NW-408667_wm.jpg,https://www.wolseley.co.uk/wcsstore/ExtendedSitesCatalogAssetStore/images/products/AssetPush/DTP_AssetPushHighRes/std.lang.all/ic/al/CEF_RPP_OM13SSU_Technical.pdf,,,,,,,,,,,,,,,,,,,,,,,,,,,,,,,,,,,,,,,,,,,,,,,,,,,,,,
33,P408679,CEF Earth Clamp (1),CEF,2.53,"Suitable for use in humid or wet corrosive atmospheres, this CEF blue earth clamp is made of zinc-treated copper with phosphor bronze.",Trade Essentials/Electrical Essentials/Electrical Essentials.csv -> CEF Earth Clamp (1),,,https://www.wolseley.co.uk/wcsstore/ExtendedSitesCatalogAssetStore/images/products/AssetPush/wol-web-proof-medium-w/std.lang.all/86/79/NW-408679_wm.jpg,,,,N,,,,,,,,,,,,,,,,,0611-1751,Earth Clamp,N,Use in Corrsoive and Humid/Wet atmospheres,,1,Blue / Silver,,,Zinc treated copper and phosphor bronze,,Manufactured to BS 951:2009,Suitable for pipe diameters 12-32mm,Zinc treated copper and phosphor bronze,,,,,,,,,,,,,,,,,,,,,136 x 1 x 13mm
34,PM10986,Schneider Electric Thorsman open PVC cable grommet 20mm,Schneider Electric,0.06,"These Schneider Electric Thorsman 20mm diameter open cable grommets prevent chafing of cables fed through trunking and electrical boxes, ensuring longer, hazard-free use.",Trade Essentials/Electrical Essentials/Electrical Essentials.csv -> Schneider Electric Thorsman open PVC cable grommet 20mm,,,https://www.wolseley.co.uk/wcsstore/ExtendedSitesCatalogAssetStore/images/products/AssetPush/wol-web-proof-medium-w/std.lang.all/09/86/NW-M10986_wm.jpg,https://www.wolseley.co.uk/wcsstore/ExtendedSitesCatalogAssetStore/images/products/AssetPush/DTP_AssetPushHighRes/std.lang.all/og/ue/SE_Catalogue.pdf,https://www.wolseley.co.uk/wcsstore/ExtendedSitesCatalogAssetStore/images/products/AssetPush/DTP_AssetPushHighRes/std.lang.all/ic/al/SE_3280210_Technical.pdf,,,,,,,,,,,,,,,,,,,,,,,,,,,,,,,,,,,,,,,,,,,,,,,,,,,,,
35,P439214,Regin Bits'n'Bolts connector strip 12 way 5A (2),Regin,2.48,These Regin 12-way strip connectors are made of white polyethylene material and include brass inserts and screws.,Trade Essentials/Electrical Essentials/Electrical Essentials.csv -> Regin Bits'n'Bolts connector strip 12 way 5A (2),,,https://www.wolseley.co.uk/wcsstore/ExtendedSitesCatalogAssetStore/images/products/AssetPush/wol-web-proof-medium-w/std.lang.all/92/14/NW-439214_wm.jpg,https://www.wolseley.co.uk/wcsstore/ExtendedSitesCatalogAssetStore/images/products/AssetPush/DTP_AssetPushHighRes/std.lang.all/al/og/Regin_Eleccon_Catalog.pdf,,,,,,,,,,,,,,,,,,,,,,,,,,,,,,,,,,,,,,,,,,,,,,,,,,,,,,
36,P408664,F4P polyethylene strip connector 5A (1),F4P,1.17,A F4P 5A polythene strip connector.,Trade Essentials/Electrical Essentials/Electrical Essentials.csv -> F4P polyethylene strip connector 5A (1),,,https://www.wolseley.co.uk/wcsstore/ExtendedSitesCatalogAssetStore/images/products/AssetPush/wol-web-proof-medium-w/std.lang.all/86/64/NW-408664_wm.jpg,https://www.wolseley.co.uk/wcsstore/ExtendedSitesCatalogAssetStore/images/products/AssetPush/DTP_AssetPushHighRes/std.lang.all/ic/al/408664_Technical.pdf,,,,,,,,,,,,,,,,,,,,,,,,,,,,,,,,,,,,,,,,,,,,,,,,,,,,,,
37,PM10014,Doncaster 318-Y 3183y 1.5 5mtr coil per coil white,Doncaster,11.83,"Suitable for small to medium sized commercial or domestic electrical items, Doncaster 318-Y 9.4mm diameter ordinary duty cord is ideal for use with washing machines, televisions or toasters. Manufactured for applications where a normal risk of mechanical damage and mechanical stresses occurs, this white flexible cord is supplied on a 5M coil.",Trade Essentials/Electrical Essentials/Electrical Essentials.csv -> Doncaster 318-Y 3183y 1.5 5mtr coil per coil white,,,https://www.wolseley.co.uk/wcsstore/ExtendedSitesCatalogAssetStore/images/products/AssetPush/wol-web-proof-medium-w/std.lang.all/00/14/NW-M10014_wm.jpg,https://www.wolseley.co.uk/wcsstore/ExtendedSitesCatalogAssetStore/images/products/AssetPush/DTP_AssetPushHighRes/std.lang.all/ic/al/Doncaster_Flexible_Cord_Technical.pdf,,,,,,,,,,,,,,,,,,,,,,,,,,,,,,,,,,,,,,,,,,,,,,,,,,,,,,
38,P617083,Specialised Wiring ALT cable gland 6-12mm Light Grey (1),Specialised Wiring,0.32,This Specialised Wiring ALT 20mm diameter insulated cable gland is made using polyamide for excellent resistance to a wide variety of substances.,Trade Essentials/Electrical Essentials/Electrical Essentials.csv -> Specialised Wiring ALT cable gland 6-12mm Light Grey (1),,,https://www.wolseley.co.uk/wcsstore/ExtendedSitesCatalogAssetStore/images/products/AssetPush/wol-web-proof-medium-w/std.lang.all/70/84/NW-617083_617084_wm.jpg,https://www.wolseley.co.uk/wcsstore/ExtendedSitesCatalogAssetStore/images/products/AssetPush/DTP_AssetPushHighRes/std.lang.all/og/ue/SWA_Accessories_Catalogue.pdf,,,,,,,,,,,,,,,,,,,,,,,,,,,,,,,,,,,,,,,,,,,,,,,,,,,,,,
39,P617058,Specialised Wiring butt splice 15mm Yellow (100),Specialised Wiring,0.14,"These Specialised Wiring pre-insulated butt splice terminals are manufactured in a pure electrolytic copper allowing for excellent electrical conductivity. The barrel internal surfaces are rifled, for good contact with conductor strands, and terminal annealed after final machining.",Trade Essentials/Electrical Essentials/Electrical Essentials.csv -> Specialised Wiring butt splice 15mm Yellow (100),,,https://www.wolseley.co.uk/wcsstore/ExtendedSitesCatalogAssetStore/images/products/AssetPush/wol-web-proof-medium-w/std.lang.all/70/58/NW-617058_wm.jpg,https://www.wolseley.co.uk/wcsstore/ExtendedSitesCatalogAssetStore/images/products/AssetPush/DTP_AssetPushHighRes/std.lang.all/_r/ev/Specialised_Wiring_Butt_Splices_Rev.pdf,,,,,,,,,,,,,,,,,,,,,,,,,,,,,,,,,,,,,,,,,,,,,,,,,,,,,,
40,PM10012,Doncaster 318-Y 3182y 2co 0.75mm 50mtr rl per reel Black,Doncaster,40.34,"Suitable for small to medium sized commercial or domestic electrical items, Doncaster 318-Y 7.2mm diameter ordinary duty cord is ideal for use with washing machines, televisions or toasters. Manufactured for applications where a normal risk of mechanical damage and mechanical stresses occurs, this white flexible cord is supplied on a 5M coil.",Trade Essentials/Electrical Essentials/Electrical Essentials.csv -> Doncaster 318-Y 3182y 2co 0.75mm 50mtr rl per reel Black,,,"https://www.wolseley.co.uk/wcsstore/ExtendedSitesCatalogAssetStore/images/products/AssetPush/wol-web-proof-medium-w/std.lang.all/4-/15/E01109,M10004,12,14-15_wm.jpg",https://www.wolseley.co.uk/wcsstore/ExtendedSitesCatalogAssetStore/images/products/AssetPush/DTP_AssetPushHighRes/std.lang.all/ic/al/Doncaster_Flexible_Cord_Technical.pdf,,,,,,,,,,,,,,,,,,,,,,,,,,,,,,,,,,,,,,,,,,,,,,,,,,,,,,
41,PE01097,Doncaster 6491X single core electrical cable 10.0mm2 reel 50mtr Green/Yellow,Doncaster,4.58,"These cables are intended for installation in surface mounted or embedded conduits, or similar closed systems. These cables are suitable for use in channels with cover. Suitable for fixed protected installation in or on light fittings and inside applications, switchgear and controlgear, for voltages up to 750V a.c or up to 450V to earth d.c.. When installed in an earthed metal enclosure, cables are suitable for voltages up to 1000V a.c or up to 750V to earth d.c.",Trade Essentials/Electrical Essentials/Electrical Essentials.csv -> Doncaster 6491X single core electrical cable 10.0mm2 reel 50mtr Green/Yellow,,,https://www.wolseley.co.uk/wcsstore/ExtendedSitesCatalogAssetStore/images/products/AssetPush/wol-web-proof-medium-w/std.lang.all/10/97/NW-E01097_wm.jpg,https://www.wolseley.co.uk/wcsstore/ExtendedSitesCatalogAssetStore/images/products/AssetPush/DTP_AssetPushHighRes/std.lang.all/te/ch/Doncaster_6491X_Conduit_Cable_Tech.pdf,,,,,,,,,,,,,,,,,,,,,,,,,,,,,,,,,,,,,,,,,,,,,,,,,,,,,,
42,P617007,Specialised Wiring ring terminal 5.3mm Red (100),Specialised Wiring,0.05,"These Specialised Wiring pre-insulated ring terminals are manufactured in a pure electrolytic copper allowing for excellent electrical conductivity. The barrel internal surfaces are rifled, for good contact with conductor strands, and terminal annealed after final machining.",Trade Essentials/Electrical Essentials/Electrical Essentials.csv -> Specialised Wiring ring terminal 5.3mm Red (100),,,https://www.wolseley.co.uk/wcsstore/ExtendedSitesCatalogAssetStore/images/products/AssetPush/wol-web-proof-medium-w/std.lang.all/70/07/NW-617007_wm.jpg,https://www.wolseley.co.uk/wcsstore/ExtendedSitesCatalogAssetStore/images/products/AssetPush/DTP_AssetPushHighRes/std.lang.all/_r/ev/SWA_Ring_Terminals_Rev.pdf,,,,,,,,,,,,,,,,,,,,,,,,,,,,,,,,,,,,,,,,,,,,,,,,,,,,,,
43,PM96174,"Walraven Britclip sliding wall bracket 16-24"" (50)",Walraven,2.33,"Making mounting jobs quick and easy, these Walraven Britclips 16 - 24"" rapid sliding wall brackets are suitable for the installation of electrical boxes, conduit and pipework. Supplied in a pack of 50, these brackets can be used in stud walls and floor joists made of wood or metal.","Trade Essentials/Electrical Essentials/Electrical Essentials.csv -> Walraven Britclip sliding wall bracket 16-24"" (50)",,,https://www.wolseley.co.uk/wcsstore/ExtendedSitesCatalogAssetStore/images/products/AssetPush/wol-web-proof-medium-w/std.lang.all/61/74/NW-M96174_wm.jpg,https://www.wolseley.co.uk/wcsstore/ExtendedSitesCatalogAssetStore/images/products/AssetPush/DTP_AssetPushHighRes/std.lang.all/ic/al/Walraven_Britclips_RSWB_Technical.pdf,https://www.wolseley.co.uk/wcsstore/ExtendedSitesCatalogAssetStore/images/products/AssetPush/DTP_AssetPushHighRes/std.lang.all/te/ch/Walraven_Britclips_Wall_Bracket_Tech.pdf,,,,,,,,,,,,,,,,,,,,,,,,,,,,,,,,,,,,,,,,,,,,,,,,,,,,,
44,P617042,Specialised Wiring push on terminal male 6.3mm Red (100),Specialised Wiring,0.06,"These Specialised Wiring pre-insulated push-on male terminals are manufactured in a pure electrolytic copper allowing for excellent electrical conductivity. The barrel internal surfaces are rifled, for good contact with conductor strands, and terminal annealed after final machining.",Trade Essentials/Electrical Essentials/Electrical Essentials.csv -> Specialised Wiring push on terminal male 6.3mm Red (100),,,https://www.wolseley.co.uk/wcsstore/ExtendedSitesCatalogAssetStore/images/products/AssetPush/wol-web-proof-medium-w/std.lang.all/70/42/NW-617042_wm.jpg,https://www.wolseley.co.uk/wcsstore/ExtendedSitesCatalogAssetStore/images/products/AssetPush/DTP_AssetPushHighRes/std.lang.all/og/ue/SWA_Cable_Termination_Catalogue.pdf,,,,,,,,,,,,,,,,,,,,,,,,,,,,,,,,,,,,,,,,,,,,,,,,,,,,,,
45,PM10006,Doncaster SY sy 2.5mm 4 core 50mtr rl per reel Clear,Doncaster,229.69,"Supplied in a 50M reel, this Doncaster SY 12.5mm power cable can be used as an interconnecting cable suitable for measurement, control or regulation in control equipment on assembly and production lines, in conveyors or for computer units. Popular for building and construction, rail and transport infrastructure, transmission and automation and process control applications, this cable is occasionally used in fixed installations under light mechanical stress. Well protected, SY cable can be used outdoor, however it is more commonly selected for indoor use in dry or moist conditions.",Trade Essentials/Electrical Essentials/Electrical Essentials.csv -> Doncaster SY sy 2.5mm 4 core 50mtr rl per reel Clear,,,https://www.wolseley.co.uk/wcsstore/ExtendedSitesCatalogAssetStore/images/products/AssetPush/wol-web-proof-medium-w/std.lang.all/00/06/NW-M10005_M10006_wm.jpg,https://www.wolseley.co.uk/wcsstore/ExtendedSitesCatalogAssetStore/images/products/AssetPush/DTP_AssetPushHighRes/std.lang.all/da/ta/Doncaster_SY_Control_Technical_Data.pdf,,,,,,,,,,,,,,,,,,,,,,,,,,,,,,,,,,,,,,,,,,,,,,,,,,,,,,
46,PM10009,Doncaster SY sy 1.5mm 3 core 50mtr rl per reel Clear,Doncaster,123.73,"Suitable for use as an interconnecting cable, this Doncaster SY 10.9mm power cable, supplied on a 50M reel, is manufactured for the measurement, control or regulation of the control equipment used on assembly and production lines. It is also suitable for use in conveyors or for computer units, however it is most popularly chosen for building and construction applications, rail and transport infrastructure and for transmission and automation and process control applications. It can also be employed in fixed installations under light mechanical stress. Suitable for use indoors in dry or moist atmospheres, SY class 5 annealed copper cable is also well-protected enough for outdoor applications.",Trade Essentials/Electrical Essentials/Electrical Essentials.csv -> Doncaster SY sy 1.5mm 3 core 50mtr rl per reel Clear,,,https://www.wolseley.co.uk/wcsstore/ExtendedSitesCatalogAssetStore/images/products/AssetPush/wol-web-proof-medium-w/std.lang.all/00/10/NW-M10009_M10010_wm.jpg,https://www.wolseley.co.uk/wcsstore/ExtendedSitesCatalogAssetStore/images/products/AssetPush/DTP_AssetPushHighRes/std.lang.all/da/ta/Doncaster_SY_Control_Technical_Data.pdf,,,,,,,,,,,,,,,,,,,,,,,,,,,,,,,,,,,,,,,,,,,,,,,,,,,,,,
47,PM10013,Doncaster YY yy 2.5mm 3 core 50mtr rl per reel Grey,Doncaster,138.22,"Suitable for use as an interconnecting cable, this Doncaster YY 9mm power cable, supplied on a 50M reel, is manufactured for the measurement, control or regulation of the control equipment used on assembly and production lines. It is also suitable for use in conveyors or for computer units and, thanks to its flexibility, this cable is particularly recommended for linking fixed mobile equipment. Suitable for use indoors in dry or moist atmospheres, YY class 5 annealed copper cable is also well-protected enough for outdoor applications.",Trade Essentials/Electrical Essentials/Electrical Essentials.csv -> Doncaster YY yy 2.5mm 3 core 50mtr rl per reel Grey,,,https://www.wolseley.co.uk/wcsstore/ExtendedSitesCatalogAssetStore/images/products/AssetPush/wol-web-proof-medium-w/std.lang.all/00/13/NW-M10013_wm.jpg,https://www.wolseley.co.uk/wcsstore/ExtendedSitesCatalogAssetStore/images/products/AssetPush/DTP_AssetPushHighRes/std.lang.all/da/ta/Doncaster_YY_Control_Technical_Data.pdf,,,,,,,,,,,,,,,,,,,,,,,,,,,,,,,,,,,,,,,,,,,,,,,,,,,,,,
48,PE01086,Doncaster H6242Y 2 core electrical cable 1.5mm2 reel 100mtr Grey,Doncaster,1.8,"Supplied on a 100M reel, this Doncaster two-core 1.5mm electrical cable is suitable for light industrial and domestic wiring tasks. These cables are ideal for use as meter tails and can be installed into both dry and damp locations or for conduit, cable trunking and cable ducting applications. Additionally, they may be directly clipped or laid on cable trays, embedded or installed in free air where the risk of mechanical damage is low. They are not, however, suitable for underground laying.",Trade Essentials/Electrical Essentials/Electrical Essentials.csv -> Doncaster H6242Y 2 core electrical cable 1.5mm2 reel 100mtr Grey,,REEL OF CABLE,https://www.wolseley.co.uk/wcsstore/ExtendedSitesCatalogAssetStore/images/products/AssetPush/wol-web-proof-medium-w/std.lang.all/_v/14/V14_wm.jpg,,,,N,GREY,300/500V.,1.5,Class 1 to BS EN 60228,100 METRES,N/A,REEL,Plain annealed copper,PVC Type TI1 to BS EN 50363-3,2,1,-15°C to 70,4.7 x 8.6,PVC TYPE 6 to BS7655-4-2,1.38,BS6004,H6242Y1.5G100 .,PVC Insulated and PVC Sheathed cable with bare CPC,N,100M reel,,,,,,,,Grey colour,Plain annealed copper conductor,PVC sheathed with bare wire,Insulated,Circuit protective conductor 300/500V,PVC type to BS 7655-4-2,Meets BS 6004:2012,Class 1 to BS EN 60228,,,,,,,,,,,,,,,,
49,PE01087,Doncaster 6241Y single core electrical cable 1.0mm2 reel 100mtr Brown/Grey,Doncaster,1.11,"Supplied on a 100M reel, this Doncaster two-core 1.0mm electrical cable is suitable for light industrial and domestic wiring tasks. These cables are ideal for use as meter tails and can be installed into both dry and damp locations or for conduit, cable trunking and cable ducting applications. Additionally, they may be directly clipped or laid on cable trays, embedded or installed in free air where the risk of mechanical damage is low. They are not, however, suitable for underground laying.",Trade Essentials/Electrical Essentials/Electrical Essentials.csv -> Doncaster 6241Y single core electrical cable 1.0mm2 reel 100mtr Brown/Grey,,REEL OF CABLE,https://www.wolseley.co.uk/wcsstore/ExtendedSitesCatalogAssetStore/images/products/AssetPush/wol-web-proof-medium-w/std.lang.all/_v/15/V15_wm.jpg,,,,N,GREY,300/500V.,1.0,Class 1 to BS EN 60228,100 METRES,N/A,REEL,Plain annealed copper,PVC Type TI1 to BS EN 50363-3,1,1,-15°C to 70,5.2 x 6.4,PVC TYPE 6 to BS7655-4-2,1.13,BS6004,6241Y1.0BR/G100,PVC Insulated and PVC Sheathed cable with bare CPC,N,100M reel,,,,,,,,Brown/grey colour,Plain annealed copper conductor,PVC sheathed with bare wire,Insulated,Circuit protective conductor 300/500V,PVC type to BS 7655-4-2,Meets BS 6004:2012,Class 1 to BS EN 60228,,,,,,,,,,,,,,,,
50,P617012,Specialised Wiring ring terminal 6.5mm Blue (100),Specialised Wiring,0.08,"These Specialised Wiring pre-insulated ring terminals are manufactured in a pure electrolytic copper allowing for excellent electrical conductivity. The barrel internal surfaces are rifled, for good contact with conductor strands, and terminal annealed after final machining.",Trade Essentials/Electrical Essentials/Electrical Essentials.csv -> Specialised Wiring ring terminal 6.5mm Blue (100),,,https://www.wolseley.co.uk/wcsstore/ExtendedSitesCatalogAssetStore/images/products/AssetPush/wol-web-proof-medium-w/std.lang.all/70/12/NW-617011_617012_wm.jpg,https://www.wolseley.co.uk/wcsstore/ExtendedSitesCatalogAssetStore/images/products/AssetPush/DTP_AssetPushHighRes/std.lang.all/_r/ev/SWA_Ring_Terminals_Rev.pdf,,,,,,,,,,,,,,,,,,,,,,,,,,,,,,,,,,,,,,,,,,,,,,,,,,,,,,
51,P617084,Specialised Wiring ALT cable gland 10-14mm Light Grey (1),Specialised Wiring,0.36,This Specialised Wiring ALT 20mm diameter insulated cable gland is made using polyamide for resistance to a wide variety of substances.,Trade Essentials/Electrical Essentials/Electrical Essentials.csv -> Specialised Wiring ALT cable gland 10-14mm Light Grey (1),,,https://www.wolseley.co.uk/wcsstore/ExtendedSitesCatalogAssetStore/images/products/AssetPush/wol-web-proof-medium-w/std.lang.all/70/84/NW-617083_617084_wm.jpg,https://www.wolseley.co.uk/wcsstore/ExtendedSitesCatalogAssetStore/images/products/AssetPush/DTP_AssetPushHighRes/std.lang.all/og/ue/SWA_Accessories_Catalogue.pdf,,,,,,,,,,,,,,,,,,,,,,,,,,,,,,,,,,,,,,,,,,,,,,,,,,,,,,
52,PM93053,Trench mediun duty cable tray 450mm x 3m,Trench,87.87,Medium Duty Pre Galvanised Cable Tray,Trade Essentials/Electrical Essentials/Electrical Essentials.csv -> Trench mediun duty cable tray 450mm x 3m,,,https://www.wolseley.co.uk/wcsstore/ExtendedSitesCatalogAssetStore/images/products/AssetPush/wol-web-proof-medium-w/std.lang.all/30/53/NW-M93053_wm.jpg,https://www.wolseley.co.uk/wcsstore/ExtendedSitesCatalogAssetStore/images/products/AssetPush/DTP_AssetPushHighRes/std.lang.all/ic/al/Trench_Pre_Galv_Cable_Tray_Technical.pdf,https://www.wolseley.co.uk/wcsstore/ExtendedSitesCatalogAssetStore/images/products/AssetPush/DTP_AssetPushHighRes/std.lang.all/ha/rt/Trench_Wall_Chart.pdf,,,,,,,,,,,,,,,,,,,,,,,,,,,,,,,,,,,,,,,,,,,,,,,,,,,,,
53,PM10007,Doncaster YY 3 core 550mtr rl per reel Grey,Doncaster,86.02,"Suitable for use as an interconnecting cable, this Doncaster YY 8.2mm power cable, supplied on a 550M reel, is manufactured for the measurement, control or regulation of the control equipment used on assembly and production lines. It is also suitable for use in conveyors or for computer units and, thanks to its flexibility, this cable is particularly recommended for linking fixed mobile equipment. Suitable for use indoors in dry or moist atmospheres, YY class 5 annealed copper cable is also well-protected enough for outdoor applications.",Trade Essentials/Electrical Essentials/Electrical Essentials.csv -> Doncaster YY 3 core 550mtr rl per reel Grey,,,https://www.wolseley.co.uk/wcsstore/ExtendedSitesCatalogAssetStore/images/products/AssetPush/wol-web-proof-medium-w/std.lang.all/00/07/NW-M10007_wm.jpg,https://www.wolseley.co.uk/wcsstore/ExtendedSitesCatalogAssetStore/images/products/AssetPush/DTP_AssetPushHighRes/std.lang.all/da/ta/Doncaster_YY_Control_Technical_Data.pdf,,,,,,,,,,,,,,,,,,,,,,,,,,,,,,,,,,,,,,,,,,,,,,,,,,,,,,
54,PM09998,Doncaster SY sy 1.5mm 4 core 50mtr rl per reel Clear,Doncaster,154.68,"Supplied in a 50M reel, this Doncaster SY 11.5mm power cable can be used as an interconnecting cable suitable for measurement, control or regulation in control equipment on assembly and production lines, in conveyors or for computer units. Popular for building and construction, rail and transport infrastructure, transmission and automation and process control applications, this cable is occasionally used in fixed installations under light mechanical stress. Well protected, SY cable can be used outdoor, however it is more commonly selected for indoor use in dry or moist conditions.",Trade Essentials/Electrical Essentials/Electrical Essentials.csv -> Doncaster SY sy 1.5mm 4 core 50mtr rl per reel Clear,,,https://www.wolseley.co.uk/wcsstore/ExtendedSitesCatalogAssetStore/images/products/AssetPush/wol-web-proof-medium-w/std.lang.all/99/98/NW-M09998_wm.jpg,https://www.wolseley.co.uk/wcsstore/ExtendedSitesCatalogAssetStore/images/products/AssetPush/DTP_AssetPushHighRes/std.lang.all/da/ta/Doncaster_SY_Control_Technical_Data.pdf,,,,,,,,,,,,,,,,,,,,,,,,,,,,,,,,,,,,,,,,,,,,,,,,,,,,,,
55,PM10005,Doncaster SY sy 2.5mm 3 core 50mtr rl per reel Clear,Doncaster,183.14,"Supplied in a 50M reel, this Doncaster SY 11.7mm power cable can be used as an interconnecting cable suitable for measurement, control or regulation in control equipment on assembly and production lines, in conveyors or for computer units. Popular for building and construction, rail and transport infrastructure, transmission and automation and process control applications, this cable is occasionally used in fixed installations under light mechanical stress. Well protected, SY cable can be used outdoor, however it is more commonly selected for indoor use in dry or moist conditions.",Trade Essentials/Electrical Essentials/Electrical Essentials.csv -> Doncaster SY sy 2.5mm 3 core 50mtr rl per reel Clear,,,https://www.wolseley.co.uk/wcsstore/ExtendedSitesCatalogAssetStore/images/products/AssetPush/wol-web-proof-medium-w/std.lang.all/00/06/NW-M10005_M10006_wm.jpg,https://www.wolseley.co.uk/wcsstore/ExtendedSitesCatalogAssetStore/images/products/AssetPush/DTP_AssetPushHighRes/std.lang.all/da/ta/Doncaster_SY_Control_Technical_Data.pdf,,,,,,,,,,,,,,,,,,,,,,,,,,,,,,,,,,,,,,,,,,,,,,,,,,,,,,
56,PE01115,Doncaster 3184Y 4 core electrical cable 0.75mm2 reel 100mtr White,Doncaster,1.8,"Ordinary duty flexible cords are used where the risk of mechanical damage and mechanical stresses is normal, i.e. when cables are subject to low mechanical stresses in the areas of application, and the risk of mechanical damage is low, as is the case to be expected in the normal use of small to medium size equipment in domestic and commercial as well as in light industrial premises. Examples of appliances that use ordinary duty flexible cords include vacuum cleaners, toasters, washing machines, refrigerators, dryers and televisions.",Trade Essentials/Electrical Essentials/Electrical Essentials.csv -> Doncaster 3184Y 4 core electrical cable 0.75mm2 reel 100mtr White,,,https://www.wolseley.co.uk/wcsstore/ExtendedSitesCatalogAssetStore/images/products/AssetPush/wol-web-proof-medium-w/std.lang.all/11/15/NW-E01113_E01115_wm.jpg,https://www.wolseley.co.uk/wcsstore/ExtendedSitesCatalogAssetStore/images/products/AssetPush/DTP_AssetPushHighRes/std.lang.all/ic/al/Doncaster_318_Y_Cables_Technical.pdf,,,,,,,,,,,,,,,,,,,,,,,,,,,,,,,,,,,,,,,,,,,,,,,,,,,,,,
57,PM10003,Doncaster CY cy 1.5 4core scrnd 50mtr rl per reel Grey,Doncaster,150.68,"Supplied in a 50M reel, this Doncaster CY 9.2mm power cable can be used as an interconnecting cable suitable for measurement, control or regulation in control equipment on assembly and production lines, in conveyors or for computer units. Because the cable's shielding reduces electromagnetic interference, it is especially suited to data transmission tasks. Well protected, CY cable can be used outdoor, however it is more commonly selected for indoor use in dry or moist conditions.",Trade Essentials/Electrical Essentials/Electrical Essentials.csv -> Doncaster CY cy 1.5 4core scrnd 50mtr rl per reel Grey,,,https://www.wolseley.co.uk/wcsstore/ExtendedSitesCatalogAssetStore/images/products/AssetPush/wol-web-proof-medium-w/std.lang.all/00/03/NW-M10003_wm.jpg,https://www.wolseley.co.uk/wcsstore/ExtendedSitesCatalogAssetStore/images/products/AssetPush/DTP_AssetPushHighRes/std.lang.all/da/ta/Doncaster_CY_Control_Technical_Data.pdf,,,,,,,,,,,,,,,,,,,,,,,,,,,,,,,,,,,,,,,,,,,,,,,,,,,,,,
58,PE01131,Doncaster 3185Y 5 core electrical cable 0.75mm2 reel 100mtr White,Doncaster,2.32,"Ordinary duty flexible cords are used where the risk of mechanical damage and mechanical stresses is normal, i.e. when cables are subject to low mechanical stresses in the areas of application, and the risk of mechanical damage is low, as is the case to be expected in the normal use of small to medium size equipment in domestic and commercial as well as in light industrial premises. Examples of appliances that use ordinary duty flexible cords include vacuum cleaners, toasters, washing machines, refrigerators, dryers and televisions.",Trade Essentials/Electrical Essentials/Electrical Essentials.csv -> Doncaster 3185Y 5 core electrical cable 0.75mm2 reel 100mtr White,,,https://www.wolseley.co.uk/wcsstore/ExtendedSitesCatalogAssetStore/images/products/AssetPush/wol-web-proof-medium-w/std.lang.all/11/31/NW-E01131_wm.jpg,https://www.wolseley.co.uk/wcsstore/ExtendedSitesCatalogAssetStore/images/products/AssetPush/DTP_AssetPushHighRes/std.lang.all/ic/al/Doncaster_318_Y_Cables_Technical.pdf,,,,,,,,,,,,,,,,,,,,,,,,,,,,,,,,,,,,,,,,,,,,,,,,,,,,,,
59,PM10011,Doncaster CY cy 1.0 2core scrnd 50mtr rl per reel Grey,Doncaster,68.88,"Suitable for use as an interconnecting cable, this Doncaster CY 7.5mm power cable, supplied on a 50M reel, is manufactured for the measurement, control or regulation of the control equipment used on assembly and production lines. It is also suitable for use in conveyors or for computer units and, with shielding that will reduce electromagnetic interference, this cable is particularly recommended for use in data transmission. Suitable for use indoors in dry or moist atmospheres, CY class 5 annealed copper cable is also well-protected enough for outdoor applications.",Trade Essentials/Electrical Essentials/Electrical Essentials.csv -> Doncaster CY cy 1.0 2core scrnd 50mtr rl per reel Grey,,,https://www.wolseley.co.uk/wcsstore/ExtendedSitesCatalogAssetStore/images/products/AssetPush/wol-web-proof-medium-w/std.lang.all/00/11/NW-M10011_wm.jpg,https://www.wolseley.co.uk/wcsstore/ExtendedSitesCatalogAssetStore/images/products/AssetPush/DTP_AssetPushHighRes/std.lang.all/da/ta/Doncaster_CY_Control_Technical_Data.pdf,,,,,,,,,,,,,,,,,,,,,,,,,,,,,,,,,,,,,,,,,,,,,,,,,,,,,,
60,P617011,Specialised Wiring ring terminal 5.3mm Blue (100),Specialised Wiring,0.06,"These Specialised Wiring pre-insulated ring terminals are manufactured in a pure electrolytic copper allowing for excellent electrical conductivity. The barrel internal surfaces are rifled, for good contact with conductor strands, and terminal annealed after final machining.",Trade Essentials/Electrical Essentials/Electrical Essentials.csv -> Specialised Wiring ring terminal 5.3mm Blue (100),,,https://www.wolseley.co.uk/wcsstore/ExtendedSitesCatalogAssetStore/images/products/AssetPush/wol-web-proof-medium-w/std.lang.all/70/12/NW-617011_617012_wm.jpg,https://www.wolseley.co.uk/wcsstore/ExtendedSitesCatalogAssetStore/images/products/AssetPush/DTP_AssetPushHighRes/std.lang.all/_r/ev/SWA_Ring_Terminals_Rev.pdf,,,,,,,,,,,,,,,,,,,,,,,,,,,,,,,,,,,,,,,,,,,,,,,,,,,,,,
61,P617081,Specialised Wiring ALT cable gland 6-12mm Black (1),Specialised Wiring,0.32,This Specialised Wiring ALT 20mm diameter insulated cable gland is made using brass for excellent resistance to a wide variety of substances.,Trade Essentials/Electrical Essentials/Electrical Essentials.csv -> Specialised Wiring ALT cable gland 6-12mm Black (1),,,https://www.wolseley.co.uk/wcsstore/ExtendedSitesCatalogAssetStore/images/products/AssetPush/wol-web-proof-medium-w/std.lang.all/70/81/617081_wm.jpg,https://www.wolseley.co.uk/wcsstore/ExtendedSitesCatalogAssetStore/images/products/AssetPush/DTP_AssetPushHighRes/std.lang.all/og/ue/SWA_Accessories_Catalogue.pdf,,,,,,,,,,,,,,,,,,,,,,,,,,,,,,,,,,,,,,,,,,,,,,,,,,,,,,
62,P617043,Specialised Wiring push on terminal female 6.3mm Blue (100),Specialised Wiring,0.08,"These Specialised Wiring pre-insulated push-on female terminals are manufactured in a pure electrolytic copper allowing for excellent electrical conductivity. The barrel internal surfaces are rifled, for good contact with conductor strands, and terminal annealed after final machining.",Trade Essentials/Electrical Essentials/Electrical Essentials.csv -> Specialised Wiring push on terminal female 6.3mm Blue (100),,,https://www.wolseley.co.uk/wcsstore/ExtendedSitesCatalogAssetStore/images/products/AssetPush/wol-web-proof-medium-w/std.lang.all/70/43/NW-617043_wm.jpg,https://www.wolseley.co.uk/wcsstore/ExtendedSitesCatalogAssetStore/images/products/AssetPush/DTP_AssetPushHighRes/std.lang.all/og/ue/SWA_Cable_Termination_Catalogue.pdf,,,,,,,,,,,,,,,,,,,,,,,,,,,,,,,,,,,,,,,,,,,,,,,,,,,,,,
63,PE01090,Doncaster 3093Y 3 core heat resisting electrical cable 1.5mm per metre,Doncaster,2.93,"Heat resisting ordinary duty flexible cords are used where the risk of mechanical damage and mechanical stresses is normal, i.e. when cables are subject to low mechanical stresses in the areas of application, and the risk of mechanical damage is low, as is the case to be expected in the normal use of small to medium size equipment in domestic and commercial as well as in light industrial premises. Examples of appliances that use heat resisting ordinary duty flexible cords are portable tools, immersion heaters, washing machines, cookers and refrigerators; especially in higher temperature zones.",Trade Essentials/Electrical Essentials/Electrical Essentials.csv -> Doncaster 3093Y 3 core heat resisting electrical cable 1.5mm per metre,,,https://www.wolseley.co.uk/wcsstore/ExtendedSitesCatalogAssetStore/images/products/AssetPush/wol-web-proof-medium-w/std.lang.all/10/91/NW-E01090_E01091_wm.jpg,https://www.wolseley.co.uk/wcsstore/ExtendedSitesCatalogAssetStore/images/products/AssetPush/DTP_AssetPushHighRes/std.lang.all/ic/al/Doncaster_309_Y_Cables_Technical.pdf,,,,,,,,,,,,,,,,,,,,,,,,,,,,,,,,,,,,,,,,,,,,,,,,,,,,,,
64,PN90757,Marshall Tufflex MMT5 mini trunking 20 x 25mm,Marshall Tufflex,13.09,"Protecting cables while also offering space for other electrical equipment, Marshall Tufflex MMT5WH 20 x 25mm mini trunking is supplied in a 3M length. Finished in simple, clean white, this trunking is made of unplasticised polyvinyl chloride, or PVC-u and includes pre-galvanised surface protection.",Trade Essentials/Electrical Essentials/Electrical Essentials.csv -> Marshall Tufflex MMT5 mini trunking 20 x 25mm,,,https://www.wolseley.co.uk/wcsstore/ExtendedSitesCatalogAssetStore/images/products/AssetPush/wol-web-proof-medium-w/std.lang.all/07/57/NW-N90757_wm.jpg,https://www.wolseley.co.uk/wcsstore/ExtendedSitesCatalogAssetStore/images/products/AssetPush/DTP_AssetPushHighRes/std.lang.all/og/ue/MarshallTufflex_PVCU_Trunk_Catalogue.pdf,,,,,,,,,,,,,,,,,,,,,,,,,,,,,,,,,,,,,,,,,,,,,,,,,,,,,,
65,PE01104,Doncaster 3093Y 3093Y 3 core heat resisting electrical cable 2.5mm2 reel 50mtr White,Doncaster,4.96,"Heat resisting ordinary duty flexible cords are used where the risk of mechanical damage and mechanical stresses is normal, i.e. when cables are subject to low mechanical stresses in the areas of application, and the risk of mechanical damage is low, as is the case to be expected in the normal use of small to medium size equipment in domestic and commercial as well as in light industrial premises. Examples of appliances that use heat resisting ordinary duty flexible cords are portable tools, immersion heaters, washing machines, cookers and refrigerators; especially in higher temperature zones.",Trade Essentials/Electrical Essentials/Electrical Essentials.csv -> Doncaster 3093Y 3093Y 3 core heat resisting electrical cable 2.5mm2 reel 50mtr White,,,https://www.wolseley.co.uk/wcsstore/ExtendedSitesCatalogAssetStore/images/products/AssetPush/wol-web-proof-medium-w/std.lang.all/11/04/NW-E01104_wm.jpg,https://www.wolseley.co.uk/wcsstore/ExtendedSitesCatalogAssetStore/images/products/AssetPush/DTP_AssetPushHighRes/std.lang.all/ic/al/Doncaster_309_Y_Cables_Technical.pdf,,,,,,,,,,,,,,,,,,,,,,,,,,,,,,,,,,,,,,,,,,,,,,,,,,,,,,
66,P408823,Omegaflex Junction Boxes 4-terminal small junction box 20A (1 per Pack),Omegaflex,2.25,"Made of a white thermoset urea, this 27mm height Omega 60mm diameter four terminal junction box is suitable for downlighters used in domestic, commercial or industrial premises.",Trade Essentials/Electrical Essentials/Electrical Essentials.csv -> Omegaflex Junction Boxes 4-terminal small junction box 20A (1 per Pack),,,https://www.wolseley.co.uk/wcsstore/ExtendedSitesCatalogAssetStore/images/products/AssetPush/wol-web-proof-medium-w/std.lang.all/88/23/408823_wm.jpg,,,Junction Boxes,N,,,,,,,,,,,,,,,,,0106-8043,Junction Box,N,Optional entry positions,,1 per Pack,White,,,Thermoset Urea,,With pillar-type terminals,Suitable for downlighters,Suitable for domestic use,Suitable for commercial and industrial use,,,,,,,,,,,,,,,,,,DomesticIndustrialCommercial,60 mm (Dia) x 27 mm (H),
67,P408696,Omegaflex OMEGA 3 terminal junction box 30a (10),Omegaflex,2.83,This 30A rated Omega junction box is made of thermoset urea and offers three pillar-type terminals.,Trade Essentials/Electrical Essentials/Electrical Essentials.csv -> Omegaflex OMEGA 3 terminal junction box 30a (10),,,https://www.wolseley.co.uk/wcsstore/ExtendedSitesCatalogAssetStore/images/products/AssetPush/wol-web-proof-medium-w/std.lang.all/86/96/NW-408696_wm.jpg,,,OMEGA,N,,,,,,,,,,,,,,,,,2748-6988,Junction Box,N,30A current rating,,10,White,,,Thermoset Urea,,Surface-mounted,3x pillar-type terminals,Optional entry positions,CE compliant 93/68/EEC,Meets BS EN 9001 standard,,,,,,,,,,,,,,,,,,90 (Dia) x 90 (W) x 38 mm (D),
68,P617035,Specialised Wiring UPVC Fixing Band 12mm x 10mtr Galvanised Steel,Specialised Wiring,19.22,"Offering hidden inner strength, this Specialised Wiring 10M all round fixing band has a hardwearing galvanised finish. Pre-wired, this strong, versatile band minimises waste.",Trade Essentials/Electrical Essentials/Electrical Essentials.csv -> Specialised Wiring UPVC Fixing Band 12mm x 10mtr Galvanised Steel,,,https://www.wolseley.co.uk/wcsstore/ExtendedSitesCatalogAssetStore/images/products/AssetPush/wol-web-proof-medium-w/std.lang.all/70/35/NW-617035_wm.jpg,https://www.wolseley.co.uk/wcsstore/ExtendedSitesCatalogAssetStore/images/products/AssetPush/DTP_AssetPushHighRes/std.lang.all/og/ue/SWA_Fixing-Band_Catalogue.pdf,https://www.wolseley.co.uk/wcsstore/ExtendedSitesCatalogAssetStore/images/products/AssetPush/DTP_AssetPushHighRes/std.lang.all/ic/al/SWA_Fixing-Band_Technical.pdf,,,,,,,,,,,,,,,,,,,,,,,,,,,,,,,,,,,,,,,,,,,,,,,,,,,,,
69,P617044,Specialised Wiring push on terminal male 6.3mm Blue (100),Specialised Wiring,0.07,"These Specialised Wiring pre-insulated push-on male terminals are manufactured in a pure electrolytic copper allowing for excellent electrical conductivity. The barrel internal surfaces are rifled, for good contact with conductor strands, and terminal annealed after final machining.",Trade Essentials/Electrical Essentials/Electrical Essentials.csv -> Specialised Wiring push on terminal male 6.3mm Blue (100),,,https://www.wolseley.co.uk/wcsstore/ExtendedSitesCatalogAssetStore/images/products/AssetPush/wol-web-proof-medium-w/std.lang.all/70/44/NW-617044_wm.jpg,https://www.wolseley.co.uk/wcsstore/ExtendedSitesCatalogAssetStore/images/products/AssetPush/DTP_AssetPushHighRes/std.lang.all/og/ue/SWA_Cable_Termination_Catalogue.pdf,,,,,,,,,,,,,,,,,,,,,,,,,,,,,,,,,,,,,,,,,,,,,,,,,,,,,,
70,PE01114,Doncaster 3093Y 3093Y 3 core heat resisting electrical cable 1.0mm2 reel 50mtr White,Doncaster,2.12,"Heat resisting ordinary duty flexible cords are used where the risk of mechanical damage and mechanical stresses is normal, i.e. when cables are subject to low mechanical stresses in the areas of application, and the risk of mechanical damage is low, as is the case to be expected in the normal use of small to medium size equipment in domestic and commercial as well as in light industrial premises. Examples of appliances that use heat resisting ordinary duty flexible cords are portable tools, immersion heaters, washing machines, cookers and refrigerators; especially in higher temperature zones.",Trade Essentials/Electrical Essentials/Electrical Essentials.csv -> Doncaster 3093Y 3093Y 3 core heat resisting electrical cable 1.0mm2 reel 50mtr White,,,https://www.wolseley.co.uk/wcsstore/ExtendedSitesCatalogAssetStore/images/products/AssetPush/wol-web-proof-medium-w/std.lang.all/11/15/NW-E01113_E01115_wm.jpg,https://www.wolseley.co.uk/wcsstore/ExtendedSitesCatalogAssetStore/images/products/AssetPush/DTP_AssetPushHighRes/std.lang.all/ic/al/Doncaster_309_Y_Cables_Technical.pdf,,,,,,,,,,,,,,,,,,,,,,,,,,,,,,,,,,,,,,,,,,,,,,,,,,,,,,
71,P617041,Specialised Wiring push on terminal female 6.3mm Red (100),Specialised Wiring,0.07,"These Specialised Wiring pre-insulated push-on female terminals are manufactured in a pure electrolytic copper allowing for excellent electrical conductivity. The barrel internal surfaces are rifled, for good contact with conductor strands, and terminal annealed after final machining.",Trade Essentials/Electrical Essentials/Electrical Essentials.csv -> Specialised Wiring push on terminal female 6.3mm Red (100),,,https://www.wolseley.co.uk/wcsstore/ExtendedSitesCatalogAssetStore/images/products/AssetPush/wol-web-proof-medium-w/std.lang.all/70/41/NW-617041_wm.jpg,https://www.wolseley.co.uk/wcsstore/ExtendedSitesCatalogAssetStore/images/products/AssetPush/DTP_AssetPushHighRes/std.lang.all/og/ue/SWA_Cable_Termination_Catalogue.pdf,,,,,,,,,,,,,,,,,,,,,,,,,,,,,,,,,,,,,,,,,,,,,,,,,,,,,,
72,PE01113,Doncaster 3183Y 3183Y 3 core electrical cable 0.75mm2 reel 50mtr White,Doncaster,1.43,"Ordinary duty flexible cords are used where the risk of mechanical damage and mechanical stresses is normal, i.e. when cables are subject to low mechanical stresses in the areas of application, and the risk of mechanical damage is low, as is the case to be expected in the normal use of small to medium size equipment in domestic and commercial as well as in light industrial premises. Examples of appliances that use ordinary duty flexible cords include vacuum cleaners, toasters, washing machines, refrigerators, dryers and televisions.",Trade Essentials/Electrical Essentials/Electrical Essentials.csv -> Doncaster 3183Y 3183Y 3 core electrical cable 0.75mm2 reel 50mtr White,,,https://www.wolseley.co.uk/wcsstore/ExtendedSitesCatalogAssetStore/images/products/AssetPush/wol-web-proof-medium-w/std.lang.all/11/15/NW-E01113_E01115_wm.jpg,https://www.wolseley.co.uk/wcsstore/ExtendedSitesCatalogAssetStore/images/products/AssetPush/DTP_AssetPushHighRes/std.lang.all/ic/al/Doncaster_318_Y_Cables_Technical.pdf,,,,,,,,,,,,,,,,,,,,,,,,,,,,,,,,,,,,,,,,,,,,,,,,,,,,,,
