,pid,Title,Brand,Price,Description,category,mfpartnumber,whatisincluded,Image,Attachment 1,Attachment 2,Attachment 3,Attachment 4,Attachment 5,Colour,Connection Size,Connection Type,Diameter,Range,Warranty,Weight,Hazardous,Material,Standards,Supplier Product Code,Type,WEEE Compliant,Feature 1,Feature 2,Feature 3,Feature 4,Feature 5,Feature 6,Feature 7,Feature 8,Feature 9
0,PF15276,"Center CB 90deg Swept Tee 90 degree swept tee 1.1/2"" White",Center CB,1.0,"Center CB swept tee is made of ABS. The Center ABS solvent weld waste range is perfectly suited for connections from sanitary appliances to either a soil stack or a back inlet drain gully. Constructing a perfect, permanent joint is made easy through the simple application of a solvent weld cement to the pipe spigot and the fitting socket.","Drainage/Waste Pipe and Fittings/Waste Pipe Branches/Waste Pipe Branches.csv -> Center CB 90deg Swept Tee 90 degree swept tee 1.1/2"" White",,,https://www.wolseley.co.uk/wcsstore/ExtendedSitesCatalogAssetStore/images/products/AssetPush/wol-web-proof-medium-w/std.lang.all/52/76/NW-F15276_wm.jpg,https://www.wolseley.co.uk/wcsstore/ExtendedSitesCatalogAssetStore/images/products/AssetPush/DTP_AssetPushHighRes/std.lang.all/20/19/Center_CB_DrainageProductGuide_2019.pdf,,,,,,,,,,,,,,,,,,,,,,,,,,
1,PF15296,"Center CB 90deg Swept Tee 90 degree swept tee 2"" White",Center CB,1.88,"Center CB swept tee is made of ABS. The Center ABS solvent weld waste range is perfectly suited for connections from sanitary appliances to either a soil stack or a back inlet drain gully. Constructing a perfect, permanent joint is made easy through the simple application of a solvent weld cement to the pipe spigot and the fitting socket.","Drainage/Waste Pipe and Fittings/Waste Pipe Branches/Waste Pipe Branches.csv -> Center CB 90deg Swept Tee 90 degree swept tee 2"" White",,,https://www.wolseley.co.uk/wcsstore/ExtendedSitesCatalogAssetStore/images/products/AssetPush/wol-web-proof-medium-w/std.lang.all/52/96/NW-F15296_wm.jpg,https://www.wolseley.co.uk/wcsstore/ExtendedSitesCatalogAssetStore/images/products/AssetPush/DTP_AssetPushHighRes/std.lang.all/20/19/Center_CB_DrainageProductGuide_2019.pdf,,,,,,,,,,,,,,,,,,,,,,,,,,
2,PF13520,Center CB Compression Tee compression tee 40mm,Center CB,3.38,"Center CB compression tee is made of polypropylene. The Center compression waste range is the system of choice for many installers. Designed with a universal jointing system, this quick fitting system enables easy connections to new and existing plastic or copper waste pipes. Constructed from white polypropylene for exceptional strength and durability.",Drainage/Waste Pipe and Fittings/Waste Pipe Branches/Waste Pipe Branches.csv -> Center CB Compression Tee compression tee 40mm,,,https://www.wolseley.co.uk/wcsstore/ExtendedSitesCatalogAssetStore/images/products/AssetPush/wol-web-proof-medium-w/std.lang.all/35/20/NW-F13520_wm.jpg,https://www.wolseley.co.uk/wcsstore/ExtendedSitesCatalogAssetStore/images/products/AssetPush/DTP_AssetPushHighRes/std.lang.all/20/19/Center_CB_DrainageProductGuide_2019.pdf,,,,,,,,,,,,,,,,,,,,,,,,,,
3,PQ66449,Wavin Wavin OsmaSoil 87.5deg single branch 110mm White,Wavin,52.51,"Made of white PVC-u, this Wavin OsmaSoil 110mm 87.5° single branch with socket x socket x plain end connections is suitable for use in both domestic and commercial installations.",Drainage/Waste Pipe and Fittings/Waste Pipe Branches/Waste Pipe Branches.csv -> Wavin Wavin OsmaSoil 87.5deg single branch 110mm White,,,https://www.wolseley.co.uk/wcsstore/ExtendedSitesCatalogAssetStore/images/products/AssetPush/wol-web-proof-medium-w/std.lang.all/64/49/NW-Q66449_wm.jpg,https://www.wolseley.co.uk/wcsstore/ExtendedSitesCatalogAssetStore/images/products/AssetPush/DTP_AssetPushHighRes/std.lang.all/ti/on/Wavin_Osma_Soil-Waste_Installation.pdf,https://www.wolseley.co.uk/wcsstore/ExtendedSitesCatalogAssetStore/images/products/AssetPush/DTP_AssetPushHighRes/std.lang.all/ms/ds/Wavin_PVC_U_Pipe_&_Fittings_MSDS.pdf,https://www.wolseley.co.uk/wcsstore/ExtendedSitesCatalogAssetStore/images/products/AssetPush/DTP_AssetPushHighRes/std.lang.all/ca/te/Wavin_OsmaSoil_Waste_Certificate.pdf,,,,,,,,,,,,,,,,,,,,,,,,
4,PQ66899,Wavin Wavin OsmaSoil PVC-U double branch 90 deg 110 x 110mm White,Wavin,131.32,"Made of white PVC-u, this Wavin OsmaSoil 110 x 100mm 90° double branch with socket x plain end x socket x socket connections is suitable for use in both domestic and commercial installations.",Drainage/Waste Pipe and Fittings/Waste Pipe Branches/Waste Pipe Branches.csv -> Wavin Wavin OsmaSoil PVC-U double branch 90 deg 110 x 110mm White,,,https://www.wolseley.co.uk/wcsstore/ExtendedSitesCatalogAssetStore/images/products/AssetPush/wol-web-proof-medium-w/std.lang.all/68/99/NW-Q66899_wm.jpg,https://www.wolseley.co.uk/wcsstore/ExtendedSitesCatalogAssetStore/images/products/AssetPush/DTP_AssetPushHighRes/std.lang.all/ms/ds/Wavin_PVC-U_Pipe_Fittings_MSDS.pdf,,,,,,,,,,,,,,,,,,,,,,,,,,
5,PQ64233,Wavin Wavin OsmaSoil corner branch 110mm Grey,Wavin,206.7,"Made of grey PVC-u, this Wavin OsmaSoil 110mm corner branch with socket x socket x socket x plain end connections is suitable for use in both domestic and commercial installations.",Drainage/Waste Pipe and Fittings/Waste Pipe Branches/Waste Pipe Branches.csv -> Wavin Wavin OsmaSoil corner branch 110mm Grey,,,https://www.wolseley.co.uk/wcsstore/ExtendedSitesCatalogAssetStore/images/products/AssetPush/wol-web-proof-medium-w/std.lang.all/42/33/NW-Q64233_wm.jpg,https://www.wolseley.co.uk/wcsstore/ExtendedSitesCatalogAssetStore/images/products/AssetPush/DTP_AssetPushHighRes/std.lang.all/ti/on/Wavin_Osma_Soil-Waste_Installation.pdf,https://www.wolseley.co.uk/wcsstore/ExtendedSitesCatalogAssetStore/images/products/AssetPush/DTP_AssetPushHighRes/std.lang.all/ms/ds/Wavin_PVC_U_Pipe_&_Fittings_MSDS.pdf,https://www.wolseley.co.uk/wcsstore/ExtendedSitesCatalogAssetStore/images/products/AssetPush/DTP_AssetPushHighRes/std.lang.all/ca/te/Wavin_OsmaSoil_Waste_Certificate.pdf,,,,,,,,,,,,,,,,,,,,,,,,
6,PF41334,"McAlpine V1M multi-fit swept equal tee 1.1/2""",McAlpine,4.6,"This McAlpine 1 1/2 x 1 1/2 x 1 1/2"" swept equal tee has a multifit connection with moulded internal sleeves designed to centre and support the pipe. Multifit and friction washers are used to create a secure seal between the pipe and the fitting wall of the fitting. Where a plastic pipe is undersized or out of shape it may be necessary to warm the end, enabling it to be pushed over the internal sleeve.","Drainage/Waste Pipe and Fittings/Waste Pipe Branches/Waste Pipe Branches.csv -> McAlpine V1M multi-fit swept equal tee 1.1/2""",,,https://www.wolseley.co.uk/wcsstore/ExtendedSitesCatalogAssetStore/images/products/AssetPush/wol-web-proof-medium-w/std.lang.all/13/34/F41334_wm.jpg,https://www.wolseley.co.uk/wcsstore/ExtendedSitesCatalogAssetStore/images/products/AssetPush/DTP_AssetPushHighRes/std.lang.all/wi/ng/F41334_Drawing.pdf,https://www.wolseley.co.uk/wcsstore/ExtendedSitesCatalogAssetStore/images/products/AssetPush/DTP_AssetPushHighRes/std.lang.all/ic/al/McAlpine_Plumbing_Products_Technical.pdf,https://www.wolseley.co.uk/wcsstore/ExtendedSitesCatalogAssetStore/images/products/AssetPush/DTP_AssetPushHighRes/std.lang.all/og/ue/McAlpine_Plumbing_Products_Catalogue.pdf,,,,,,,,,,,,,,,,,,,,,,,,
7,PF13515,Center CB compression tee 32mm,Center CB,3.28,"Center CB compression tee is made of polypropylene. The Center compression waste range is the system of choice for many installers. Designed with a universal jointing system, this quick fitting system enables easy connections to new and existing plastic or copper waste pipes. Constructed from white polypropylene for exceptional strength and durability.",Drainage/Waste Pipe and Fittings/Waste Pipe Branches/Waste Pipe Branches.csv -> Center CB compression tee 32mm,,,https://www.wolseley.co.uk/wcsstore/ExtendedSitesCatalogAssetStore/images/products/AssetPush/wol-web-proof-medium-w/std.lang.all/35/15/NW-F13515_wm.jpg,https://www.wolseley.co.uk/wcsstore/ExtendedSitesCatalogAssetStore/images/products/AssetPush/DTP_AssetPushHighRes/std.lang.all/20/19/Center_CB_DrainageProductGuide_2019.pdf,,,,,,,,,,,,,,,,,,,,,,,,,,
8,PQ64222,Wavin Wavin OsmaSoil 87.5deg single branch 110mm Grey,Wavin,52.51,"Made of grey PVC-u, this Wavin OsmaSoil 110mm 87.5° single branch with socket x socket x plain end connections is suitable for use in both domestic and commercial installations.",Drainage/Waste Pipe and Fittings/Waste Pipe Branches/Waste Pipe Branches.csv -> Wavin Wavin OsmaSoil 87.5deg single branch 110mm Grey,,,https://www.wolseley.co.uk/wcsstore/ExtendedSitesCatalogAssetStore/images/products/AssetPush/wol-web-proof-medium-w/std.lang.all/42/22/NW-Q64222_wm.jpg,https://www.wolseley.co.uk/wcsstore/ExtendedSitesCatalogAssetStore/images/products/AssetPush/DTP_AssetPushHighRes/std.lang.all/ti/on/Wavin_Osma_Soil-Waste_Installation.pdf,https://www.wolseley.co.uk/wcsstore/ExtendedSitesCatalogAssetStore/images/products/AssetPush/DTP_AssetPushHighRes/std.lang.all/ms/ds/Wavin_PVC_U_Pipe_&_Fittings_MSDS.pdf,https://www.wolseley.co.uk/wcsstore/ExtendedSitesCatalogAssetStore/images/products/AssetPush/DTP_AssetPushHighRes/std.lang.all/ca/te/Wavin_OsmaSoil_Waste_Certificate.pdf,,,,,,,,,,,,,,,,,,,,,,,,
9,PF15256,"Center CB 90deg Swept Tee 90 degree swept tee 1.1/4"" White",Center CB,2.61,"This Center CB 32mm swept tee is part of the Center ABS solvent weld waste range, a collection of products ideally suited to creating connections from sanitary appliances to a soil stack or back inlet drain gully. Solvent weld connections ensure a sturdy, permanent joint with the straightforward application of solvent weld cement to the pipe spigot and fitting socket.","Drainage/Waste Pipe and Fittings/Waste Pipe Branches/Waste Pipe Branches.csv -> Center CB 90deg Swept Tee 90 degree swept tee 1.1/4"" White",,,https://www.wolseley.co.uk/wcsstore/ExtendedSitesCatalogAssetStore/images/products/AssetPush/wol-web-proof-medium-w/std.lang.all/52/56/NW-F15256_wm.jpg,https://www.wolseley.co.uk/wcsstore/ExtendedSitesCatalogAssetStore/images/products/AssetPush/DTP_AssetPushHighRes/std.lang.all/20/19/Center_CB_DrainageProductGuide_2019.pdf,,,,,,,,,,,,,,,,,,,,,,,,,,
10,PQ66729,Wavin OsmaWeld 87.5deg ABS tee 50mm Black,Wavin,9.74,"Made of robust black ABS, this Wavin OsmaWeld 50mm 87.5° tee incorporates reliable solvent weld connections.",Drainage/Waste Pipe and Fittings/Waste Pipe Branches/Waste Pipe Branches.csv -> Wavin OsmaWeld 87.5deg ABS tee 50mm Black,,,https://www.wolseley.co.uk/wcsstore/ExtendedSitesCatalogAssetStore/images/products/AssetPush/wol-web-proof-medium-w/std.lang.all/67/29/NW-Q66729_wm.jpg,https://www.wolseley.co.uk/wcsstore/ExtendedSitesCatalogAssetStore/images/products/AssetPush/DTP_AssetPushHighRes/std.lang.all/ms/ds/Wavin_ABS_MSDS.pdf,https://www.wolseley.co.uk/wcsstore/ExtendedSitesCatalogAssetStore/images/products/AssetPush/DTP_AssetPushHighRes/std.lang.all/ti/on/Wavin_Osma_Soil-Waste_Installation.pdf,https://www.wolseley.co.uk/wcsstore/ExtendedSitesCatalogAssetStore/images/products/AssetPush/DTP_AssetPushHighRes/std.lang.all/ta/ll/Wavin_Osma_Waste_Water_Drain_Install.pdf,https://www.wolseley.co.uk/wcsstore/ExtendedSitesCatalogAssetStore/images/products/AssetPush/DTP_AssetPushHighRes/std.lang.all/br/cr/Wavin_Osma_RoundLine_Drainage_Brcr.pdf,https://www.wolseley.co.uk/wcsstore/ExtendedSitesCatalogAssetStore/images/products/AssetPush/DTP_AssetPushHighRes/std.lang.all/ca/te/Wavin_OsmaSoil_Waste_Certificate.pdf,,,,,,,,,,,,,,,,,,,,,,
11,PF66456,Polypipe 92.5deg ABS swept tee 40mm White,Polypipe,4.56,"Made of white ABS, this Polypipe swept tee with 40mm solvent weld connections is suitable for domestic applications. A popular selection for residential waste installations, the Polypipe ABS solvent weld range incorporates BioCote anti-microbial technology.",Drainage/Waste Pipe and Fittings/Waste Pipe Branches/Waste Pipe Branches.csv -> Polypipe 92.5deg ABS swept tee 40mm White,,,https://www.wolseley.co.uk/wcsstore/ExtendedSitesCatalogAssetStore/images/products/AssetPush/wol-web-proof-medium-w/std.lang.all/64/56/NW-F66456_wm.jpg,https://www.wolseley.co.uk/wcsstore/ExtendedSitesCatalogAssetStore/images/products/AssetPush/DTP_AssetPushHighRes/std.lang.all/hu/re/Polypipe_PolySoil_Brochure.pdf,https://www.wolseley.co.uk/wcsstore/ExtendedSitesCatalogAssetStore/images/products/AssetPush/DTP_AssetPushHighRes/std.lang.all/20/15/Polypipe_Building_Prod_Guide_May2015.pdf,,,,,,,,,,,,,,,,,,,,,,,,,
12,PQ64694,"Wavin Wavin OsmaWeld 87.5deg tee 1.1/2"" White",Wavin,4.73,"Made of white ABS, this Wavin OsmaWeld 40mm 87.5° tee has solvent weld connections for secure fitting.","Drainage/Waste Pipe and Fittings/Waste Pipe Branches/Waste Pipe Branches.csv -> Wavin Wavin OsmaWeld 87.5deg tee 1.1/2"" White",,,https://www.wolseley.co.uk/wcsstore/ExtendedSitesCatalogAssetStore/images/products/AssetPush/wol-web-proof-medium-w/std.lang.all/46/94/NW-Q64694_wm.jpg,https://www.wolseley.co.uk/wcsstore/ExtendedSitesCatalogAssetStore/images/products/AssetPush/DTP_AssetPushHighRes/std.lang.all/ms/ds/Wavin_ABS_MSDS.pdf,https://www.wolseley.co.uk/wcsstore/ExtendedSitesCatalogAssetStore/images/products/AssetPush/DTP_AssetPushHighRes/std.lang.all/ti/on/Wavin_Osma_Soil-Waste_Installation.pdf,https://www.wolseley.co.uk/wcsstore/ExtendedSitesCatalogAssetStore/images/products/AssetPush/DTP_AssetPushHighRes/std.lang.all/ta/ll/Wavin_Osma_Waste_Water_Drain_Install.pdf,https://www.wolseley.co.uk/wcsstore/ExtendedSitesCatalogAssetStore/images/products/AssetPush/DTP_AssetPushHighRes/std.lang.all/br/cr/Wavin_Osma_RoundLine_Drainage_Brcr.pdf,https://www.wolseley.co.uk/wcsstore/ExtendedSitesCatalogAssetStore/images/products/AssetPush/DTP_AssetPushHighRes/std.lang.all/ca/te/Wavin_OsmaSoil_Waste_Certificate.pdf,,,,,,,,,,,,,,,,,,,,,,
13,PF16276,Center CB 88.5deg ABS swept tee 40mm Black,Center CB,2.82,"This Center CB 40mm swept tee is part of the Center ABS solvent weld waste range, a collection of products ideally suited to creating connections from sanitary appliances to a soil stack or back inlet drain gully. Solvent weld connections ensure a sturdy, permanent joint with the straightforward application of solvent weld cement to the pipe spigot and fitting socket.",Drainage/Waste Pipe and Fittings/Waste Pipe Branches/Waste Pipe Branches.csv -> Center CB 88.5deg ABS swept tee 40mm Black,,,https://www.wolseley.co.uk/wcsstore/ExtendedSitesCatalogAssetStore/images/products/AssetPush/wol-web-proof-medium-w/std.lang.all/62/76/NW-F16276_wm.jpg,https://www.wolseley.co.uk/wcsstore/ExtendedSitesCatalogAssetStore/images/products/AssetPush/DTP_AssetPushHighRes/std.lang.all/20/19/Center_CB_DrainageProductGuide_2019.pdf,,,,,,,,,,,,,,,,,,,,,,,,,,
14,PF68153,Polypipe 90deg solvent-weld overflow tee 21.5mm White,Polypipe,3.06,"Suitable for domestic use, this Polypipe tee is made of white ABS with 21.5mm solvent weld connections.",Drainage/Waste Pipe and Fittings/Waste Pipe Branches/Waste Pipe Branches.csv -> Polypipe 90deg solvent-weld overflow tee 21.5mm White,,,https://www.wolseley.co.uk/wcsstore/ExtendedSitesCatalogAssetStore/images/products/AssetPush/wol-web-proof-medium-w/std.lang.all/81/53/NW-F68153_wm.jpg,https://www.wolseley.co.uk/wcsstore/ExtendedSitesCatalogAssetStore/images/products/AssetPush/DTP_AssetPushHighRes/std.lang.all/20/15/Polypipe_Building_Prod_Guide_May2015.pdf,,,,,,,,,,,,,,,,,,,,,,,,,,
15,PF16256,Center CB 88.5deg ABS swept tee 32mm,Center CB,2.61,"This Center CB 32mm swept tee is part of the Center ABS solvent weld waste range, a collection of products ideally suited to creating connections from sanitary appliances to a soil stack or back inlet drain gully. Solvent weld connections ensure a sturdy, permanent joint with the straightforward application of solvent weld cement to the pipe spigot and fitting socket.",Drainage/Waste Pipe and Fittings/Waste Pipe Branches/Waste Pipe Branches.csv -> Center CB 88.5deg ABS swept tee 32mm,,,https://www.wolseley.co.uk/wcsstore/ExtendedSitesCatalogAssetStore/images/products/AssetPush/wol-web-proof-medium-w/std.lang.all/62/56/NW-F16256_wm.jpg,https://www.wolseley.co.uk/wcsstore/ExtendedSitesCatalogAssetStore/images/products/AssetPush/DTP_AssetPushHighRes/std.lang.all/20/19/Center_CB_DrainageProductGuide_2019.pdf,,,,,,,,,,,,,,,,,,,,,,,,,,
16,PF41345,"McAlpine V1MX-CO universal slip tee 1.1/2""x 19/22mm",McAlpine,7.16,"This McAlpine 1 1/2"" x 1 1/2"" x 19/23mm slip tee includes universal connections with moulded internal sleeves designed to centre and support the pipe. Multifit and friction washers are used to create a secure seal between the pipe and the fitting wall of the fitting. Where a plastic pipe is undersized or out of shape it may be necessary to warm the end, enabling it to be pushed over the internal sleeve.","Drainage/Waste Pipe and Fittings/Waste Pipe Branches/Waste Pipe Branches.csv -> McAlpine V1MX-CO universal slip tee 1.1/2""x 19/22mm",,,https://www.wolseley.co.uk/wcsstore/ExtendedSitesCatalogAssetStore/images/products/AssetPush/wol-web-proof-medium-w/std.lang.all/13/45/NW-F41345_wm.jpg,https://www.wolseley.co.uk/wcsstore/ExtendedSitesCatalogAssetStore/images/products/AssetPush/DTP_AssetPushHighRes/std.lang.all/ic/al/McAlpine_Plumbing_Products_Technical.pdf,https://www.wolseley.co.uk/wcsstore/ExtendedSitesCatalogAssetStore/images/products/AssetPush/DTP_AssetPushHighRes/std.lang.all/wi/ng/F41345_Drawing.pdf,https://www.wolseley.co.uk/wcsstore/ExtendedSitesCatalogAssetStore/images/products/AssetPush/DTP_AssetPushHighRes/std.lang.all/og/ue/McAlpine_Plumbing_Products_Catalogue.pdf,,,,,,,,,,,,,,,,,,,,,,,,
17,PF24858,Marley Solvent Waste 88.5deg equal tee 50mm White,Marley,7.83,This Marley Solvent Waste 50mm 88.5° tee in white is suitable for both internal and external applications.,Drainage/Waste Pipe and Fittings/Waste Pipe Branches/Waste Pipe Branches.csv -> Marley Solvent Waste 88.5deg equal tee 50mm White,,,https://www.wolseley.co.uk/wcsstore/ExtendedSitesCatalogAssetStore/images/products/AssetPush/wol-web-proof-medium-w/std.lang.all/48/58/NW-F24858_wm.jpg,https://www.wolseley.co.uk/wcsstore/ExtendedSitesCatalogAssetStore/images/products/AssetPush/DTP_AssetPushHighRes/std.lang.all/ti/on/Marley_Soil-Waste_Installation.pdf,https://www.wolseley.co.uk/wcsstore/ExtendedSitesCatalogAssetStore/images/products/AssetPush/DTP_AssetPushHighRes/std.lang.all/hu/re/Marley_Soil-Waste_Brochure.pdf,,,,,,,,,,,,,,,,,,,,,,,,,
18,PQ64062,Wavin Wavin OsmaWeld 90deg tee White,Wavin,9.74,"Made of white ABS, this Wavin OsmaWeld 50mm 87.5° tee has solvent weld connections for secure fitting.",Drainage/Waste Pipe and Fittings/Waste Pipe Branches/Waste Pipe Branches.csv -> Wavin Wavin OsmaWeld 90deg tee White,,,https://www.wolseley.co.uk/wcsstore/ExtendedSitesCatalogAssetStore/images/products/AssetPush/wol-web-proof-medium-w/std.lang.all/40/62/NW-Q64062_wm.jpg,https://www.wolseley.co.uk/wcsstore/ExtendedSitesCatalogAssetStore/images/products/AssetPush/DTP_AssetPushHighRes/std.lang.all/ms/ds/Wavin_ABS_MSDS.pdf,https://www.wolseley.co.uk/wcsstore/ExtendedSitesCatalogAssetStore/images/products/AssetPush/DTP_AssetPushHighRes/std.lang.all/ti/on/Wavin_Osma_Soil-Waste_Installation.pdf,https://www.wolseley.co.uk/wcsstore/ExtendedSitesCatalogAssetStore/images/products/AssetPush/DTP_AssetPushHighRes/std.lang.all/ta/ll/Wavin_Osma_Waste_Water_Drain_Install.pdf,https://www.wolseley.co.uk/wcsstore/ExtendedSitesCatalogAssetStore/images/products/AssetPush/DTP_AssetPushHighRes/std.lang.all/br/cr/Wavin_Osma_RoundLine_Drainage_Brcr.pdf,https://www.wolseley.co.uk/wcsstore/ExtendedSitesCatalogAssetStore/images/products/AssetPush/DTP_AssetPushHighRes/std.lang.all/ca/te/Wavin_OsmaSoil_Waste_Certificate.pdf,,,,,,,,,,,,,,,,,,,,,,
19,PF30548,"Polypipe Terrain 200 91deg sweep tee 2"" White",Polypipe,13.5,"This Polypipe Terrain 200 sweep tee is made of white mPVC-U with 50mm solvent weld connections. Ideal for use where high temperatures and harsh chemicals are used, mPVC-U is recommended as an alternative to ABS in education and healthcare settings, while in residential installations it can be used for boiler discharge and standard waste applications.","Drainage/Waste Pipe and Fittings/Waste Pipe Branches/Waste Pipe Branches.csv -> Polypipe Terrain 200 91deg sweep tee 2"" White",,,https://www.wolseley.co.uk/wcsstore/ExtendedSitesCatalogAssetStore/images/products/AssetPush/wol-web-proof-medium-w/std.lang.all/05/49/NW-F30548_F30549_wm.jpg,https://www.wolseley.co.uk/wcsstore/ExtendedSitesCatalogAssetStore/images/products/AssetPush/DTP_AssetPushHighRes/std.lang.all/rc/hr/Polypipe_Terrain_Above_Ground_Brchr.pdf,,,,,,,,,,,,,,,,,,,,,,,,,,
20,PF16296,Center CB 88.5deg ABS swept tee 50mm,Center CB,4.57,"This Center CB 50mm swept tee is part of the Center ABS solvent weld waste range, a collection of products ideally suited to creating connections from sanitary appliances to a soil stack or back inlet drain gully. Solvent weld connections ensure a sturdy, permanent joint with the straightforward application of solvent weld cement to the pipe spigot and fitting socket.",Drainage/Waste Pipe and Fittings/Waste Pipe Branches/Waste Pipe Branches.csv -> Center CB 88.5deg ABS swept tee 50mm,,,https://www.wolseley.co.uk/wcsstore/ExtendedSitesCatalogAssetStore/images/products/AssetPush/wol-web-proof-medium-w/std.lang.all/62/96/NW-F16296_wm.jpg,https://www.wolseley.co.uk/wcsstore/ExtendedSitesCatalogAssetStore/images/products/AssetPush/DTP_AssetPushHighRes/std.lang.all/20/19/Center_CB_DrainageProductGuide_2019.pdf,,,,,,,,,,,,,,,,,,,,,,,,,,
21,PF66368,Polypipe 92.5deg cross tee 40mm White,Polypipe,8.33,"Made of white ABS, this Polypipe cross tee with 40mm solvent weld connections is suitable for domestic applications. A popular selection for residential waste installations, the Polypipe ABS solvent weld range incorporates BioCote anti-microbial technology.",Drainage/Waste Pipe and Fittings/Waste Pipe Branches/Waste Pipe Branches.csv -> Polypipe 92.5deg cross tee 40mm White,,,https://www.wolseley.co.uk/wcsstore/ExtendedSitesCatalogAssetStore/images/products/AssetPush/wol-web-proof-medium-w/std.lang.all/63/68/NW-F66368_wm.jpg,https://www.wolseley.co.uk/wcsstore/ExtendedSitesCatalogAssetStore/images/products/AssetPush/DTP_AssetPushHighRes/std.lang.all/hu/re/Polypipe_PolySoil_Brochure.pdf,https://www.wolseley.co.uk/wcsstore/ExtendedSitesCatalogAssetStore/images/products/AssetPush/DTP_AssetPushHighRes/std.lang.all/20/15/Polypipe_Building_Prod_Guide_May2015.pdf,,,,,,,,,,,,,,,,,,,,,,,,,
22,PF16156,Center CB 88.5deg PP swept tee 32mm,Center CB,3.43,"Made of polypropylene (PP), this Center CB 32mm swept tee with push-fit connections is part of a range designed to incorporate simple but effective ring seal jointing for fast, convenient installation. This cost-effective system is completely demountable, making it suitable for both new installations and modifications.",Drainage/Waste Pipe and Fittings/Waste Pipe Branches/Waste Pipe Branches.csv -> Center CB 88.5deg PP swept tee 32mm,,,https://www.wolseley.co.uk/wcsstore/ExtendedSitesCatalogAssetStore/images/products/AssetPush/wol-web-proof-medium-w/std.lang.all/61/56/NW-F16156_wm.jpg,https://www.wolseley.co.uk/wcsstore/ExtendedSitesCatalogAssetStore/images/products/AssetPush/DTP_AssetPushHighRes/std.lang.all/20/19/Center_CB_DrainageProductGuide_2019.pdf,,,,,,,,,,,,,,,,,,,,,,,,,,
23,PF30542,"Polypipe Terrain 200 91deg sweep tee 1.1/2"" White",Polypipe,6.91,"This Polypipe Terrain 200 sweep tee is made of mPVC-U with 40mm solvent weld connections. Ideal for use where high temperatures and harsh chemicals are used, mPVC-U is recommended as an alternative to ABS in education and healthcare settings, while in residential installations it can be used for boiler discharge and standard waste applications.","Drainage/Waste Pipe and Fittings/Waste Pipe Branches/Waste Pipe Branches.csv -> Polypipe Terrain 200 91deg sweep tee 1.1/2"" White",,,https://www.wolseley.co.uk/wcsstore/ExtendedSitesCatalogAssetStore/images/products/AssetPush/wol-web-proof-medium-w/std.lang.all/05/42/NW-F30542_wm.jpg,https://www.wolseley.co.uk/wcsstore/ExtendedSitesCatalogAssetStore/images/products/AssetPush/DTP_AssetPushHighRes/std.lang.all/rc/hr/Polypipe_Terrain_Above_Ground_Brchr.pdf,,,,,,,,,,,,,,,,,,,,,,,,,,
24,PF66356,Polypipe 92.5deg ABS swept tee 32mm White,Polypipe,4.79,"Made of white ABS, this Polypipe swept tee with 32mm solvent weld connections is suitable for domestic applications. A popular selection for residential waste installations, the Polypipe ABS solvent weld range incorporates BioCote anti-microbial technology.",Drainage/Waste Pipe and Fittings/Waste Pipe Branches/Waste Pipe Branches.csv -> Polypipe 92.5deg ABS swept tee 32mm White,,,https://www.wolseley.co.uk/wcsstore/ExtendedSitesCatalogAssetStore/images/products/AssetPush/wol-web-proof-medium-w/std.lang.all/63/56/NW-F66356_wm.jpg,https://www.wolseley.co.uk/wcsstore/ExtendedSitesCatalogAssetStore/images/products/AssetPush/DTP_AssetPushHighRes/std.lang.all/hu/re/Polypipe_PolySoil_Brochure.pdf,https://www.wolseley.co.uk/wcsstore/ExtendedSitesCatalogAssetStore/images/products/AssetPush/DTP_AssetPushHighRes/std.lang.all/20/15/Polypipe_Building_Prod_Guide_May2015.pdf,,,,,,,,,,,,,,,,,,,,,,,,,
25,PQ66715,Wavin Wavin Osmaflow 90deg ABS tee 21.5mm White,Wavin,3.78,"Part of a reliable system for removing water from condensing boilers, cisterns or tanks, this Wavin Osma Overflow 21.5mm overflow tee is used to connect three solvent weld pipes at 90°. It is made of robust ABS in white colour.",Drainage/Waste Pipe and Fittings/Waste Pipe Branches/Waste Pipe Branches.csv -> Wavin Wavin Osmaflow 90deg ABS tee 21.5mm White,,,https://www.wolseley.co.uk/wcsstore/ExtendedSitesCatalogAssetStore/images/products/AssetPush/wol-web-proof-medium-w/std.lang.all/67/15/NW-Q66715_wm.jpg,https://www.wolseley.co.uk/wcsstore/ExtendedSitesCatalogAssetStore/images/products/AssetPush/DTP_AssetPushHighRes/std.lang.all/hu/re/Wavin_Osma_Compact_Brochure.pdf,https://www.wolseley.co.uk/wcsstore/ExtendedSitesCatalogAssetStore/images/products/AssetPush/DTP_AssetPushHighRes/std.lang.all/ms/ds/Wavin_ABS_MSDS.pdf,https://www.wolseley.co.uk/wcsstore/ExtendedSitesCatalogAssetStore/images/products/AssetPush/DTP_AssetPushHighRes/std.lang.all/vi/ew/Wavin_Plumb_&_Drain_Product_Overview.pdf,,,,,,,,,,,,,,,,,,,,,,,,
26,PF15176,"Center CB 88.5deg swept tee 1.1/2""",Center CB,3.55,"Made of polypropylene (PP), this Center CB 40mm swept tee with push-fit connections is part of a range designed to incorporate simple but effective ring seal jointing for fast, convenient installation. This cost-effective system is completely demountable, making it suitable for both new installations and modifications.","Drainage/Waste Pipe and Fittings/Waste Pipe Branches/Waste Pipe Branches.csv -> Center CB 88.5deg swept tee 1.1/2""",,,https://www.wolseley.co.uk/wcsstore/ExtendedSitesCatalogAssetStore/images/products/AssetPush/wol-web-proof-medium-w/std.lang.all/51/76/NW-F15176_wm.jpg,https://www.wolseley.co.uk/wcsstore/ExtendedSitesCatalogAssetStore/images/products/AssetPush/DTP_AssetPushHighRes/std.lang.all/20/19/Center_CB_DrainageProductGuide_2019.pdf,,,,,,,,,,,,,,,,,,,,,,,,,,
27,PF24860,Marley Solvent Waste 45deg tee 50mm White,Marley,7.83,This Marley Solvent Waste 50mm 45° tee in white is suitable for both internal and external applications.,Drainage/Waste Pipe and Fittings/Waste Pipe Branches/Waste Pipe Branches.csv -> Marley Solvent Waste 45deg tee 50mm White,,,https://www.wolseley.co.uk/wcsstore/ExtendedSitesCatalogAssetStore/images/products/AssetPush/wol-web-proof-medium-w/std.lang.all/48/60/NW-F24860_wm.jpg,https://www.wolseley.co.uk/wcsstore/ExtendedSitesCatalogAssetStore/images/products/AssetPush/DTP_AssetPushHighRes/std.lang.all/ti/on/Marley_Soil-Waste_Installation.pdf,https://www.wolseley.co.uk/wcsstore/ExtendedSitesCatalogAssetStore/images/products/AssetPush/DTP_AssetPushHighRes/std.lang.all/hu/re/Marley_Soil-Waste_Brochure.pdf,,,,,,,,,,,,,,,,,,,,,,,,,
28,PF02045,Geberit Silent-db20 88.5deg swept double branch 110mm,Geberit,55.63,"Ideal for use in projects requiring high levels of sound insulation, this Geberit Silent-db20 swept entry 88.5° double branch fitting is made of mineral-reinforced polyethylene (PE-S2) and offers 110mm plain end x solvent weld x solvent weld x plain end connections. This fitting is suitable for use in premium residential buildings and hotels as well as in hospitals, retirement and nursing homes.",Drainage/Waste Pipe and Fittings/Waste Pipe Branches/Waste Pipe Branches.csv -> Geberit Silent-db20 88.5deg swept double branch 110mm,,,https://www.wolseley.co.uk/wcsstore/ExtendedSitesCatalogAssetStore/images/products/AssetPush/wol-web-proof-medium-w/std.lang.all/20/45/NW-F02045_wm.jpg,https://www.wolseley.co.uk/wcsstore/ExtendedSitesCatalogAssetStore/images/products/AssetPush/DTP_AssetPushHighRes/std.lang.all/og/ue/Geberit_HDPE_Silent_db20_Catalogue.pdf,https://www.wolseley.co.uk/wcsstore/ExtendedSitesCatalogAssetStore/images/products/AssetPush/DTP_AssetPushHighRes/std.lang.all/ui/de/Geberit_DrainageSystem_Product_Guide.pdf,,,,,,,,,,,,,,,,,,,,,,,,,
29,PF57904,Geberit HDPE 91.5deg HDPE branch 160 x 110mm,Geberit,46.71,"Manufactured in high density polyethylene (HDPE), this Geberit HDPE 88.5° T branch fitting with 160 x 110 x 160mm solvent weld connections is suitable for a range of uses in building and roof drainage in industrial, commercial and laboratory settings and can be installed in-ground, in concrete or during bridge construction. This fitting is additionally suitable for conventional or siphonic roof drainage systems and in land drainage systems.",Drainage/Waste Pipe and Fittings/Waste Pipe Branches/Waste Pipe Branches.csv -> Geberit HDPE 91.5deg HDPE branch 160 x 110mm,,,https://www.wolseley.co.uk/wcsstore/ExtendedSitesCatalogAssetStore/images/products/AssetPush/wol-web-proof-medium-w/std.lang.all/79/05/NW-F57904_F57905_wm.jpg,https://www.wolseley.co.uk/wcsstore/ExtendedSitesCatalogAssetStore/images/products/AssetPush/DTP_AssetPushHighRes/std.lang.all/og/ue/Geberit_HDPE_Silent_db20_Catalogue.pdf,https://www.wolseley.co.uk/wcsstore/ExtendedSitesCatalogAssetStore/images/products/AssetPush/DTP_AssetPushHighRes/std.lang.all/ui/de/Geberit_DrainageSystem_Product_Guide.pdf,,,,,,,,,,,,,,,,,,,,,,,,,
30,PF30536,"Polypipe Terrain 200 91deg sweep tee 1.1/4"" White",Polypipe,5.48,"This Polypipe Terrain 200 sweep tee is made of mPVC-U with 32mm solvent weld connections. Ideal for use where high temperatures and harsh chemicals are used, mPVC-U is recommended as an alternative to ABS in education and healthcare settings, while in residential installations it can be used for boiler discharge and standard waste applications.","Drainage/Waste Pipe and Fittings/Waste Pipe Branches/Waste Pipe Branches.csv -> Polypipe Terrain 200 91deg sweep tee 1.1/4"" White",,,https://www.wolseley.co.uk/wcsstore/ExtendedSitesCatalogAssetStore/images/products/AssetPush/wol-web-proof-medium-w/std.lang.all/05/37/NW-F30536_F30537_wm.jpg,https://www.wolseley.co.uk/wcsstore/ExtendedSitesCatalogAssetStore/images/products/AssetPush/DTP_AssetPushHighRes/std.lang.all/rc/hr/Polypipe_Terrain_Above_Ground_Brchr.pdf,,,,,,,,,,,,,,,,,,,,,,,,,,
31,PF35020,"Polypipe Terrain 100 92deg single branch 4"" White",Polypipe,59.54,"Suitable for use in commercial building services, this Polypipe Terrain 100 92° single equal branch with 110mm solvent weld connections is made of white PVC-u. Fully accredited, the Polypipe Terrain PVC drainage system can be jointed to a wide range of other materials.","Drainage/Waste Pipe and Fittings/Waste Pipe Branches/Waste Pipe Branches.csv -> Polypipe Terrain 100 92deg single branch 4"" White",,,https://www.wolseley.co.uk/wcsstore/ExtendedSitesCatalogAssetStore/images/products/AssetPush/wol-web-proof-medium-w/std.lang.all/50/20/NW-F35020_wm.jpg,https://www.wolseley.co.uk/wcsstore/ExtendedSitesCatalogAssetStore/images/products/AssetPush/DTP_AssetPushHighRes/std.lang.all/rc/hr/Polypipe_Terrain_Above_Ground_Brchr.pdf,,,,,,,,,,,,,,,,,,,,,,,,,,
32,PF30912,"Polypipe Terrain 5047591W 91deg branch 3/4"" White",Polypipe,5.54,"Made of plastic, this Polypipe Terrain 90° 3/4"" branch is finished in white to match your existing plumbing system. A wide range of soil and waste drainage products, the Terrain system is suitable for commercial, industrial, housing and public sector projects.","Drainage/Waste Pipe and Fittings/Waste Pipe Branches/Waste Pipe Branches.csv -> Polypipe Terrain 5047591W 91deg branch 3/4"" White",,,https://www.wolseley.co.uk/wcsstore/ExtendedSitesCatalogAssetStore/images/products/AssetPush/wol-web-proof-medium-w/std.lang.all/09/12/F30912_wm.jpg,https://www.wolseley.co.uk/wcsstore/ExtendedSitesCatalogAssetStore/images/products/AssetPush/DTP_AssetPushHighRes/std.lang.all/hu/re/Polypipe_TerrainS&W_Brochure.pdf,,,,,,,,,,,,,,,,,,,,,,,,,,
33,PF66526,Polypipe 92.5deg ABS swept tee 50mm Black,Polypipe,7.82,"Made of black ABS, this Polypipe swept tee with 50mm solvent weld connections is suitable for domestic applications. A popular selection for residential waste installations, the Polypipe ABS solvent weld range incorporates BioCote anti-microbial technology.",Drainage/Waste Pipe and Fittings/Waste Pipe Branches/Waste Pipe Branches.csv -> Polypipe 92.5deg ABS swept tee 50mm Black,,,https://www.wolseley.co.uk/wcsstore/ExtendedSitesCatalogAssetStore/images/products/AssetPush/wol-web-proof-medium-w/std.lang.all/65/26/NW-F66526_wm.jpg,https://www.wolseley.co.uk/wcsstore/ExtendedSitesCatalogAssetStore/images/products/AssetPush/DTP_AssetPushHighRes/std.lang.all/hu/re/Polypipe_PolySoil_Brochure.pdf,https://www.wolseley.co.uk/wcsstore/ExtendedSitesCatalogAssetStore/images/products/AssetPush/DTP_AssetPushHighRes/std.lang.all/20/15/Polypipe_Building_Prod_Guide_May2015.pdf,,,,,,,,,,,,,,,,,,,,,,,,,
34,PF66266,Polypipe 91.25deg swept tee 32mm White,Polypipe,4.52,"Suitable for domestic use, this Polypipe swept tee with 32mm push-fit connections is made of white polypropylene (PP) and incorporates BioCote anti-microbial technology. A fast, simple alternative to solvent weld systems, Polypipe Push Fit waste fittings allows for disassembly and reconnection at the point of installation.",Drainage/Waste Pipe and Fittings/Waste Pipe Branches/Waste Pipe Branches.csv -> Polypipe 91.25deg swept tee 32mm White,,,https://www.wolseley.co.uk/wcsstore/ExtendedSitesCatalogAssetStore/images/products/AssetPush/wol-web-proof-medium-w/std.lang.all/62/66/NW-F66266_wm.jpg,https://www.wolseley.co.uk/wcsstore/ExtendedSitesCatalogAssetStore/images/products/AssetPush/DTP_AssetPushHighRes/std.lang.all/hu/re/Polypipe_PolySoil_Brochure.pdf,https://www.wolseley.co.uk/wcsstore/ExtendedSitesCatalogAssetStore/images/products/AssetPush/DTP_AssetPushHighRes/std.lang.all/20/15/Polypipe_Building_Prod_Guide_May2015.pdf,,,,,,,,,,,,,,,,,,,,,,,,,
35,PF57738,Geberit HDPE solvent branch 110mm,Geberit,78.78,"Flow-optimised, the Geberit HDPE 110mm solvent branch allows for a layout of stacks in multistorey buildings. Enhancing pipe capacity, this fitting does away with the requirement for a parallel ventilation pipe. Offering a high discharge rate of 12L per second, this solvent branch incorporates patented flow guidance, making it possible to use smaller 110mm diameter pipe systems in high rise buildings. This fitting is compatible with Geberit HDPE and Geberit Silent db20 drainage systems.",Drainage/Waste Pipe and Fittings/Waste Pipe Branches/Waste Pipe Branches.csv -> Geberit HDPE solvent branch 110mm,,,https://www.wolseley.co.uk/wcsstore/ExtendedSitesCatalogAssetStore/images/products/AssetPush/wol-web-proof-medium-w/std.lang.all/77/38/F57738_wm.jpg,https://www.wolseley.co.uk/wcsstore/ExtendedSitesCatalogAssetStore/images/products/AssetPush/DTP_AssetPushHighRes/std.lang.all/hu/re/Geberit_Brochure.pdf,,,,,,,,,,,,,,,,,,,,,,,,,,
36,PF66156,Polypipe 91.25deg swept tee 40mm Black,Polypipe,4.29,"Suitable for domestic use, this Polypipe swept tee with 40mm push-fit connections is made of black polypropylene (PP) and incorporates BioCote anti-microbial technology. A fast, simple alternative to solvent weld systems, Polypipe Push Fit waste fittings allows for disassembly and reconnection at the point of installation.",Drainage/Waste Pipe and Fittings/Waste Pipe Branches/Waste Pipe Branches.csv -> Polypipe 91.25deg swept tee 40mm Black,,,https://www.wolseley.co.uk/wcsstore/ExtendedSitesCatalogAssetStore/images/products/AssetPush/wol-web-proof-medium-w/std.lang.all/61/56/NW-F66156_wm.jpg,https://www.wolseley.co.uk/wcsstore/ExtendedSitesCatalogAssetStore/images/products/AssetPush/DTP_AssetPushHighRes/std.lang.all/hu/re/Polypipe_PolySoil_Brochure.pdf,https://www.wolseley.co.uk/wcsstore/ExtendedSitesCatalogAssetStore/images/products/AssetPush/DTP_AssetPushHighRes/std.lang.all/20/15/Polypipe_Building_Prod_Guide_May2015.pdf,,,,,,,,,,,,,,,,,,,,,,,,,
37,PF66056,Polypipe 91.25deg swept tee 32mm Black,Polypipe,4.52,"Suitable for domestic use, this Polypipe swept tee with 32mm push-fit connections is made of black polypropylene (PP) and incorporates BioCote anti-microbial technology. A fast, simple alternative to solvent weld systems, Polypipe Push Fit waste fittings allows for disassembly and reconnection at the point of installation.",Drainage/Waste Pipe and Fittings/Waste Pipe Branches/Waste Pipe Branches.csv -> Polypipe 91.25deg swept tee 32mm Black,,,https://www.wolseley.co.uk/wcsstore/ExtendedSitesCatalogAssetStore/images/products/AssetPush/wol-web-proof-medium-w/std.lang.all/60/56/NW-F66056_wm.jpg,https://www.wolseley.co.uk/wcsstore/ExtendedSitesCatalogAssetStore/images/products/AssetPush/DTP_AssetPushHighRes/std.lang.all/hu/re/Polypipe_PolySoil_Brochure.pdf,https://www.wolseley.co.uk/wcsstore/ExtendedSitesCatalogAssetStore/images/products/AssetPush/DTP_AssetPushHighRes/std.lang.all/20/15/Polypipe_Building_Prod_Guide_May2015.pdf,,,,,,,,,,,,,,,,,,,,,,,,,
38,PF57204,Geberit HDPE 91.5deg HDPE branch 50 x 50mm,Geberit,4.2,"Suitable for industrial, commercial or laboratory use, this Geberit HDPE 88.5° T branch fitting can be installed during bridge construction, in-ground or in concrete.  It is also compatible with conventional or siphonic roof drainage systems and with land drainage systems.  Made of black colour high density polyethylene, commonly known as HDPE, this fitting is designed with secure 50mm solvent weld connections.",Drainage/Waste Pipe and Fittings/Waste Pipe Branches/Waste Pipe Branches.csv -> Geberit HDPE 91.5deg HDPE branch 50 x 50mm,,,https://www.wolseley.co.uk/wcsstore/ExtendedSitesCatalogAssetStore/images/products/AssetPush/wol-web-proof-medium-w/std.lang.all/ma/ge/F57204_primary_image_wm.jpg,https://www.wolseley.co.uk/wcsstore/ExtendedSitesCatalogAssetStore/images/products/AssetPush/DTP_AssetPushHighRes/std.lang.all/og/ue/Geberit_HDPE_Silent_db20_Catalogue.pdf,https://www.wolseley.co.uk/wcsstore/ExtendedSitesCatalogAssetStore/images/products/AssetPush/DTP_AssetPushHighRes/std.lang.all/ui/de/Geberit_DrainageSystem_Product_Guide.pdf,,,,,,,,,,,,,,,,,,,,,,,,,
39,PF57746,Geberit HDPE 91.5deg HDPE single branch 110 x 110mm,Geberit,8.27,"Suitable for industrial, commercial or laboratory use, this Geberit HDPE 88.5° T branch fitting can be installed during bridge construction, in-ground or in concrete.  It is also compatible with conventional or siphonic roof drainage systems and with land drainage systems.  Made of black colour high density polyethylene, commonly known as HDPE, this fitting is designed with secure 110mm solvent weld connections.",Drainage/Waste Pipe and Fittings/Waste Pipe Branches/Waste Pipe Branches.csv -> Geberit HDPE 91.5deg HDPE single branch 110 x 110mm,,,https://www.wolseley.co.uk/wcsstore/ExtendedSitesCatalogAssetStore/images/products/AssetPush/wol-web-proof-medium-w/std.lang.all/ma/ge/F57746_primary_image_wm.jpg,https://www.wolseley.co.uk/wcsstore/ExtendedSitesCatalogAssetStore/images/products/AssetPush/DTP_AssetPushHighRes/std.lang.all/og/ue/Geberit_HDPE_Silent_db20_Catalogue.pdf,https://www.wolseley.co.uk/wcsstore/ExtendedSitesCatalogAssetStore/images/products/AssetPush/DTP_AssetPushHighRes/std.lang.all/ui/de/Geberit_DrainageSystem_Product_Guide.pdf,,,,,,,,,,,,,,,,,,,,,,,,,
40,PF66296,Polypipe 91.25deg swept tee 40mm White,Polypipe,4.29,"Suitable for domestic use, this Polypipe swept tee with 40mm push-fit connections is made of white polypropylene (PP) and incorporates BioCote anti-microbial technology. A fast, simple alternative to solvent weld systems, Polypipe Push Fit waste fittings allows for disassembly and reconnection at the point of installation.",Drainage/Waste Pipe and Fittings/Waste Pipe Branches/Waste Pipe Branches.csv -> Polypipe 91.25deg swept tee 40mm White,,,https://www.wolseley.co.uk/wcsstore/ExtendedSitesCatalogAssetStore/images/products/AssetPush/wol-web-proof-medium-w/std.lang.all/62/96/NW-F66296_wm.jpg,https://www.wolseley.co.uk/wcsstore/ExtendedSitesCatalogAssetStore/images/products/AssetPush/DTP_AssetPushHighRes/std.lang.all/hu/re/Polypipe_PolySoil_Brochure.pdf,https://www.wolseley.co.uk/wcsstore/ExtendedSitesCatalogAssetStore/images/products/AssetPush/DTP_AssetPushHighRes/std.lang.all/20/15/Polypipe_Building_Prod_Guide_May2015.pdf,,,,,,,,,,,,,,,,,,,,,,,,,
41,PF16176,Center CB PP swept tee 88.50deg 40mm,Center CB,3.55,"Made of polypropylene (PP), this Center CB 40mm swept tee with push-fit connections is part of a range designed to incorporate simple but effective ring seal jointing for fast, convenient installation. This cost-effective system is completely demountable, making it suitable for both new installations and modifications.",Drainage/Waste Pipe and Fittings/Waste Pipe Branches/Waste Pipe Branches.csv -> Center CB PP swept tee 88.50deg 40mm,,,https://www.wolseley.co.uk/wcsstore/ExtendedSitesCatalogAssetStore/images/products/AssetPush/wol-web-proof-medium-w/std.lang.all/61/76/NW-F16176_wm.jpg,https://www.wolseley.co.uk/wcsstore/ExtendedSitesCatalogAssetStore/images/products/AssetPush/DTP_AssetPushHighRes/std.lang.all/20/19/Center_CB_DrainageProductGuide_2019.pdf,,,,,,,,,,,,,,,,,,,,,,,,,,
42,PQ97390,Wavin Wavin OsmaSoil 87.5deg solvent socket single branch 110mm Grey,Wavin,51.71,"Made of grey PVC-u, this Wavin OsmaSoil 110mm 87.5° single branch with reliable solvent weld x solvent weld x plain end connections is suitable for use in both domestic and commercial installations.",Drainage/Waste Pipe and Fittings/Waste Pipe Branches/Waste Pipe Branches.csv -> Wavin Wavin OsmaSoil 87.5deg solvent socket single branch 110mm Grey,,,https://www.wolseley.co.uk/wcsstore/ExtendedSitesCatalogAssetStore/images/products/AssetPush/wol-web-proof-medium-w/std.lang.all/73/90/Q97390_wm.jpg,https://www.wolseley.co.uk/wcsstore/ExtendedSitesCatalogAssetStore/images/products/AssetPush/DTP_AssetPushHighRes/std.lang.all/ms/ds/Wavin_PVC_MSDS.pdf,,,,,,,,,,,,,,,,,,,,,,,,,,
43,PF57740,Geberit HDPE 135deg HDPE single branch 110 x 50mm,Geberit,9.17,"Manufactured in high density polyethylene (HDPE), this Geberit HDPE 45° branch fitting with 110 x 50 x 110mm solvent weld connections is suitable for a range of uses in building and roof drainage in industrial, commercial and laboratory settings and can be installed in-ground, in concrete or during bridge construction. This fitting is additionally suitable for conventional or siphonic roof drainage systems and in land drainage systems.",Drainage/Waste Pipe and Fittings/Waste Pipe Branches/Waste Pipe Branches.csv -> Geberit HDPE 135deg HDPE single branch 110 x 50mm,,,https://www.wolseley.co.uk/wcsstore/ExtendedSitesCatalogAssetStore/images/products/AssetPush/wol-web-proof-medium-w/std.lang.all/77/41/NW-F57740_F57741_wm.jpg,https://www.wolseley.co.uk/wcsstore/ExtendedSitesCatalogAssetStore/images/products/AssetPush/DTP_AssetPushHighRes/std.lang.all/og/ue/Geberit_HDPE_Silent_db20_Catalogue.pdf,https://www.wolseley.co.uk/wcsstore/ExtendedSitesCatalogAssetStore/images/products/AssetPush/DTP_AssetPushHighRes/std.lang.all/ui/de/Geberit_DrainageSystem_Product_Guide.pdf,,,,,,,,,,,,,,,,,,,,,,,,,
44,PQ64427,"Wavin Wavin OsmaWeld 92.5deg tee 1.1/4"" Grey",Wavin,4.48,"Made of robust grey ABS, this Wavin OsmaWeld 32mm 87.5° tee incorporates reliable solvent weld connections.","Drainage/Waste Pipe and Fittings/Waste Pipe Branches/Waste Pipe Branches.csv -> Wavin Wavin OsmaWeld 92.5deg tee 1.1/4"" Grey",,,https://www.wolseley.co.uk/wcsstore/ExtendedSitesCatalogAssetStore/images/products/AssetPush/wol-web-proof-medium-w/std.lang.all/44/27/NW-Q64427_wm.jpg,https://www.wolseley.co.uk/wcsstore/ExtendedSitesCatalogAssetStore/images/products/AssetPush/DTP_AssetPushHighRes/std.lang.all/ms/ds/Wavin_ABS_MSDS.pdf,https://www.wolseley.co.uk/wcsstore/ExtendedSitesCatalogAssetStore/images/products/AssetPush/DTP_AssetPushHighRes/std.lang.all/ti/on/Wavin_Osma_Soil-Waste_Installation.pdf,https://www.wolseley.co.uk/wcsstore/ExtendedSitesCatalogAssetStore/images/products/AssetPush/DTP_AssetPushHighRes/std.lang.all/ta/ll/Wavin_Osma_Waste_Water_Drain_Install.pdf,https://www.wolseley.co.uk/wcsstore/ExtendedSitesCatalogAssetStore/images/products/AssetPush/DTP_AssetPushHighRes/std.lang.all/br/cr/Wavin_Osma_RoundLine_Drainage_Brcr.pdf,https://www.wolseley.co.uk/wcsstore/ExtendedSitesCatalogAssetStore/images/products/AssetPush/DTP_AssetPushHighRes/std.lang.all/ca/te/Wavin_OsmaSoil_Waste_Certificate.pdf,,,,,,,,,,,,,,,,,,,,,,
45,PF15156,"Center CB 90deg swept tee 1.1/4""",Center CB,3.43,"Made of polypropylene (PP), this Center CB 32mm swept tee with push-fit connections is part of a range designed to incorporate simple but effective ring seal jointing for fast, convenient installation. This cost-effective system is completely demountable, making it suitable for both new installations and modifications.","Drainage/Waste Pipe and Fittings/Waste Pipe Branches/Waste Pipe Branches.csv -> Center CB 90deg swept tee 1.1/4""",,,https://www.wolseley.co.uk/wcsstore/ExtendedSitesCatalogAssetStore/images/products/AssetPush/wol-web-proof-medium-w/std.lang.all/51/56/NW-F15156_wm.jpg,https://www.wolseley.co.uk/wcsstore/ExtendedSitesCatalogAssetStore/images/products/AssetPush/DTP_AssetPushHighRes/std.lang.all/20/19/Center_CB_DrainageProductGuide_2019.pdf,,,,,,,,,,,,,,,,,,,,,,,,,,
46,PQ66563,Wavin Osma Waste 87.5deg tee 50mm White,Wavin,15.98,"Part of a reliable PVC-C waste system, this Wavin Osma Waste 50mm 87.5° waste tee in white can withstand high in-service temperatures. Suitable for both interior and exterior installation, this fitting is resistant to UV and has fire retardant properties.",Drainage/Waste Pipe and Fittings/Waste Pipe Branches/Waste Pipe Branches.csv -> Wavin Osma Waste 87.5deg tee 50mm White,,,https://www.wolseley.co.uk/wcsstore/ExtendedSitesCatalogAssetStore/images/products/AssetPush/wol-web-proof-medium-w/std.lang.all/65/63/NW-Q66563_wm.jpg,https://www.wolseley.co.uk/wcsstore/ExtendedSitesCatalogAssetStore/images/products/AssetPush/DTP_AssetPushHighRes/std.lang.all/ti/on/Wavin_Osma_Soil-Waste_Installation.pdf,https://www.wolseley.co.uk/wcsstore/ExtendedSitesCatalogAssetStore/images/products/AssetPush/DTP_AssetPushHighRes/std.lang.all/ms/ds/Wavin_PVC_U_Pipe_&_Fittings_MSDS.pdf,https://www.wolseley.co.uk/wcsstore/ExtendedSitesCatalogAssetStore/images/products/AssetPush/DTP_AssetPushHighRes/std.lang.all/ta/ll/Wavin_Osma_Waste_Water_Drain_Install.pdf,https://www.wolseley.co.uk/wcsstore/ExtendedSitesCatalogAssetStore/images/products/AssetPush/DTP_AssetPushHighRes/std.lang.all/br/cr/Wavin_Osma_RoundLine_Drainage_Brcr.pdf,https://www.wolseley.co.uk/wcsstore/ExtendedSitesCatalogAssetStore/images/products/AssetPush/DTP_AssetPushHighRes/std.lang.all/ca/te/Wavin_OsmaSoil_Waste_Certificate.pdf,,,,,,,,,,,,,,,,,,,,,,
47,PF66593,Polypipe 91.25deg equal tee 40mm White,Polypipe,11.1,"Suitable for domestic use, this Polypipe tee is made of white polypropylene (PP) with 40mm compression ends.",Drainage/Waste Pipe and Fittings/Waste Pipe Branches/Waste Pipe Branches.csv -> Polypipe 91.25deg equal tee 40mm White,,,https://www.wolseley.co.uk/wcsstore/ExtendedSitesCatalogAssetStore/images/products/AssetPush/wol-web-proof-medium-w/std.lang.all/65/93/NW-F66593_wm.jpg,https://www.wolseley.co.uk/wcsstore/ExtendedSitesCatalogAssetStore/images/products/AssetPush/DTP_AssetPushHighRes/std.lang.all/20/15/Polypipe_Building_Prod_Guide_May2015.pdf,,,,,,,,,,,,,,,,,,,,,,,,,,
48,PF66369,Polypipe 92.5deg cross tee 50mm White,Polypipe,8.71,"Made of white ABS, this Polypipe cross tee with 50mm solvent weld connections is suitable for domestic applications. A popular selection for residential waste installations, the Polypipe ABS solvent weld range incorporates BioCote anti-microbial technology.",Drainage/Waste Pipe and Fittings/Waste Pipe Branches/Waste Pipe Branches.csv -> Polypipe 92.5deg cross tee 50mm White,,,https://www.wolseley.co.uk/wcsstore/ExtendedSitesCatalogAssetStore/images/products/AssetPush/wol-web-proof-medium-w/std.lang.all/63/69/NW-F66369_wm.jpg,https://www.wolseley.co.uk/wcsstore/ExtendedSitesCatalogAssetStore/images/products/AssetPush/DTP_AssetPushHighRes/std.lang.all/hu/re/Polypipe_PolySoil_Brochure.pdf,https://www.wolseley.co.uk/wcsstore/ExtendedSitesCatalogAssetStore/images/products/AssetPush/DTP_AssetPushHighRes/std.lang.all/20/15/Polypipe_Building_Prod_Guide_May2015.pdf,,,,,,,,,,,,,,,,,,,,,,,,,
49,PF57705,Geberit HDPE 91.5deg HDPE branch 110 x 50mm,Geberit,8.27,"Manufactured in high density polyethylene (HDPE), this Geberit HDPE 88.5° T branch fitting with 110 x 50 x 110mm solvent weld connections is suitable for a range of uses in building and roof drainage in industrial, commercial and laboratory settings and can be installed in-ground, in concrete or during bridge construction. This fitting is additionally suitable for conventional or siphonic roof drainage systems and in land drainage systems.",Drainage/Waste Pipe and Fittings/Waste Pipe Branches/Waste Pipe Branches.csv -> Geberit HDPE 91.5deg HDPE branch 110 x 50mm,,,https://www.wolseley.co.uk/wcsstore/ExtendedSitesCatalogAssetStore/images/products/AssetPush/wol-web-proof-medium-w/std.lang.all/77/05/NW-F57304_F57705_wm.jpg,https://www.wolseley.co.uk/wcsstore/ExtendedSitesCatalogAssetStore/images/products/AssetPush/DTP_AssetPushHighRes/std.lang.all/og/ue/Geberit_HDPE_Silent_db20_Catalogue.pdf,https://www.wolseley.co.uk/wcsstore/ExtendedSitesCatalogAssetStore/images/products/AssetPush/DTP_AssetPushHighRes/std.lang.all/ui/de/Geberit_DrainageSystem_Product_Guide.pdf,,,,,,,,,,,,,,,,,,,,,,,,,
50,PQ64224,"Wavin Wavin OsmaSoil 87.5deg 5-boss branch 4"" Grey",Wavin,68.06,"Made of grey PVC-u, this Wavin OsmaSoil 4"" 87.5° five-boss branch with 110mm socket x socket x plain end connections is suitable for use in both domestic and commercial installations.","Drainage/Waste Pipe and Fittings/Waste Pipe Branches/Waste Pipe Branches.csv -> Wavin Wavin OsmaSoil 87.5deg 5-boss branch 4"" Grey",,,https://www.wolseley.co.uk/wcsstore/ExtendedSitesCatalogAssetStore/images/products/AssetPush/wol-web-proof-medium-w/std.lang.all/42/24/NW-Q64224_wm.jpg,https://www.wolseley.co.uk/wcsstore/ExtendedSitesCatalogAssetStore/images/products/AssetPush/DTP_AssetPushHighRes/std.lang.all/ti/on/Wavin_Osma_Soil-Waste_Installation.pdf,https://www.wolseley.co.uk/wcsstore/ExtendedSitesCatalogAssetStore/images/products/AssetPush/DTP_AssetPushHighRes/std.lang.all/ms/ds/Wavin_PVC_U_Pipe_&_Fittings_MSDS.pdf,https://www.wolseley.co.uk/wcsstore/ExtendedSitesCatalogAssetStore/images/products/AssetPush/DTP_AssetPushHighRes/std.lang.all/ca/te/Wavin_OsmaSoil_Waste_Certificate.pdf,,,,,,,,,,,,,,,,,,,,,,,,
51,PF42781,"McAlpine V33S-22 tee piece (BSP) 1.1/2"" x 1.1/2"" x 22mm",McAlpine,3.25,"This McAlpine tee is designed for use on a WC overflow and includes a 1 1/2"" BSP female nut x 1 1/2"" BSP male thread x 19/23mm universal connection.","Drainage/Waste Pipe and Fittings/Waste Pipe Branches/Waste Pipe Branches.csv -> McAlpine V33S-22 tee piece (BSP) 1.1/2"" x 1.1/2"" x 22mm",,,https://www.wolseley.co.uk/wcsstore/ExtendedSitesCatalogAssetStore/images/products/AssetPush/wol-web-proof-medium-w/std.lang.all/27/81/NW-F42781_wm.jpg,https://www.wolseley.co.uk/wcsstore/ExtendedSitesCatalogAssetStore/images/products/AssetPush/DTP_AssetPushHighRes/std.lang.all/wi/ng/F42781_Drawing.pdf,https://www.wolseley.co.uk/wcsstore/ExtendedSitesCatalogAssetStore/images/products/AssetPush/DTP_AssetPushHighRes/std.lang.all/ic/al/McAlpine_Plumbing_Products_Technical.pdf,https://www.wolseley.co.uk/wcsstore/ExtendedSitesCatalogAssetStore/images/products/AssetPush/DTP_AssetPushHighRes/std.lang.all/og/ue/McAlpine_Plumbing_Products_Catalogue.pdf,,,,,,,,,,,,,,,,,,,,,,,,
52,PF02493,Geberit Silent-db20 DB20 88.5deg right branch 110 x 110 x 56mm Silent-db20,Geberit,66.0,"Geberit Silent-db20 fulfils existing sound insulation requirements without difficulty, because the sound insulation comes already installed.  Polyethylene, the mineral reinforced plastic, is used for its manufacture, which lends the pipes and fittings an increased weight, thus effectively reducing both their natural vibration and the sound it generates.  Sound insulation ribs in the impact zones further reduce noise development.  In addition, system pipe brackets for wall fastening decouple the drainage system acoustically from both walls and ceilings, thus preventing a transmission of solid-borne sound.",Drainage/Waste Pipe and Fittings/Waste Pipe Branches/Waste Pipe Branches.csv -> Geberit Silent-db20 DB20 88.5deg right branch 110 x 110 x 56mm Silent-db20,,,https://www.wolseley.co.uk/wcsstore/ExtendedSitesCatalogAssetStore/images/products/AssetPush/wol-web-proof-medium-w/std.lang.all/ma/ge/F02493_primary_image_wm.jpg,,,,,,Black,110 mm / 110 mm / 56 mm,Plastic Welded End,110mm,Silent-db20,10 Years,1.447 kg,N,Mineral-Reinforced Polyethylene (PE-S2),BBA 20/5742,310.115.14.1,Multibranch Fitting,N,Swept entry,Outstanding sound insulation,Fitting welded,Abrasion resistant,UV-resistant,,,,
53,PF02494,Geberit Silent-db20 DB20 88.5deg combined branch 110 x 110 x 56mm Silent-db20,Geberit,65.69,"Ready-installed with sound insulation, this Geberit Silent-db20 110 x 110 x 56mm 88.5° combined branch is made of mineral-reinforced plastic, or polyethylene (PP), a heavier material with a reduced risk of natural vibration.  In addition, the fitting is designed with sound insulation ribs built into its impact zones for extra protection from noise.  Using the pipe brackets that make up part of the same system for wall fastening prevents further transmission of sound by keeping pipes and fittings away from walls and ceilings.",Drainage/Waste Pipe and Fittings/Waste Pipe Branches/Waste Pipe Branches.csv -> Geberit Silent-db20 DB20 88.5deg combined branch 110 x 110 x 56mm Silent-db20,,,https://www.wolseley.co.uk/wcsstore/ExtendedSitesCatalogAssetStore/images/products/AssetPush/wol-web-proof-medium-w/std.lang.all/ma/ge/F02494_primary_image_wm.jpg,,,,,,Black,110 mm / 110 mm / 56 mm,Plastic Welded End,110mm,Silent-db20,10 Years,1.453 kg,N,Mineral-Reinforced Polyethylene (PE-S2),BBA 20/5742,310.813.14.1,Multibranch Fitting,N,Swept entry,Outstanding sound insulation,Fitting welded,Abrasion resistant,UV-resistant,,,,
54,PQ64226,Wavin Wavin OsmaSoil 135deg single branch 110mm Grey,Wavin,78.05,"Made of grey PVC-u, this Wavin OsmaSoil 110mm 135° single branch with socket x socket x plain end connections is suitable for use in both domestic and commercial installations.",Drainage/Waste Pipe and Fittings/Waste Pipe Branches/Waste Pipe Branches.csv -> Wavin Wavin OsmaSoil 135deg single branch 110mm Grey,,,https://www.wolseley.co.uk/wcsstore/ExtendedSitesCatalogAssetStore/images/products/AssetPush/wol-web-proof-medium-w/std.lang.all/42/26/NW-Q64226_wm.jpg,https://www.wolseley.co.uk/wcsstore/ExtendedSitesCatalogAssetStore/images/products/AssetPush/DTP_AssetPushHighRes/std.lang.all/ti/on/Wavin_Osma_Soil-Waste_Installation.pdf,https://www.wolseley.co.uk/wcsstore/ExtendedSitesCatalogAssetStore/images/products/AssetPush/DTP_AssetPushHighRes/std.lang.all/ms/ds/Wavin_PVC_U_Pipe_&_Fittings_MSDS.pdf,https://www.wolseley.co.uk/wcsstore/ExtendedSitesCatalogAssetStore/images/products/AssetPush/DTP_AssetPushHighRes/std.lang.all/ca/te/Wavin_OsmaSoil_Waste_Certificate.pdf,,,,,,,,,,,,,,,,,,,,,,,,
55,PF60309,Polypipe Terrain 600 91deg ABS swept tee 50mm White,Polypipe,8.89,"Made of white ABS, this Polypipe Terrain 600 sweep tee with 50mm solvent weld connections is suitable for use in commercial building services.",Drainage/Waste Pipe and Fittings/Waste Pipe Branches/Waste Pipe Branches.csv -> Polypipe Terrain 600 91deg ABS swept tee 50mm White,,,https://www.wolseley.co.uk/wcsstore/ExtendedSitesCatalogAssetStore/images/products/AssetPush/wol-web-proof-medium-w/std.lang.all/03/09/NW-F60307_F60309_wm.jpg,https://www.wolseley.co.uk/wcsstore/ExtendedSitesCatalogAssetStore/images/products/AssetPush/DTP_AssetPushHighRes/std.lang.all/20/15/Polypipe_Building_Prod_Guide_May2015.pdf,,,,,,,,,,,,,,,,,,,,,,,,,,
56,PF66556,Polypipe 92.5deg ABS swept tee 50mm White,Polypipe,7.82,"Made of white ABS, this Polypipe swept tee with 50mm solvent weld connections is suitable for domestic applications. A popular selection for residential waste installations, the Polypipe ABS solvent weld range incorporates BioCote anti-microbial technology.",Drainage/Waste Pipe and Fittings/Waste Pipe Branches/Waste Pipe Branches.csv -> Polypipe 92.5deg ABS swept tee 50mm White,,,https://www.wolseley.co.uk/wcsstore/ExtendedSitesCatalogAssetStore/images/products/AssetPush/wol-web-proof-medium-w/std.lang.all/65/56/NW-F66556_wm.jpg,https://www.wolseley.co.uk/wcsstore/ExtendedSitesCatalogAssetStore/images/products/AssetPush/DTP_AssetPushHighRes/std.lang.all/hu/re/Polypipe_PolySoil_Brochure.pdf,https://www.wolseley.co.uk/wcsstore/ExtendedSitesCatalogAssetStore/images/products/AssetPush/DTP_AssetPushHighRes/std.lang.all/20/15/Polypipe_Building_Prod_Guide_May2015.pdf,,,,,,,,,,,,,,,,,,,,,,,,,
57,PF02437,Geberit Silent-db20 Multiple (four) branch fitting 110 x 56mm Silent-db20,Geberit,84.03,"Designed to suit premium residential and hotel developments, this Geberit Silent-db20 88.5° quadruple branch fitting is also a reliable choice for healthcare settings including hospitals, nursing homes and retirement complexes.  Made of mineral-reinforced polyethylene (PE-S2) and with 110 x 56mm solvent weld connections. This fitting system with outstanding sound insulation, contains a triple protection against sound transmission and is recommended for use anywhere that high levels of sound insulation are required.",Drainage/Waste Pipe and Fittings/Waste Pipe Branches/Waste Pipe Branches.csv -> Geberit Silent-db20 Multiple (four) branch fitting 110 x 56mm Silent-db20,,,https://www.wolseley.co.uk/wcsstore/ExtendedSitesCatalogAssetStore/images/products/AssetPush/wol-web-proof-medium-w/std.lang.all/ma/ge/F02437_primary_image_wm.jpg,https://www.wolseley.co.uk/wcsstore/ExtendedSitesCatalogAssetStore/images/products/AssetPush/DTP_AssetPushHighRes/std.lang.all/og/ue/Geberit_HDPE_Silent_db20_Catalogue.pdf,https://www.wolseley.co.uk/wcsstore/ExtendedSitesCatalogAssetStore/images/products/AssetPush/DTP_AssetPushHighRes/std.lang.all/ui/de/Geberit_DrainageSystem_Product_Guide.pdf,,,,,,,,,,,,,,,,,,,,,,,,,
58,PF24815,Marley Solvent Waste 88.5deg equal tee 40mm White,Marley,4.18,This Marley Solvent Waste 40mm 88.5° tee in white is suitable for both internal and external applications.,Drainage/Waste Pipe and Fittings/Waste Pipe Branches/Waste Pipe Branches.csv -> Marley Solvent Waste 88.5deg equal tee 40mm White,,,https://www.wolseley.co.uk/wcsstore/ExtendedSitesCatalogAssetStore/images/products/AssetPush/wol-web-proof-medium-w/std.lang.all/48/15/NW-F24815_wm.jpg,https://www.wolseley.co.uk/wcsstore/ExtendedSitesCatalogAssetStore/images/products/AssetPush/DTP_AssetPushHighRes/std.lang.all/ti/on/Marley_Soil-Waste_Installation.pdf,https://www.wolseley.co.uk/wcsstore/ExtendedSitesCatalogAssetStore/images/products/AssetPush/DTP_AssetPushHighRes/std.lang.all/hu/re/Marley_Soil-Waste_Brochure.pdf,,,,,,,,,,,,,,,,,,,,,,,,,
59,PF57243,Geberit HDPE 135deg HDPE equal Y-branch 50mm,Geberit,4.2,"Suitable for industrial, commercial or laboratory use, this Geberit HDPE 45° Y branch fitting can be installed during bridge construction, in-ground or in concrete.  It is also compatible with conventional or siphonic roof drainage systems and with land drainage systems.  Made of black colour high density polyethylene, commonly known as HDPE, this fitting is designed with secure 50mm solvent weld connections.",Drainage/Waste Pipe and Fittings/Waste Pipe Branches/Waste Pipe Branches.csv -> Geberit HDPE 135deg HDPE equal Y-branch 50mm,,,https://www.wolseley.co.uk/wcsstore/ExtendedSitesCatalogAssetStore/images/products/AssetPush/wol-web-proof-medium-w/std.lang.all/ma/ge/F57243_primary_image_wm.jpg,https://www.wolseley.co.uk/wcsstore/ExtendedSitesCatalogAssetStore/images/products/AssetPush/DTP_AssetPushHighRes/std.lang.all/og/ue/Geberit_HDPE_Silent_db20_Catalogue.pdf,https://www.wolseley.co.uk/wcsstore/ExtendedSitesCatalogAssetStore/images/products/AssetPush/DTP_AssetPushHighRes/std.lang.all/ui/de/Geberit_DrainageSystem_Product_Guide.pdf,,,,,,,,,,,,,,,,,,,,,,,,,
60,PF00469,McAlpine 42E-CB compression tee 42mm Chrome Plated,McAlpine,39.42,"This McAlpine 1 1/2 x 1 1/2 x 1 1/2"" compression tee is made of brass with a chrome-plated finish.",Drainage/Waste Pipe and Fittings/Waste Pipe Branches/Waste Pipe Branches.csv -> McAlpine 42E-CB compression tee 42mm Chrome Plated,,,https://www.wolseley.co.uk/wcsstore/ExtendedSitesCatalogAssetStore/images/products/AssetPush/wol-web-proof-medium-w/std.lang.all/04/69/NW-F00469_wm.jpg,https://www.wolseley.co.uk/wcsstore/ExtendedSitesCatalogAssetStore/images/products/AssetPush/DTP_AssetPushHighRes/std.lang.all/ic/al/McAlpine_Plumbing_Products_Technical.pdf,https://www.wolseley.co.uk/wcsstore/ExtendedSitesCatalogAssetStore/images/products/AssetPush/DTP_AssetPushHighRes/std.lang.all/wi/ng/F00469_Drawing.pdf,https://www.wolseley.co.uk/wcsstore/ExtendedSitesCatalogAssetStore/images/products/AssetPush/DTP_AssetPushHighRes/std.lang.all/og/ue/McAlpine_Plumbing_Products_Catalogue.pdf,,,,,,,,,,,,,,,,,,,,,,,,
61,PQ40300,Wavin HDPE 45deg branch 110 x 110mm,Wavin,7.7,"This Wavin HDPE 110mm branch with 100mm welded x welded connections is part of a universal system approved for pipe installation in buildings to DIN 19535 and DIN EN 1519 standards. Wavin HDPE is a complete soil, waste and vent system offering durable chemical resistance, flexibility level and excellent impact resistance. Fittings in the HDPE range are suitable for use in negative pressure installations including the Wavin QuickStream siphonic roof drainage system.",Drainage/Waste Pipe and Fittings/Waste Pipe Branches/Waste Pipe Branches.csv -> Wavin HDPE 45deg branch 110 x 110mm,,,https://www.wolseley.co.uk/wcsstore/ExtendedSitesCatalogAssetStore/images/products/AssetPush/wol-web-proof-medium-w/std.lang.all/03/00/NW-Q40300_wm.jpg,https://www.wolseley.co.uk/wcsstore/ExtendedSitesCatalogAssetStore/images/products/AssetPush/DTP_AssetPushHighRes/std.lang.all/ms/ds/Wavin_PP_&_PE_MSDS.pdf,https://www.wolseley.co.uk/wcsstore/ExtendedSitesCatalogAssetStore/images/products/AssetPush/DTP_AssetPushHighRes/std.lang.all/ti/on/Wavin_HDPE_Installation.pdf,,,,,,,,,,,,,,,,,,,,,,,,,
62,PQ66760,Wavin Osma Waste washing machine tee piece White,Wavin,12.1,"Easy and quick to install thanks to its reliable push-fit connections, this Wavin Osma Waste 40mm washing machine tee is made of robust white polypropylene (PP).",Drainage/Waste Pipe and Fittings/Waste Pipe Branches/Waste Pipe Branches.csv -> Wavin Osma Waste washing machine tee piece White,,,https://www.wolseley.co.uk/wcsstore/ExtendedSitesCatalogAssetStore/images/products/AssetPush/wol-web-proof-medium-w/std.lang.all/67/60/NW-Q66760_wm.jpg,https://www.wolseley.co.uk/wcsstore/ExtendedSitesCatalogAssetStore/images/products/AssetPush/DTP_AssetPushHighRes/std.lang.all/ti/on/Wavin_Osma_Soil-Waste_Installation.pdf,https://www.wolseley.co.uk/wcsstore/ExtendedSitesCatalogAssetStore/images/products/AssetPush/DTP_AssetPushHighRes/std.lang.all/ta/ll/Wavin_Osma_Waste_Water_Drain_Install.pdf,https://www.wolseley.co.uk/wcsstore/ExtendedSitesCatalogAssetStore/images/products/AssetPush/DTP_AssetPushHighRes/std.lang.all/br/cr/Wavin_Osma_RoundLine_Drainage_Brcr.pdf,https://www.wolseley.co.uk/wcsstore/ExtendedSitesCatalogAssetStore/images/products/AssetPush/DTP_AssetPushHighRes/std.lang.all/ca/te/Wavin_OsmaSoil_Waste_Certificate.pdf,https://www.wolseley.co.uk/wcsstore/ExtendedSitesCatalogAssetStore/images/products/AssetPush/DTP_AssetPushHighRes/std.lang.all/ms/ds/Wavin_PP_&_PE_MSDS.pdf,,,,,,,,,,,,,,,,,,,,,,
63,PF02034,Geberit Silent-db20 88.5deg branch 110 x 56mm,Geberit,17.56,"Ideal for use in projects requiring high levels of sound insulation, this Geberit Silent-db20 88.5° branch fitting is made of mineral-reinforced polyethylene (PE-S2) and offers 110 x 56 x 110mm solvent weld connections. This fitting is suitable for use in premium residential buildings and hotels as well as in hospitals, retirement and nursing homes.",Drainage/Waste Pipe and Fittings/Waste Pipe Branches/Waste Pipe Branches.csv -> Geberit Silent-db20 88.5deg branch 110 x 56mm,,,https://www.wolseley.co.uk/wcsstore/ExtendedSitesCatalogAssetStore/images/products/AssetPush/wol-web-proof-medium-w/std.lang.all/20/34/NW-F02034_wm.jpg,https://www.wolseley.co.uk/wcsstore/ExtendedSitesCatalogAssetStore/images/products/AssetPush/DTP_AssetPushHighRes/std.lang.all/og/ue/Geberit_HDPE_Silent_db20_Catalogue.pdf,https://www.wolseley.co.uk/wcsstore/ExtendedSitesCatalogAssetStore/images/products/AssetPush/DTP_AssetPushHighRes/std.lang.all/ui/de/Geberit_DrainageSystem_Product_Guide.pdf,,,,,,,,,,,,,,,,,,,,,,,,,
64,PF24864,Marley Solvent Waste 88.5deg cross tee 50mm White,Marley,20.11,This Marley Solvent Waste 50mm 88.5° cross tee in white is suitable for both internal and external applications.,Drainage/Waste Pipe and Fittings/Waste Pipe Branches/Waste Pipe Branches.csv -> Marley Solvent Waste 88.5deg cross tee 50mm White,,,https://www.wolseley.co.uk/wcsstore/ExtendedSitesCatalogAssetStore/images/products/AssetPush/wol-web-proof-medium-w/std.lang.all/48/64/NW-F24864_wm.jpg,https://www.wolseley.co.uk/wcsstore/ExtendedSitesCatalogAssetStore/images/products/AssetPush/DTP_AssetPushHighRes/std.lang.all/ti/on/Marley_Soil-Waste_Installation.pdf,https://www.wolseley.co.uk/wcsstore/ExtendedSitesCatalogAssetStore/images/products/AssetPush/DTP_AssetPushHighRes/std.lang.all/hu/re/Marley_Soil-Waste_Brochure.pdf,,,,,,,,,,,,,,,,,,,,,,,,,
65,PQ66001,Wavin Wavin OsmaSoil equal single branch 87.5' 110mm Black,Wavin,51.71,"Made of black PVC-u, this Wavin OsmaSoil 110mm 87.5° equal single branch with solvent weld x solvent weld x plain end connections is suitable for use in both domestic and commercial installations.",Drainage/Waste Pipe and Fittings/Waste Pipe Branches/Waste Pipe Branches.csv -> Wavin Wavin OsmaSoil equal single branch 87.5' 110mm Black,,,https://www.wolseley.co.uk/wcsstore/ExtendedSitesCatalogAssetStore/images/products/AssetPush/wol-web-proof-medium-w/std.lang.all/60/01/NW-Q66001_wm.jpg,https://www.wolseley.co.uk/wcsstore/ExtendedSitesCatalogAssetStore/images/products/AssetPush/DTP_AssetPushHighRes/std.lang.all/ti/on/Wavin_Osma_Soil-Waste_Installation.pdf,https://www.wolseley.co.uk/wcsstore/ExtendedSitesCatalogAssetStore/images/products/AssetPush/DTP_AssetPushHighRes/std.lang.all/ms/ds/Wavin_PVC_U_Pipe_&_Fittings_MSDS.pdf,https://www.wolseley.co.uk/wcsstore/ExtendedSitesCatalogAssetStore/images/products/AssetPush/DTP_AssetPushHighRes/std.lang.all/ca/te/Wavin_OsmaSoil_Waste_Certificate.pdf,,,,,,,,,,,,,,,,,,,,,,,,
66,PF47682,"McAlpine V33L tee for washing machne 1.1/2 x 1.1/2 x 3/4""",McAlpine,6.84,"This McAlpine 1 1/2 x 1 1/2 x 3/4"" Surefit swept tee with BSP female nut x BSP male thread x nozzle is used for the discharge hose of domestic appliances such as washing machines.","Drainage/Waste Pipe and Fittings/Waste Pipe Branches/Waste Pipe Branches.csv -> McAlpine V33L tee for washing machne 1.1/2 x 1.1/2 x 3/4""",,,https://www.wolseley.co.uk/wcsstore/ExtendedSitesCatalogAssetStore/images/products/AssetPush/wol-web-proof-medium-w/std.lang.all/76/82/NW-F47682_wm.jpg,https://www.wolseley.co.uk/wcsstore/ExtendedSitesCatalogAssetStore/images/products/AssetPush/DTP_AssetPushHighRes/std.lang.all/ic/al/McAlpine_Plumbing_Products_Technical.pdf,https://www.wolseley.co.uk/wcsstore/ExtendedSitesCatalogAssetStore/images/products/AssetPush/DTP_AssetPushHighRes/std.lang.all/wi/ng/F47682_Drawing.pdf,https://www.wolseley.co.uk/wcsstore/ExtendedSitesCatalogAssetStore/images/products/AssetPush/DTP_AssetPushHighRes/std.lang.all/og/ue/McAlpine_Plumbing_Products_Catalogue.pdf,,,,,,,,,,,,,,,,,,,,,,,,
67,PQ64179,Wavin Wavin OsmaSoil 87.5deg single branch 110mm Black,Wavin,52.51,"Made of black PVC-u, this Wavin OsmaSoil 110 x 110 x 100mm 87.5° single branch with socket x socket x plain end connections is suitable for use in both domestic and commercial installations.",Drainage/Waste Pipe and Fittings/Waste Pipe Branches/Waste Pipe Branches.csv -> Wavin Wavin OsmaSoil 87.5deg single branch 110mm Black,,,https://www.wolseley.co.uk/wcsstore/ExtendedSitesCatalogAssetStore/images/products/AssetPush/wol-web-proof-medium-w/std.lang.all/41/79/NW-Q64179_wm.jpg,https://www.wolseley.co.uk/wcsstore/ExtendedSitesCatalogAssetStore/images/products/AssetPush/DTP_AssetPushHighRes/std.lang.all/ti/on/Wavin_Osma_Soil-Waste_Installation.pdf,https://www.wolseley.co.uk/wcsstore/ExtendedSitesCatalogAssetStore/images/products/AssetPush/DTP_AssetPushHighRes/std.lang.all/ms/ds/Wavin_PVC_U_Pipe_&_Fittings_MSDS.pdf,https://www.wolseley.co.uk/wcsstore/ExtendedSitesCatalogAssetStore/images/products/AssetPush/DTP_AssetPushHighRes/std.lang.all/ca/te/Wavin_OsmaSoil_Waste_Certificate.pdf,,,,,,,,,,,,,,,,,,,,,,,,
68,PF41134,"McAlpine V8M multi-fit swept equal tee 1.1/4""",McAlpine,3.97,"This McAlpine 1 1/4 x 1 1/4 x 1 1/4"" swept equal tee has a multifit connection with moulded internal sleeves designed to centre and support the pipe. Multifit and friction washers are used to create a secure seal between the pipe and the fitting wall of the fitting. Where a plastic pipe is undersized or out of shape it may be necessary to warm the end, enabling it to be pushed over the internal sleeve.","Drainage/Waste Pipe and Fittings/Waste Pipe Branches/Waste Pipe Branches.csv -> McAlpine V8M multi-fit swept equal tee 1.1/4""",,,https://www.wolseley.co.uk/wcsstore/ExtendedSitesCatalogAssetStore/images/products/AssetPush/wol-web-proof-medium-w/std.lang.all/15/35/F41535_wm.jpg,https://www.wolseley.co.uk/wcsstore/ExtendedSitesCatalogAssetStore/images/products/AssetPush/DTP_AssetPushHighRes/std.lang.all/wi/ng/F41134_Drawing.pdf,https://www.wolseley.co.uk/wcsstore/ExtendedSitesCatalogAssetStore/images/products/AssetPush/DTP_AssetPushHighRes/std.lang.all/ic/al/McAlpine_Plumbing_Products_Technical.pdf,https://www.wolseley.co.uk/wcsstore/ExtendedSitesCatalogAssetStore/images/products/AssetPush/DTP_AssetPushHighRes/std.lang.all/og/ue/McAlpine_Plumbing_Products_Catalogue.pdf,,,,,,,,,,,,,,,,,,,,,,,,
69,PQ64228,Wavin Wavin OsmaSoil 92.5deg double branch 110mm Grey,Wavin,131.32,"Made of grey PVC-u, this Wavin OsmaSoil 110mm 92.5° double branch with socket x socket x socket x plain end connections is suitable for use in both domestic and commercial installations.",Drainage/Waste Pipe and Fittings/Waste Pipe Branches/Waste Pipe Branches.csv -> Wavin Wavin OsmaSoil 92.5deg double branch 110mm Grey,,,https://www.wolseley.co.uk/wcsstore/ExtendedSitesCatalogAssetStore/images/products/AssetPush/wol-web-proof-medium-w/std.lang.all/42/28/NW-Q64228_wm.jpg,https://www.wolseley.co.uk/wcsstore/ExtendedSitesCatalogAssetStore/images/products/AssetPush/DTP_AssetPushHighRes/std.lang.all/ti/on/Wavin_Osma_Soil-Waste_Installation.pdf,https://www.wolseley.co.uk/wcsstore/ExtendedSitesCatalogAssetStore/images/products/AssetPush/DTP_AssetPushHighRes/std.lang.all/ms/ds/Wavin_PVC_U_Pipe_&_Fittings_MSDS.pdf,https://www.wolseley.co.uk/wcsstore/ExtendedSitesCatalogAssetStore/images/products/AssetPush/DTP_AssetPushHighRes/std.lang.all/ca/te/Wavin_OsmaSoil_Waste_Certificate.pdf,,,,,,,,,,,,,,,,,,,,,,,,
70,PQ64246,"Wavin Wavin OsmaSoil 87.5deg 5-boss branch 4"" Grey",Wavin,59.04,"Made of grey PVC-u, this Wavin OsmaSoil 4"" 87.5° five-boss branch with 110mm socket x socket x plain end connections is suitable for use in both domestic and commercial installations.","Drainage/Waste Pipe and Fittings/Waste Pipe Branches/Waste Pipe Branches.csv -> Wavin Wavin OsmaSoil 87.5deg 5-boss branch 4"" Grey",,,https://www.wolseley.co.uk/wcsstore/ExtendedSitesCatalogAssetStore/images/products/AssetPush/wol-web-proof-medium-w/std.lang.all/42/46/NW-Q64246_wm.jpg,https://www.wolseley.co.uk/wcsstore/ExtendedSitesCatalogAssetStore/images/products/AssetPush/DTP_AssetPushHighRes/std.lang.all/ti/on/Wavin_Osma_Soil-Waste_Installation.pdf,https://www.wolseley.co.uk/wcsstore/ExtendedSitesCatalogAssetStore/images/products/AssetPush/DTP_AssetPushHighRes/std.lang.all/ms/ds/Wavin_PVC_U_Pipe_&_Fittings_MSDS.pdf,https://www.wolseley.co.uk/wcsstore/ExtendedSitesCatalogAssetStore/images/products/AssetPush/DTP_AssetPushHighRes/std.lang.all/ca/te/Wavin_OsmaSoil_Waste_Certificate.pdf,,,,,,,,,,,,,,,,,,,,,,,,
71,PF66486,Polypipe 92.5deg ABS swept tee 40mm Black,Polypipe,4.56,"Made of black ABS, this Polypipe swept tee with 40mm solvent weld connections is suitable for domestic applications. A popular selection for residential waste installations, the Polypipe ABS solvent weld range incorporates BioCote anti-microbial technology.",Drainage/Waste Pipe and Fittings/Waste Pipe Branches/Waste Pipe Branches.csv -> Polypipe 92.5deg ABS swept tee 40mm Black,,,https://www.wolseley.co.uk/wcsstore/ExtendedSitesCatalogAssetStore/images/products/AssetPush/wol-web-proof-medium-w/std.lang.all/64/86/NW-F66486_wm.jpg,https://www.wolseley.co.uk/wcsstore/ExtendedSitesCatalogAssetStore/images/products/AssetPush/DTP_AssetPushHighRes/std.lang.all/hu/re/Polypipe_PolySoil_Brochure.pdf,https://www.wolseley.co.uk/wcsstore/ExtendedSitesCatalogAssetStore/images/products/AssetPush/DTP_AssetPushHighRes/std.lang.all/20/15/Polypipe_Building_Prod_Guide_May2015.pdf,,,,,,,,,,,,,,,,,,,,,,,,,
72,PQ64939,Wavin Osma Waste 87.5deg tee 40mm Black,Wavin,4.95,"Easy to use, this Wavin Osma Waste 40mm 87.5° tee is made of black polypropylene, or PP. Reliable push-fit connections make this fitting simple and quick to install.",Drainage/Waste Pipe and Fittings/Waste Pipe Branches/Waste Pipe Branches.csv -> Wavin Osma Waste 87.5deg tee 40mm Black,,,https://www.wolseley.co.uk/wcsstore/ExtendedSitesCatalogAssetStore/images/products/AssetPush/wol-web-proof-medium-w/std.lang.all/49/39/NW-Q64939_wm.jpg,https://www.wolseley.co.uk/wcsstore/ExtendedSitesCatalogAssetStore/images/products/AssetPush/DTP_AssetPushHighRes/std.lang.all/ti/on/Wavin_Osma_Soil-Waste_Installation.pdf,https://www.wolseley.co.uk/wcsstore/ExtendedSitesCatalogAssetStore/images/products/AssetPush/DTP_AssetPushHighRes/std.lang.all/ta/ll/Wavin_Osma_Waste_Water_Drain_Install.pdf,https://www.wolseley.co.uk/wcsstore/ExtendedSitesCatalogAssetStore/images/products/AssetPush/DTP_AssetPushHighRes/std.lang.all/br/cr/Wavin_Osma_RoundLine_Drainage_Brcr.pdf,https://www.wolseley.co.uk/wcsstore/ExtendedSitesCatalogAssetStore/images/products/AssetPush/DTP_AssetPushHighRes/std.lang.all/ca/te/Wavin_OsmaSoil_Waste_Certificate.pdf,https://www.wolseley.co.uk/wcsstore/ExtendedSitesCatalogAssetStore/images/products/AssetPush/DTP_AssetPushHighRes/std.lang.all/ms/ds/Wavin_PP_&_PE_MSDS.pdf,,,,,,,,,,,,,,,,,,,,,,
73,PF57713,Geberit HDPE 135deg HDPE double Y-branch 110mm,Geberit,16.54,"Suitable for industrial, commercial or laboratory use, this Geberit HDPE 45° double Y branch fitting can be installed during bridge construction, in-ground or in concrete.  It is also compatible with conventional or siphonic roof drainage systems and with land drainage systems.  Made of black colour high density polyethylene, commonly known as HDPE, this fitting is designed with secure 110mm solvent weld connections.",Drainage/Waste Pipe and Fittings/Waste Pipe Branches/Waste Pipe Branches.csv -> Geberit HDPE 135deg HDPE double Y-branch 110mm,,,https://www.wolseley.co.uk/wcsstore/ExtendedSitesCatalogAssetStore/images/products/AssetPush/wol-web-proof-medium-w/std.lang.all/ma/ge/F57713_primary_image_wm.jpg,https://www.wolseley.co.uk/wcsstore/ExtendedSitesCatalogAssetStore/images/products/AssetPush/DTP_AssetPushHighRes/std.lang.all/og/ue/Geberit_HDPE_Silent_db20_Catalogue.pdf,https://www.wolseley.co.uk/wcsstore/ExtendedSitesCatalogAssetStore/images/products/AssetPush/DTP_AssetPushHighRes/std.lang.all/ui/de/Geberit_DrainageSystem_Product_Guide.pdf,,,,,,,,,,,,,,,,,,,,,,,,,
74,PQ40281,Wavin HDPE 3075823 90deg 4-way boss pipe 110 x 56mm,Wavin,21.82,"Wavin HDPE is a universal system approved for pipe installation in buildings to DIN 19535 and DIN EN 1519. The product range includes pipes and fittings with dimensions between 40mm and 315mm. Wavin HDPE is a complete soil, waste and vent system of pipes and fittings, manufactured from high-density polyethylene (PE HD). This tough and durable HDPE system offers an extraordinary chemical resistance in combination with a high flexibility level and great impact resistance. Wavin HDPE pipes and fittings are jointed by welding, making the joints resistant to tension. There are two methods of welding: butt welding and electro-fusion welding. Most Wavin HDPE products can also be used as part of negative pressure installations like the siphonic roof drainage system Wavin QuickStream.",Drainage/Waste Pipe and Fittings/Waste Pipe Branches/Waste Pipe Branches.csv -> Wavin HDPE 3075823 90deg 4-way boss pipe 110 x 56mm,,,https://www.wolseley.co.uk/wcsstore/ExtendedSitesCatalogAssetStore/images/products/AssetPush/wol-web-proof-medium-w/std.lang.all/02/81/Q40281_wm.jpg,,,,,,Black,110mm56mm,Weld,110 mm56 mm,HDPE,1 year,0.215 kg,N,Polyethylene (PE),DIN EN 15919-1:2001DIN 19535-10:200-01,3075823,Branch,N,Wavin HDPE is resistant to temperatures of up to 90degrees C continuous temperature and 100degrees C short term,Wavin HDPE is well suited to assemblies subjected to vibration. It is therefore ideal for use in seismic zones and across expansion joints,"With the addition of a percentage of carbon black, HDPE is UV-stabilised and can therefore be installed outdoors without degradation problems","An advantage of Wavin HDPE is that it can be welded (both by butt welding and with electrofusion joints), thereby providing a perfectly sealed system",Wavin HDPE’s lightness makes transportation and handling easy,"Because of its high resistance to chemical agents, Wavin HDPE cannot be jointed with adhesives",The elasticity of Wavin HDPE allows pipes to withstand freezing of internal water,Wavin HDPE’s elasticity gives pipes a high impact strength at temperatures as low as -40degrees C. This ruggedness makes handling of pipes easy during installation,The smooth surface of Wavin HDPE allows for both an optimum flow of any type o
75,PF24715,Marley Solvent Waste 88.5deg equal tee 32mm White,Marley,3.3,This Marley Solvent Waste 32mm 88.5° tee in white is suitable for both internal and external applications.,Drainage/Waste Pipe and Fittings/Waste Pipe Branches/Waste Pipe Branches.csv -> Marley Solvent Waste 88.5deg equal tee 32mm White,,,https://www.wolseley.co.uk/wcsstore/ExtendedSitesCatalogAssetStore/images/products/AssetPush/wol-web-proof-medium-w/std.lang.all/47/15/NW-F24715_wm.jpg,https://www.wolseley.co.uk/wcsstore/ExtendedSitesCatalogAssetStore/images/products/AssetPush/DTP_AssetPushHighRes/std.lang.all/ti/on/Marley_Soil-Waste_Installation.pdf,https://www.wolseley.co.uk/wcsstore/ExtendedSitesCatalogAssetStore/images/products/AssetPush/DTP_AssetPushHighRes/std.lang.all/hu/re/Marley_Soil-Waste_Brochure.pdf,,,,,,,,,,,,,,,,,,,,,,,,,
76,PQ62760,Wavin Wavin OsmaSoil 87.5deg 5-boss branch 110mm White,Wavin,68.06,"Made of white PVC-u, this Wavin OsmaSoil 110mm 87.5° five-boss branch with socket x socket x plain end connections is suitable for use in both domestic and commercial installations.",Drainage/Waste Pipe and Fittings/Waste Pipe Branches/Waste Pipe Branches.csv -> Wavin Wavin OsmaSoil 87.5deg 5-boss branch 110mm White,,,https://www.wolseley.co.uk/wcsstore/ExtendedSitesCatalogAssetStore/images/products/AssetPush/wol-web-proof-medium-w/std.lang.all/27/60/NW-Q62760_wm.jpg,https://www.wolseley.co.uk/wcsstore/ExtendedSitesCatalogAssetStore/images/products/AssetPush/DTP_AssetPushHighRes/std.lang.all/ti/on/Wavin_Osma_Soil-Waste_Installation.pdf,https://www.wolseley.co.uk/wcsstore/ExtendedSitesCatalogAssetStore/images/products/AssetPush/DTP_AssetPushHighRes/std.lang.all/ms/ds/Wavin_PVC_U_Pipe_&_Fittings_MSDS.pdf,https://www.wolseley.co.uk/wcsstore/ExtendedSitesCatalogAssetStore/images/products/AssetPush/DTP_AssetPushHighRes/std.lang.all/ca/te/Wavin_OsmaSoil_Waste_Certificate.pdf,,,,,,,,,,,,,,,,,,,,,,,,
77,PQ65239,Wavin Osma Waste 87.5deg tee 40mm White,Wavin,4.95,"Easy to use, this Wavin Osma Waste 40mm 87.5° tee is made of white polypropylene, or PP. Reliable push-fit connections make this fitting simple and quick to install.",Drainage/Waste Pipe and Fittings/Waste Pipe Branches/Waste Pipe Branches.csv -> Wavin Osma Waste 87.5deg tee 40mm White,,,https://www.wolseley.co.uk/wcsstore/ExtendedSitesCatalogAssetStore/images/products/AssetPush/wol-web-proof-medium-w/std.lang.all/52/39/NW-Q65239_wm.jpg,https://www.wolseley.co.uk/wcsstore/ExtendedSitesCatalogAssetStore/images/products/AssetPush/DTP_AssetPushHighRes/std.lang.all/ti/on/Wavin_Osma_Soil-Waste_Installation.pdf,https://www.wolseley.co.uk/wcsstore/ExtendedSitesCatalogAssetStore/images/products/AssetPush/DTP_AssetPushHighRes/std.lang.all/ta/ll/Wavin_Osma_Waste_Water_Drain_Install.pdf,https://www.wolseley.co.uk/wcsstore/ExtendedSitesCatalogAssetStore/images/products/AssetPush/DTP_AssetPushHighRes/std.lang.all/br/cr/Wavin_Osma_RoundLine_Drainage_Brcr.pdf,https://www.wolseley.co.uk/wcsstore/ExtendedSitesCatalogAssetStore/images/products/AssetPush/DTP_AssetPushHighRes/std.lang.all/ca/te/Wavin_OsmaSoil_Waste_Certificate.pdf,https://www.wolseley.co.uk/wcsstore/ExtendedSitesCatalogAssetStore/images/products/AssetPush/DTP_AssetPushHighRes/std.lang.all/ms/ds/Wavin_PP_&_PE_MSDS.pdf,,,,,,,,,,,,,,,,,,,,,,
78,PQ66754,Wavin OsmaWeld 87.5deg ABS tee 40mm Black,Wavin,4.73,"Made of robust black ABS, this Wavin OsmaWeld 40mm 87.5° tee incorporates reliable solvent weld connections.",Drainage/Waste Pipe and Fittings/Waste Pipe Branches/Waste Pipe Branches.csv -> Wavin OsmaWeld 87.5deg ABS tee 40mm Black,,,https://www.wolseley.co.uk/wcsstore/ExtendedSitesCatalogAssetStore/images/products/AssetPush/wol-web-proof-medium-w/std.lang.all/67/54/NW-Q66754_wm.jpg,https://www.wolseley.co.uk/wcsstore/ExtendedSitesCatalogAssetStore/images/products/AssetPush/DTP_AssetPushHighRes/std.lang.all/ms/ds/Wavin_ABS_MSDS.pdf,https://www.wolseley.co.uk/wcsstore/ExtendedSitesCatalogAssetStore/images/products/AssetPush/DTP_AssetPushHighRes/std.lang.all/ti/on/Wavin_Osma_Soil-Waste_Installation.pdf,https://www.wolseley.co.uk/wcsstore/ExtendedSitesCatalogAssetStore/images/products/AssetPush/DTP_AssetPushHighRes/std.lang.all/ta/ll/Wavin_Osma_Waste_Water_Drain_Install.pdf,https://www.wolseley.co.uk/wcsstore/ExtendedSitesCatalogAssetStore/images/products/AssetPush/DTP_AssetPushHighRes/std.lang.all/br/cr/Wavin_Osma_RoundLine_Drainage_Brcr.pdf,https://www.wolseley.co.uk/wcsstore/ExtendedSitesCatalogAssetStore/images/products/AssetPush/DTP_AssetPushHighRes/std.lang.all/ca/te/Wavin_OsmaSoil_Waste_Certificate.pdf,,,,,,,,,,,,,,,,,,,,,,
79,PF68949,Polypipe 92.5deg swept tee 40mm White,Polypipe,5.36,"Suitable for domestic use, this Polypipe System 2000 swept tee is made of white MuPVC with 40mm solvent weld connections.",Drainage/Waste Pipe and Fittings/Waste Pipe Branches/Waste Pipe Branches.csv -> Polypipe 92.5deg swept tee 40mm White,,,https://www.wolseley.co.uk/wcsstore/ExtendedSitesCatalogAssetStore/images/products/AssetPush/wol-web-proof-medium-w/std.lang.all/89/49/NW-F68949_wm.jpg,https://www.wolseley.co.uk/wcsstore/ExtendedSitesCatalogAssetStore/images/products/AssetPush/DTP_AssetPushHighRes/std.lang.all/20/15/Polypipe_Building_Prod_Guide_May2015.pdf,,,,,,,,,,,,,,,,,,,,,,,,,,
80,PQ66586,Wavin Wavin Osma Waste 87.5deg tee 40mm White,Wavin,10.27,"Part of a reliable PVC-C waste system, this Wavin Osma Waste 40mm 87.5° waste tee in white can withstand high in-service temperatures. Suitable for both interior and exterior installation, this fitting is resistant to UV and has fire retardant properties.",Drainage/Waste Pipe and Fittings/Waste Pipe Branches/Waste Pipe Branches.csv -> Wavin Wavin Osma Waste 87.5deg tee 40mm White,,,https://www.wolseley.co.uk/wcsstore/ExtendedSitesCatalogAssetStore/images/products/AssetPush/wol-web-proof-medium-w/std.lang.all/65/86/NW-Q66586_wm.jpg,https://www.wolseley.co.uk/wcsstore/ExtendedSitesCatalogAssetStore/images/products/AssetPush/DTP_AssetPushHighRes/std.lang.all/ti/on/Wavin_Osma_Soil-Waste_Installation.pdf,https://www.wolseley.co.uk/wcsstore/ExtendedSitesCatalogAssetStore/images/products/AssetPush/DTP_AssetPushHighRes/std.lang.all/ms/ds/Wavin_PVC_U_Pipe_&_Fittings_MSDS.pdf,https://www.wolseley.co.uk/wcsstore/ExtendedSitesCatalogAssetStore/images/products/AssetPush/DTP_AssetPushHighRes/std.lang.all/ta/ll/Wavin_Osma_Waste_Water_Drain_Install.pdf,https://www.wolseley.co.uk/wcsstore/ExtendedSitesCatalogAssetStore/images/products/AssetPush/DTP_AssetPushHighRes/std.lang.all/br/cr/Wavin_Osma_RoundLine_Drainage_Brcr.pdf,https://www.wolseley.co.uk/wcsstore/ExtendedSitesCatalogAssetStore/images/products/AssetPush/DTP_AssetPushHighRes/std.lang.all/ca/te/Wavin_OsmaSoil_Waste_Certificate.pdf,,,,,,,,,,,,,,,,,,,,,,
81,PF24824,Marley Solvent Waste 88.5deg cross tee 40mm White,Marley,16.75,This Marley Solvent Waste 40mm 88.5° cross tee in white is suitable for both internal and external applications.,Drainage/Waste Pipe and Fittings/Waste Pipe Branches/Waste Pipe Branches.csv -> Marley Solvent Waste 88.5deg cross tee 40mm White,,,https://www.wolseley.co.uk/wcsstore/ExtendedSitesCatalogAssetStore/images/products/AssetPush/wol-web-proof-medium-w/std.lang.all/48/24/NW-F24824_wm.jpg,https://www.wolseley.co.uk/wcsstore/ExtendedSitesCatalogAssetStore/images/products/AssetPush/DTP_AssetPushHighRes/std.lang.all/ti/on/Marley_Soil-Waste_Installation.pdf,https://www.wolseley.co.uk/wcsstore/ExtendedSitesCatalogAssetStore/images/products/AssetPush/DTP_AssetPushHighRes/std.lang.all/hu/re/Marley_Soil-Waste_Brochure.pdf,,,,,,,,,,,,,,,,,,,,,,,,,
82,PQ65227,Wavin Osma Waste 87.5deg tee 32mm White,Wavin,5.7,"Easy to use, this Wavin Osma Waste 32mm 87.5° tee is made of white polypropylene, or PP. Reliable push-fit connections make this fitting simple and quick to install.",Drainage/Waste Pipe and Fittings/Waste Pipe Branches/Waste Pipe Branches.csv -> Wavin Osma Waste 87.5deg tee 32mm White,,,https://www.wolseley.co.uk/wcsstore/ExtendedSitesCatalogAssetStore/images/products/AssetPush/wol-web-proof-medium-w/std.lang.all/52/27/NW-Q65227_wm.jpg,https://www.wolseley.co.uk/wcsstore/ExtendedSitesCatalogAssetStore/images/products/AssetPush/DTP_AssetPushHighRes/std.lang.all/ti/on/Wavin_Osma_Soil-Waste_Installation.pdf,https://www.wolseley.co.uk/wcsstore/ExtendedSitesCatalogAssetStore/images/products/AssetPush/DTP_AssetPushHighRes/std.lang.all/ta/ll/Wavin_Osma_Waste_Water_Drain_Install.pdf,https://www.wolseley.co.uk/wcsstore/ExtendedSitesCatalogAssetStore/images/products/AssetPush/DTP_AssetPushHighRes/std.lang.all/br/cr/Wavin_Osma_RoundLine_Drainage_Brcr.pdf,https://www.wolseley.co.uk/wcsstore/ExtendedSitesCatalogAssetStore/images/products/AssetPush/DTP_AssetPushHighRes/std.lang.all/ca/te/Wavin_OsmaSoil_Waste_Certificate.pdf,https://www.wolseley.co.uk/wcsstore/ExtendedSitesCatalogAssetStore/images/products/AssetPush/DTP_AssetPushHighRes/std.lang.all/ms/ds/Wavin_PP_&_PE_MSDS.pdf,,,,,,,,,,,,,,,,,,,,,,
83,PF27409,MLY 32MMX88.5D ULTRA ABS TEE  WAT3:W,Marley,2.55,"This white Marley ABS Waste 88.5° tee with 32mm solvent weld connections is a lightweight, cost efficient choice for internal installations.",Drainage/Waste Pipe and Fittings/Waste Pipe Branches/Waste Pipe Branches.csv -> MLY 32MMX88.5D ULTRA ABS TEE  WAT3:W,,,https://www.wolseley.co.uk/wcsstore/ExtendedSitesCatalogAssetStore/images/products/AssetPush/wol-web-proof-medium-w/std.lang.all/74/09/NW-F27409_wm.jpg,https://www.wolseley.co.uk/wcsstore/ExtendedSitesCatalogAssetStore/images/products/AssetPush/DTP_AssetPushHighRes/std.lang.all/ti/on/Marley_Soil-Waste_Installation.pdf,https://www.wolseley.co.uk/wcsstore/ExtendedSitesCatalogAssetStore/images/products/AssetPush/DTP_AssetPushHighRes/std.lang.all/hu/re/Marley_Soil-Waste_Brochure.pdf,,,,,,,,,,,,,,,,,,,,,,,,,
84,PF23713,MLY 160X160MMX87.5D GREY SY601,Marley,132.48,"This Marley Push-Fit Soil 87.5° equal branch tee with 160mm push-fit x push-fit x plain end connections is made of grey PVC-U. Fast and simple to install, this fitting is suitable for most drainage jobs.",Drainage/Waste Pipe and Fittings/Waste Pipe Branches/Waste Pipe Branches.csv -> MLY 160X160MMX87.5D GREY SY601,,,https://www.wolseley.co.uk/wcsstore/ExtendedSitesCatalogAssetStore/images/products/AssetPush/wol-web-proof-medium-w/std.lang.all/37/13/NW-F23713_wm.jpg,https://www.wolseley.co.uk/wcsstore/ExtendedSitesCatalogAssetStore/images/products/AssetPush/DTP_AssetPushHighRes/std.lang.all/ti/on/Marley_Soil-Waste_Installation.pdf,https://www.wolseley.co.uk/wcsstore/ExtendedSitesCatalogAssetStore/images/products/AssetPush/DTP_AssetPushHighRes/std.lang.all/hu/re/Marley_Soil-Waste_Brochure.pdf,,,,,,,,,,,,,,,,,,,,,,,,,
85,PF27469,MLY 50MMX88.5D ULTRA ABS TEE  WAT5:W,Marley,6.71,"This white Marley ABS Waste 88.5° tee with 50mm solvent weld connections is a lightweight, cost efficient choice for internal installations.",Drainage/Waste Pipe and Fittings/Waste Pipe Branches/Waste Pipe Branches.csv -> MLY 50MMX88.5D ULTRA ABS TEE  WAT5:W,,,https://www.wolseley.co.uk/wcsstore/ExtendedSitesCatalogAssetStore/images/products/AssetPush/wol-web-proof-medium-w/std.lang.all/74/69/NW-F27469_wm.jpg,https://www.wolseley.co.uk/wcsstore/ExtendedSitesCatalogAssetStore/images/products/AssetPush/DTP_AssetPushHighRes/std.lang.all/ti/on/Marley_Soil-Waste_Installation.pdf,https://www.wolseley.co.uk/wcsstore/ExtendedSitesCatalogAssetStore/images/products/AssetPush/DTP_AssetPushHighRes/std.lang.all/hu/re/Marley_Soil-Waste_Brochure.pdf,,,,,,,,,,,,,,,,,,,,,,,,,
86,PF27441,40MM X 88.5D ULTRA ABS CROSS TEE WAT42:W,Marley,12.42,"This white Marley ABS Waste 88.5° cross tee with 40mm solvent weld connections is a lightweight, cost efficient choice for internal installations.",Drainage/Waste Pipe and Fittings/Waste Pipe Branches/Waste Pipe Branches.csv -> 40MM X 88.5D ULTRA ABS CROSS TEE WAT42:W,,,https://www.wolseley.co.uk/wcsstore/ExtendedSitesCatalogAssetStore/images/products/AssetPush/wol-web-proof-medium-w/std.lang.all/74/41/NW-F27441_wm.jpg,https://www.wolseley.co.uk/wcsstore/ExtendedSitesCatalogAssetStore/images/products/AssetPush/DTP_AssetPushHighRes/std.lang.all/ti/on/Marley_Soil-Waste_Installation.pdf,https://www.wolseley.co.uk/wcsstore/ExtendedSitesCatalogAssetStore/images/products/AssetPush/DTP_AssetPushHighRes/std.lang.all/hu/re/Marley_Soil-Waste_Brochure.pdf,,,,,,,,,,,,,,,,,,,,,,,,,
87,PF27439,MLY 40MMX88.5D ULTRA ABS TEE  WAT4:W,Marley,3.08,"This white Marley ABS Waste 88.5° tee with 40mm solvent weld connections is a lightweight, cost efficient choice for internal installations.",Drainage/Waste Pipe and Fittings/Waste Pipe Branches/Waste Pipe Branches.csv -> MLY 40MMX88.5D ULTRA ABS TEE  WAT4:W,,,https://www.wolseley.co.uk/wcsstore/ExtendedSitesCatalogAssetStore/images/products/AssetPush/wol-web-proof-medium-w/std.lang.all/74/39/NW-F27439_wm.jpg,https://www.wolseley.co.uk/wcsstore/ExtendedSitesCatalogAssetStore/images/products/AssetPush/DTP_AssetPushHighRes/std.lang.all/ti/on/Marley_Soil-Waste_Installation.pdf,https://www.wolseley.co.uk/wcsstore/ExtendedSitesCatalogAssetStore/images/products/AssetPush/DTP_AssetPushHighRes/std.lang.all/hu/re/Marley_Soil-Waste_Brochure.pdf,,,,,,,,,,,,,,,,,,,,,,,,,
88,PF27470,50MM X 45DEG ULTRA ABS TEE       WAT51:W,Marley,6.71,"This white Marley ABS Waste 45° tee with 50mm solvent weld connections is a lightweight, cost efficient choice for internal installations.",Drainage/Waste Pipe and Fittings/Waste Pipe Branches/Waste Pipe Branches.csv -> 50MM X 45DEG ULTRA ABS TEE       WAT51:W,,,https://www.wolseley.co.uk/wcsstore/ExtendedSitesCatalogAssetStore/images/products/AssetPush/wol-web-proof-medium-w/std.lang.all/74/70/NW-F27470_wm.jpg,https://www.wolseley.co.uk/wcsstore/ExtendedSitesCatalogAssetStore/images/products/AssetPush/DTP_AssetPushHighRes/std.lang.all/ti/on/Marley_Soil-Waste_Installation.pdf,https://www.wolseley.co.uk/wcsstore/ExtendedSitesCatalogAssetStore/images/products/AssetPush/DTP_AssetPushHighRes/std.lang.all/hu/re/Marley_Soil-Waste_Brochure.pdf,,,,,,,,,,,,,,,,,,,,,,,,,
89,PF36739,32MM X 88.5DEG PUSHFIT TEE       WPT31:W,Marley,3.91,"Offering quick, easy installation, this Marley Push-Fit Waste 32mm 88.5° tee in white is designed for internal use.",Drainage/Waste Pipe and Fittings/Waste Pipe Branches/Waste Pipe Branches.csv -> 32MM X 88.5DEG PUSHFIT TEE       WPT31:W,,,https://www.wolseley.co.uk/wcsstore/ExtendedSitesCatalogAssetStore/images/products/AssetPush/wol-web-proof-medium-w/std.lang.all/67/39/NW-F36739_wm.jpg,https://www.wolseley.co.uk/wcsstore/ExtendedSitesCatalogAssetStore/images/products/AssetPush/DTP_AssetPushHighRes/std.lang.all/ti/on/Marley_Soil-Waste_Installation.pdf,https://www.wolseley.co.uk/wcsstore/ExtendedSitesCatalogAssetStore/images/products/AssetPush/DTP_AssetPushHighRes/std.lang.all/hu/re/Marley_Soil-Waste_Brochure.pdf,,,,,,,,,,,,,,,,,,,,,,,,,
90,PF22463,82.4MM X87.5DEG ADJ BRANCH 3BOSS SY33F:B,Marley,39.91,"This Marley Push-Fit Soil 87.5° three boss branch tee with 82mm push-fit x push-fit x plain end connections is made of black PVC-U. Fast and simple to install, this fitting is suitable for most drainage jobs.",Drainage/Waste Pipe and Fittings/Waste Pipe Branches/Waste Pipe Branches.csv -> 82.4MM X87.5DEG ADJ BRANCH 3BOSS SY33F:B,,,https://www.wolseley.co.uk/wcsstore/ExtendedSitesCatalogAssetStore/images/products/AssetPush/wol-web-proof-medium-w/std.lang.all/24/63/NW-F22463_wm.jpg,https://www.wolseley.co.uk/wcsstore/ExtendedSitesCatalogAssetStore/images/products/AssetPush/DTP_AssetPushHighRes/std.lang.all/ti/on/Marley_Soil-Waste_Installation.pdf,https://www.wolseley.co.uk/wcsstore/ExtendedSitesCatalogAssetStore/images/products/AssetPush/DTP_AssetPushHighRes/std.lang.all/hu/re/Marley_Soil-Waste_Brochure.pdf,,,,,,,,,,,,,,,,,,,,,,,,,
91,PF27471,MLY 50MMX88.5D ULTRA ABS CROSS T WAT52:W,Marley,14.23,"This white Marley ABS Waste 88.5° cross tee with 50mm solvent weld connections is a lightweight, cost efficient choice for internal installations.",Drainage/Waste Pipe and Fittings/Waste Pipe Branches/Waste Pipe Branches.csv -> MLY 50MMX88.5D ULTRA ABS CROSS T WAT52:W,,,https://www.wolseley.co.uk/wcsstore/ExtendedSitesCatalogAssetStore/images/products/AssetPush/wol-web-proof-medium-w/std.lang.all/74/71/NW-F27471_wm.jpg,https://www.wolseley.co.uk/wcsstore/ExtendedSitesCatalogAssetStore/images/products/AssetPush/DTP_AssetPushHighRes/std.lang.all/ti/on/Marley_Soil-Waste_Installation.pdf,https://www.wolseley.co.uk/wcsstore/ExtendedSitesCatalogAssetStore/images/products/AssetPush/DTP_AssetPushHighRes/std.lang.all/hu/re/Marley_Soil-Waste_Brochure.pdf,,,,,,,,,,,,,,,,,,,,,,,,,
92,PF36839,40MM X 88.5DEG PUSHFIT TEE       WPT41:W,Marley,4.05,"Offering quick and easy installation, the Marley Push-Fit Waste 40mm 88.5° tee in white is designed for internal use.",Drainage/Waste Pipe and Fittings/Waste Pipe Branches/Waste Pipe Branches.csv -> 40MM X 88.5DEG PUSHFIT TEE       WPT41:W,,,https://www.wolseley.co.uk/wcsstore/ExtendedSitesCatalogAssetStore/images/products/AssetPush/wol-web-proof-medium-w/std.lang.all/68/39/NW-F36839_wm.jpg,https://www.wolseley.co.uk/wcsstore/ExtendedSitesCatalogAssetStore/images/products/AssetPush/DTP_AssetPushHighRes/std.lang.all/ti/on/Marley_Soil-Waste_Installation.pdf,https://www.wolseley.co.uk/wcsstore/ExtendedSitesCatalogAssetStore/images/products/AssetPush/DTP_AssetPushHighRes/std.lang.all/hu/re/Marley_Soil-Waste_Brochure.pdf,,,,,,,,,,,,,,,,,,,,,,,,,
